CREATE SCHEMA SILUTEL;
SET search_path TO SILUTEL;

CREATE TABLE SILUTEL.USER (
	Email VARCHAR(35) NOT NULL,
	Nama VARCHAR(35) NOT NULL,
	Alamat VARCHAR(100) NOT NULL,
	Password VARCHAR(20) NOT NULL,
	Role CHARACTER(2) NOT NULL,
	PRIMARY KEY (Email)
);

CREATE TABLE SILUTEL.USER_TELEPON (
	Email VARCHAR(35) NOT NULL,
	Telepon VARCHAR(20) NOT NULL,
	PRIMARY KEY (Email, Telepon),
	FOREIGN KEY (Email) REFERENCES SILUTEL.USER(Email) ON DELETE CASCADE ON UPDATE CASCADE
);

CREATE TABLE SILUTEL.STAF_LAUNDRY (
	Email VARCHAR(35) NOT NULL,
	Lantai SMALLINT NOT NULL,
	PRIMARY KEY (Email),
	FOREIGN KEY (Email) REFERENCES SILUTEL.USER(Email) ON DELETE CASCADE ON UPDATE CASCADE
);

CREATE TABLE SILUTEL.STAF_INVENTORI_KAMAR (
	Email VARCHAR(35) NOT NULL,
	JamTerbang SMALLINT NOT NULL,
	PRIMARY KEY (Email),
	FOREIGN KEY (Email) REFERENCES SILUTEL.USER(Email) ON DELETE CASCADE ON UPDATE CASCADE
);

CREATE TABLE SILUTEL.LAUNDRY_STAF_LAUNDRY(
	EmailStaf VARCHAR(35) NOT NULL,
	Waktu TIMESTAMP NOT NULL,
	Total INTEGER NOT NULL,
	PRIMARY KEY (EmailStaf, Waktu),
	FOREIGN KEY (EmailStaf) REFERENCES STAF_LAUNDRY(Email) ON DELETE CASCADE ON UPDATE CASCADE
);

CREATE TABLE SILUTEL.TAMU(
	Id VARCHAR(20) NOT NULL,
	Nama VARCHAR(35) NOT NULL,
	Alamat VARCHAR(100) NOT NULL,
	PRIMARY KEY (Id)
);

CREATE TABLE SILUTEL.TAMU_TELEPON(
	IdTamu VARCHAR(20) NOT NULL,
	Telepon VARCHAR(20) NOT NULL,
	PRIMARY KEY (IdTamu, Telepon),
	FOREIGN KEY (IdTamu) REFERENCES TAMU(Id) ON DELETE CASCADE ON UPDATE CASCADE
);

CREATE TABLE SILUTEL.INVOICE(
	NomorInvoice CHAR(6) PRIMARY KEY,
	TanggalDatang TIMESTAMP NOT NULL,
	TanggalPergi TIMESTAMP NOT NULL,
	Jumlah SMALLINT NOT NULL,
	IdTamu VARCHAR(20) NOT NULL,
	Discount INT NOT NULL,
	Total INT NOT NULL,
	FOREIGN KEY (IdTamu) REFERENCES TAMU(Id) ON DELETE CASCADE ON UPDATE CASCADE
);

CREATE TABLE SILUTEL.TIPE_KAMAR(
	Nama VARCHAR(20) PRIMARY KEY,
	Kapasitas SMALLINT NOT NULL,
	Deskripsi VARCHAR(100) NOT NULL,
	Harga INT NOT NULL,
	JumlahRuangan SMALLINT NOT NULL
);

CREATE TABLE SILUTEL.KAMAR(
    Nomor SMALLINT NOT NULL,
    Lantai SMALLINT NOT NULL,
    NamaTipeKamar VARCHAR(20) NOT NULL,
	PRIMARY KEY (Nomor, Lantai),
	FOREIGN KEY (NamaTipeKamar) REFERENCES TIPE_KAMAR(Nama) ON DELETE CASCADE ON UPDATE CASCADE
);

CREATE TABLE SILUTEL.INVOICE_KAMAR(
    NomorInvoice CHAR(6) NOT NULL,
    NomorKamar SMALLINT NOT NULL,
    LantaiKamar SMALLINT NOT NULL,
    PRIMARY KEY (NomorInvoice, NomorKamar, LantaiKamar),
	FOREIGN KEY (NomorInvoice) REFERENCES INVOICE(NomorInvoice) ON DELETE CASCADE ON UPDATE CASCADE,
	FOREIGN KEY (NomorKamar, LantaiKamar) REFERENCES KAMAR(Nomor, Lantai) ON DELETE CASCADE ON UPDATE CASCADE
);

CREATE TABLE SILUTEL.INVENTORI(
	Nama VARCHAR(20) NOT NULL,
	Merk VARCHAR(20) NOT NULL,
	Stok SMALLINT NOT NULL,
	PRIMARY KEY (Nama, Merk)
);

CREATE TABLE SILUTEL.INVENTORI_TIPE_KAMAR(
	NamaTipeKamar VARCHAR(20) NOT NULL,
	NamaInventori VARCHAR(20) NOT NULL,
	Merk VARCHAR(20) NOT NULL,
	Jumlah SMALLINT NOT NULL,
	PRIMARY KEY (NamaTipeKamar, NamaInventori, Merk),
	FOREIGN KEY (NamaTipeKamar) REFERENCES TIPE_KAMAR(Nama) ON DELETE CASCADE ON UPDATE CASCADE,
	FOREIGN KEY (NamaInventori, Merk) REFERENCES INVENTORI(Nama, Merk) ON DELETE CASCADE ON UPDATE CASCADE
);

CREATE TABLE SILUTEL.LAUNDRY_INVENTORI(
	Nama VARCHAR(20) NOT NULL,
	Merk VARCHAR(20) NOT NULL,
	EmailStaf VARCHAR(35) NOT NULL,
	Waktu TIMESTAMP NOT NULL,
	Jumlah SMALLINT NOT NULL,
	HargaSatuan INTEGER NOT NULL,
	TanggalAmbil TIMESTAMP NOT NULL,
	PRIMARY KEY (Nama, Merk, EmailStaf, Waktu),
	FOREIGN KEY (Nama, Merk) REFERENCES INVENTORI(Nama, Merk) ON UPDATE CASCADE ON DELETE CASCADE,
	FOREIGN KEY (EmailStaf, Waktu) REFERENCES LAUNDRY_STAF_LAUNDRY(EmailStaf, Waktu) ON UPDATE CASCADE ON DELETE CASCADE
);

CREATE TABLE SILUTEL.SUPPLIER(
	Nama VARCHAR(35) NOT NULL,
    Alamat VARCHAR(100) NOT NULL,
    Email VARCHAR(35) NOT NULL,
    PRIMARY KEY (Nama)
);

CREATE TABLE SILUTEL.SUPPLIER_TELEPON(
    Nama VARCHAR(35) NOT NULL,
    Telepon VARCHAR(20) NOT NULL,
    PRIMARY KEY (Nama, Telepon),
    FOREIGN KEY (Nama) REFERENCES SUPPLIER(Nama) ON UPDATE CASCADE ON DELETE CASCADE
);

CREATE TABLE SILUTEL.PEMBELIAN(
    NomorNota CHAR(6) NOT NULL,
    Waktu TIMESTAMP NOT NULL,
    NamaSupplier VARCHAR(35),
    EmailStaf VARCHAR(35),
    PRIMARY KEY (NomorNota),
    FOREIGN KEY (NamaSupplier) REFERENCES SUPPLIER(Nama) ON UPDATE CASCADE ON DELETE CASCADE,
    FOREIGN KEY (EmailStaf) REFERENCES STAF_INVENTORI_KAMAR ON UPDATE CASCADE ON DELETE CASCADE
);

CREATE TABLE SILUTEL.PEMBELIAN_INVENTORI(
    NomorNota CHAR(6) NOT NULL,
    Nama VARCHAR(20) NOT NULL,
    Merk VARCHAR(20) NOT NULL,
    Jumlah SMALLINT NOT NULL,
    HargaSatuan INTEGER NOT NULL,
    PRIMARY KEY (NomorNota, Nama, Merk),
    FOREIGN KEY (NomorNota) REFERENCES PEMBELIAN(NomorNota) ON UPDATE CASCADE ON DELETE CASCADE,
    FOREIGN KEY (Nama, Merk) REFERENCES INVENTORI(Nama, Merk) ON UPDATE CASCADE ON DELETE CASCADE
);

CREATE TABLE SILUTEL.STAF_MENGGANTI_INVENTORI(
    Nama VARCHAR(20) NOT NULL,
    Merk VARCHAR(20) NOT NULL,
    EmailStaf VARCHAR(35) NOT NULL,
    Waktu TIMESTAMP NOT NULL,
    Jumlah SMALLINT NOT NULL,
    Alasan TEXT,
    PRIMARY KEY (Nama, Merk, EmailStaf),
    FOREIGN KEY (Nama, Merk) REFERENCES INVENTORI(Nama, Merk) ON UPDATE CASCADE ON DELETE CASCADE,
    FOREIGN KEY (EmailStaf) REFERENCES STAF_INVENTORI_KAMAR
);

INSERT INTO SILUTEL.USER VALUES('chgOSMO9beLW12iw8@foo.bar','w8s3v4bAO','tp0LuntkwVjJh2LHBDT07pUgbpoFfWuuPyQPfEMDiHELcPqU3YSHsiVn980tbnQN8D1rVEfptPMvYu4doVthli22UI6syP','gsvr3QUlhCMK5T','DA');
INSERT INTO SILUTEL.USER VALUES('meIxZ8@lalala.com','T4hCtdGrlTTTDzGo1hD9rDgjPbDpJut0','k8xPQha7ZYmu9kp06XAvtdkD7FJVfYBD2Z8nt4QvlUbDgo9OBkhBbpD9VpyzCa3SamchuGkplI21cvxQKmhuf','fB1NEYj0kp4Fu2hGncL','IN');
INSERT INTO SILUTEL.USER VALUES('xMN3yZQ6yQGyH3p8n85@foo.bar','wJskH2zAytPm0w0y','ofzi','QdcZ0JArFx0','LA');
INSERT INTO SILUTEL.USER VALUES('V2V1Jw1f2UGZbd2@ui.ac.id','0lCxJXSf0EZ2','L2YbceWQDunziiRAB44NVLeIeuCFY4WuTZBLnp3dewbbUf9zO48qAp1r2xf6BdnzFYUBNgGbxYs18MeTo90','ebHF8vgQHW','IN');
INSERT INTO SILUTEL.USER VALUES('KRugD2q4@ui.ac.id','ibFP','aqFbS8yLZvxfJAbrWudgCLWzxRH3Tn2z7W','eap70TM5BPR','LA');
INSERT INTO SILUTEL.USER VALUES('3mhycy3Iq@foo.bar','XoOk41','Ii4MrWyRzrn2nId','TP2Itsqrrrt6p1oEKS','LA');
INSERT INTO SILUTEL.USER VALUES('4zef2rzd1CKy1EXBUqYZ@foo.bar','19gBbC5MaxcvJKPEMvCQ8OY2cY3g1ApJNe','t2dsAM4Uks0pltiqmmjV7bPW9mcsjN2','1FW94BxGfbb','MG');
INSERT INTO SILUTEL.USER VALUES('2fW60obezwAe@lalala.com','4idwd8udGlpnotaCuWIB8E3Vlain3dwsUMp','WSgIr9nyXKdavFv6oRcQy8SIvCPhhCT0jXluP3wRaD1JDwZmrFIVO51dm','AZHoWw6R','LA');
INSERT INTO SILUTEL.USER VALUES('l8jyPviunCM2h@ui.ac.id','WUD6a5LZiWjRASHdumYv','eYE8GkjOacgUnX5jnxV11h8btSgxZ6OrSouakcg5SumLJQsFpKHAJuNn','0fFN51P5fVTmF9wSmc','LA');
INSERT INTO SILUTEL.USER VALUES('kMugpEIW4Rpjfm@lalala.com','cE0CcNkRVF1qYNHXoh6B9qzWl7j7xHUN','beh3g66KEsy9kU7WI4pG','XuLvD34N3WqS4F6kKsG','LA');
INSERT INTO SILUTEL.USER VALUES('Q@lalala.com','xxqPgenRBvd0DcKkN2q9UFYjN7zgGx7mwF','f5dbW7LcfnGUT30eLB1e1ybiui0tLAqoMSv3y91STgUmmAYzlXhdk10oYrPV4','fD3ldSSLkp3GMb','LA');
INSERT INTO SILUTEL.USER VALUES('mWfrUHmy57nElgrsH066@lalala.com','8Col9RITUhZKFBgzQsCDPt','t8FFX0WS3UrAxUDpFpNeGLAQoIkh62Z2wAqYqCVBrxDsk0bYsjzm12VYgpCFgxfSrVCieJ1aU4GbHLlYGB','VZZB85hPOoVh2R0nRv','IN');
INSERT INTO SILUTEL.USER VALUES('N8ibZ2QK6YoTy2alX@ui.ac.id','mg84R9C92bEWhyb0kC','hsUtLMVwBVB8wLPmzFiSZcnOT2O49GtHUuHXuZaVcNnq3rrwLeQK2ImHRo2NTB0yG9a0SvsuEr5h','1ANJcbRn','LA');
INSERT INTO SILUTEL.USER VALUES('ey0q@ui.ac.id','QzIiKHFzjGBbGrxrmDtGCHg','Ut1NjeD7Cdvx2dKLKRTy4y6lOsWVyYOmhVMwwxkENU','spG5WsbM','IN');
INSERT INTO SILUTEL.USER VALUES('UkDA@ui.ac.id','NMDgvQ0ViXcfrnly','J4qPGSiQDyrGIx6hHdnx6','8Yf9s9nC4CnqhoKD','LA');
INSERT INTO SILUTEL.USER VALUES('U@ui.ac.id','37ceIDbWxA5Om0qy3','AeR4HdnyFjduKurqyL','xswJe','IN');
INSERT INTO SILUTEL.USER VALUES('lAWzH3ro7BsXVq0vb@foo.bar','tREJgxbywO6MD4Yw1a2cvLQLl','1YdYoLjnYE2q9hyNZVj7wcZEr0vDUnljoPu3IW8sOZvTwiKzOJrqAB','kI','DA');
INSERT INTO SILUTEL.USER VALUES('dfcrckeGS4zDmi0ahfYJ@ui.ac.id','yRv0KaHx','QxuKW2x5biLfSNJ58HDFMBMNzPLymXF9mPk1fd0dJkFw3Vdzx2rAlSs3I0OmZXoqhPdxw4nyc533WBBl7fz6Lauhzb','2XcION7iG8gmsKKC','LA');
INSERT INTO SILUTEL.USER VALUES('UGEViBAfyksCirAVFA@foo.bar','NdYaiBdEwkdgSreQjY9GOnWzhG','IdBODc8R8JoP6Q4LJ4wlRVaCIIG','8D2VwB','MG');
INSERT INTO SILUTEL.USER VALUES('46wAn@ui.ac.id','rFiTzC7Y','ROAoYU1INV0Vb0UrF4Qhl3M81Cg','8','LA');
INSERT INTO SILUTEL.USER VALUES('uVhz4CKQ42vOHN@lalala.com','47zfQdPbtiYltgo291zPBRGn4L6HDlR22','GtVv0A5MSNmWTFwXYO7iVP9wveFFoMaPHrnJywLx0q7G7DHaWhLzLC59NVioQ','xmbbHVS3E0zvLnAbj','DA');
INSERT INTO SILUTEL.USER VALUES('sgwNEXlIFth3Ho@ui.ac.id','bbTOa4jsXBc5J4WeyV','7QQkIT3sMRG0oBbr5ScEXEd8HD4JkBjhEUG489cDom1YbIiOOpDbU4C0ezwJLRMt3iMZCe6hsj8pC6VTkXR','tiaqsEOvNyi0fAlNty','IN');
INSERT INTO SILUTEL.USER VALUES('WqlPc@ui.ac.id','ZhWPNV50Iqqtf414CQ5cL','mN8wWKkKXAHQzP78VdWI2FlVDdpxXpurkQ7pQYNHfNOpOUoGPucGoMjOCubvXLVck4uSVHT5BAoi0Ub2yQUg','hnoLs1zEyxIs','IN');
INSERT INTO SILUTEL.USER VALUES('Efg@foo.bar','drKcpP','yHGKmQqmZBILLSrstNt805L2IvDZZp1mwcefdOPSuPc1tIih5QGaNwSuZNLYyr3Mzi4OrLwGblXpv','sVGukxWldP','IN');
INSERT INTO SILUTEL.USER VALUES('Aaou1IB66@foo.bar','zuLYCr5KtwIoJYPPEhCNtFeim5nXn7R0DX','jip9lOFVMktA8sBKZy2gmk0dNUK6mIa9Jk25g0aCodUs8k8JWRWa','z1aj7PC3AzqKJ4p','DA');
INSERT INTO SILUTEL.USER VALUES('pVDuqF2vMYcaYXtP@foo.bar','nrJDoVrFhVchR9BUK8hTWi','QpsPdc8jqMMbmdP82YeKUn7fImSpMcY1ydgKfTQqdjDeNn2tE28355gdN5bf7','TeBZFnXyGK66d2QC','IN');
INSERT INTO SILUTEL.USER VALUES('rW3v002vW@lalala.com','enylaiMLIJF','pc5miaJDd5WUxaP5K2U2cTslVpHU','KpMeXksy27428QHp','LA');
INSERT INTO SILUTEL.USER VALUES('RLr7@lalala.com','RrfIpUZ','88WLQ0YXVf2igyY0Z3SmfJAghHkI02cRg7qskgAJTv9AaEMKLGOro4U5BkOch7xBslsjXMNG56yTAY','FyY9bg41','IN');
INSERT INTO SILUTEL.USER VALUES('sgT5fZpMPlCNH@foo.bar','a6fkEXajL','9F6RUUcuKmSFwWujL1VG2FHJi7IhgHKE3x9DD4CvPY5haVklGxtQLEEXoNj','DoYaee','LA');
INSERT INTO SILUTEL.USER VALUES('pmHnbQz5@lalala.com','OGLoGlnoCo2pgNNeZUvC','v7SsLyU4Gou4gcmL2ylt7X06mVXSAP9I3Xc4hlk2OJC6eP5KqbQnslVbahtgB682DT5FRwDrNWurklA38lfuaFPzNIs6F','0FBep82iGfM9','IN');
INSERT INTO SILUTEL.USER VALUES('R2pM@lalala.com','iAcVJpBJfTI2WJyT0Geb','eV48vwgcNcBlr8cxPfgxTWOYCG','DzOasANHfyCobU58YHKO','IN');
INSERT INTO SILUTEL.USER VALUES('Ys1HmZSiZKCOOms@lalala.com','caOepl96aFrlSayh201md9','ML9BwzLPjOUaMeeANNSHjwGi6gcj8uYMV8Uuhcijmf9M9jE','pfc9c2MspBevE','LA');
INSERT INTO SILUTEL.USER VALUES('xkVqDjqMjk545YGQ@ui.ac.id','SEq8P7GmsT1fsJ2pShnWe4rGhksVtc6GK','oWoKgvZup2','vuhU1e','IN');
INSERT INTO SILUTEL.USER VALUES('eMGb4PL1GaPF4hhqQ@lalala.com','zUe','q4q7a7','g','IN');
INSERT INTO SILUTEL.USER VALUES('7ny1ZHCmIGFp1Xia1Z8S@ui.ac.id','vlrhHlJ4LjkUzbieOe3spnCgQejDMwS6ICy','MuJU','7ERF','IN');
INSERT INTO SILUTEL.USER VALUES('q9FPK9mKZe6SE7X@lalala.com','RZKqbh1sHPlPKGkHdgzZOesnV8p3MHPPf','XBZPL9BfcGLPwEGaZ6E563SmFzHCHx','Aqo0iLSUDs4Jal3','LA');
INSERT INTO SILUTEL.USER VALUES('Ky0QDIc5kbVMLayp3b@foo.bar','cGEr9l7R19DK1HdT1zuoP','mBczlbfV1WVr7pDyV3IK3XmMPg4WnqZozMoahZ5dv18kH1V76xE5sH9M0Dr','hAu8f','LA');
INSERT INTO SILUTEL.USER VALUES('dtCKzdTOCw5lC9ogx@foo.bar','QJyHaHikafewDwvaLnF0wuBds66B','mrhFELbaiCRcJBpv9VplvBZ7i4hTxtGoKnKgcy23pl9VaNpeLdysz2TcM8JPmnQkD','gUI4bb','LA');
INSERT INTO SILUTEL.USER VALUES('C9Sf4dGefEM2Zu@lalala.com','yrfQD5X2Ui','axuwpH3p9wXS0nKIeuehE7wY2AwbcUVBiQhmOCzDNT0LnB3xdyCKQaCqUxocsVJW2f9R84WOCdLaKOBgsBXQEq','Axe38BvavyXH4lP','IN');
INSERT INTO SILUTEL.USER VALUES('IXyRwuTK1@ui.ac.id','Bc6jLR72g4tWzk','UUixLmypRO7dzxu6nKUHUlO4XOBTVB5ozDLOjiAibiYgmiIDlZS','cNEW8Xk','IN');
INSERT INTO SILUTEL.USER VALUES('J@ui.ac.id','UCsNSjiI9R5TlW5','WEEQo','MwLRFSn9oCQPdz','DA');
INSERT INTO SILUTEL.USER VALUES('knYFMbY@ui.ac.id','t4','w','yaxJeTPTnRFaP3','IN');
INSERT INTO SILUTEL.USER VALUES('QtP8dTEMJjmcvp41@foo.bar','jq15RWkZrESzqOpc8NTLP5Hb9f','zOEyd1yu2gvx3seLkrylZWzsqaArsBPIVLIYxYagHRPdDHcEFG1qwkRu0a1dczaoTMuL2CAU5axSWlGzaJwWPsXkwcX','LlrkAmeEmnsW','LA');
INSERT INTO SILUTEL.USER VALUES('XDlVu@foo.bar','yloxTWrNkw81KiY','jkTQqrXXDm0DBQzoW5aFMegDgeKNAqnn7uAUKfcltH14CwscAox6x5ZzJw87','8TrjdxFMGbT','LA');
INSERT INTO SILUTEL.USER VALUES('aosQiByEshunw@foo.bar','hzUdAIWVlENXtD3O1HwsSRH','Bkcc8kyfAwUOPuialis7GCUtG1bs87zJ6qExvsqlhNu0RN28f7Kg7ONWs9ZQ7yuIhtlC3Q','scRXLIkTPqxIfqEpBNj','IN');
INSERT INTO SILUTEL.USER VALUES('fwkI@foo.bar','RvI7LQkgYkNBPBivj','o40eXsnGpcutFR3eMjLUTURKXkDgEfhmJTGjsH8NH7M1YhMWHzN9HsmzIYU6TWNAMHHzgTrXUleroA6Y8kw3uBGio','5','IN');
INSERT INTO SILUTEL.USER VALUES('1z1n0@lalala.com','GVlCPfGUTnOIQNeUU84ZcVCnSHrb','Fco34YSbPxPrDugCNIPs8fZosdvAHU82UkwO','VldP5F8hKbQoLf','IN');
INSERT INTO SILUTEL.USER VALUES('6bvYVzQ7SQJ@ui.ac.id','b9roTX','vbb4rbCF9Dxwys5D77P8AoSPjjYoSsFpC','c4hY1gvw','DA');
INSERT INTO SILUTEL.USER VALUES('5I@foo.bar','7N16twHCeDmbEWmZuDv','ZkYpAkQzgosTaaLxg20rZ89wW5LeTRKxKV7XNqRLP3aizsIPBsKs9u2BTOABC5aGQBUVDl','gTWNtwW7N','LA');
INSERT INTO SILUTEL.USER VALUES('o5BHy@ui.ac.id','Afq4wJ9G8uyAKQNj6Os4mmbsWSfx2oDY','wZaxZUKGUsaVqvKOUNAJ4r9BuN4k3HTaXmq1XkwskfRR3C0KU57Cc0Q4BEhBfydRCmWLuV','v5qQlQDka','LA');
INSERT INTO SILUTEL.USER VALUES('OzFW4m8D5@lalala.com','cRWEJ67gPFl','LE7VaBQqt8JWSMMwPZWFGBviwBPVkjQcPrynlduu61V5UCVo8GE3hZA7TZGBXBao3eXlyDDqvv','fB','LA');
INSERT INTO SILUTEL.USER VALUES('17bK2USsxnPLjwCUGL@lalala.com','SOHquizLGPfFl','YqQGNcgypfOZvKKchlo8OIrhrLIzgP3VSif5v2u4Trj5P0Nnx1cUbL4K0qoCerGQj','SncQWTH06Y4KwNPN7yt','LA');
INSERT INTO SILUTEL.USER VALUES('m@ui.ac.id','Ckd6Rs0HgSLlP0XgCNxH2vqCYJAgGxh','yjey0yWKrL6uYKEZV1deVuhA1w99pINPBCgqJufPS4yFHmImRjxJFIMlY8N0C99o9Q4wNFxCIKTygA1fvmeW2kQKpt5m3Bd','SC0','DA');
INSERT INTO SILUTEL.USER VALUES('pyY0OlQI7n@foo.bar','LQo0RZp','7rYNCmMzGTOCq2ceI5b7Odp4Dm2wqnYMPrTxpaRrKNOnVqccFqsrow5UI28Kv7KfH5P7GVh5i0j8Vaezz','PoeDuuMSpT','IN');
INSERT INTO SILUTEL.USER VALUES('7Oyk9ng@foo.bar','Qt4u37f88L8xt2y6JCzj0Ck8y','rrfkj85TwLIZvIGqMVd9APzQbqRUtXvtOtqyGS4ArlhRC2R0YM1pXAnK8ATBAOlT7oOytLS4','2TGcb','LA');
INSERT INTO SILUTEL.USER VALUES('2GJN7vHDVIjj@lalala.com','zFy9g5MCyQILpowMCk9sfqa','axLhLurkrLw09YcqUfkAHas0006','IEapUrMt8efg61AXg','LA');
INSERT INTO SILUTEL.USER VALUES('z18AvImuDqr@ui.ac.id','gNQ0JDvawU0rWS','Z0hFooGFiaWECtcl9X4T3J8ODi5g0Y8PfrWwaE1UtBmzIR3ARETCUuNCkieuaZITpQpRar3c6CjCPph1i2WE29MY','0fQvIyB7j8JLBXN','IN');
INSERT INTO SILUTEL.USER VALUES('N49nc08osakm8vLSHdZP@ui.ac.id','SZItiWJo','AbVIPxSnC4b0NsRyeqQbO60RaZmMp7ewhXke7M29xjdLIlk6Lgn','u3Rk6EB3DE3W3uLN','IN');
INSERT INTO SILUTEL.USER VALUES('5NSaSlE8CQWa@foo.bar','bANt85Avh','vbGnLCAO0LeP7bkkS1sG4annnvhV6ilKL4KFklEOuU1myhWG6bQTBSQ3Ucoc1UqwhYdrZGfndIKHqpYZfjs','1','IN');
INSERT INTO SILUTEL.USER VALUES('JZQVSvIovO@ui.ac.id','m7n8','HEt5LuD3eBp193GDhl','sJVQR5VcDj','MG');
INSERT INTO SILUTEL.USER_TELEPON VALUES('dfcrckeGS4zDmi0ahfYJ@ui.ac.id','401477293680');
INSERT INTO SILUTEL.USER_TELEPON VALUES('KRugD2q4@ui.ac.id','2309043563689059');
INSERT INTO SILUTEL.USER_TELEPON VALUES('1z1n0@lalala.com','74472960');
INSERT INTO SILUTEL.USER_TELEPON VALUES('dtCKzdTOCw5lC9ogx@foo.bar','3135172800484');
INSERT INTO SILUTEL.USER_TELEPON VALUES('3mhycy3Iq@foo.bar','0');
INSERT INTO SILUTEL.USER_TELEPON VALUES('WqlPc@ui.ac.id','72589289373774284821');
INSERT INTO SILUTEL.USER_TELEPON VALUES('UGEViBAfyksCirAVFA@foo.bar','5856452618994710');
INSERT INTO SILUTEL.USER_TELEPON VALUES('pmHnbQz5@lalala.com','84465902416400052337');
INSERT INTO SILUTEL.USER_TELEPON VALUES('R2pM@lalala.com','49324451414629573490');
INSERT INTO SILUTEL.USER_TELEPON VALUES('mWfrUHmy57nElgrsH066@lalala.com','922292096851629046');
INSERT INTO SILUTEL.USER_TELEPON VALUES('RLr7@lalala.com','39922748187');
INSERT INTO SILUTEL.USER_TELEPON VALUES('5I@foo.bar','732273863490767175');
INSERT INTO SILUTEL.USER_TELEPON VALUES('UkDA@ui.ac.id','74848214471533785');
INSERT INTO SILUTEL.USER_TELEPON VALUES('lAWzH3ro7BsXVq0vb@foo.bar','2326885');
INSERT INTO SILUTEL.USER_TELEPON VALUES('chgOSMO9beLW12iw8@foo.bar','24454858764433527');
INSERT INTO SILUTEL.USER_TELEPON VALUES('JZQVSvIovO@ui.ac.id','885721198116');
INSERT INTO SILUTEL.USER_TELEPON VALUES('pVDuqF2vMYcaYXtP@foo.bar','116786121952085343');
INSERT INTO SILUTEL.USER_TELEPON VALUES('7Oyk9ng@foo.bar','870597011');
INSERT INTO SILUTEL.USER_TELEPON VALUES('UGEViBAfyksCirAVFA@foo.bar','036808844922699');
INSERT INTO SILUTEL.USER_TELEPON VALUES('4zef2rzd1CKy1EXBUqYZ@foo.bar','3713431211291066');
INSERT INTO SILUTEL.USER_TELEPON VALUES('N8ibZ2QK6YoTy2alX@ui.ac.id','99681561442689');
INSERT INTO SILUTEL.USER_TELEPON VALUES('kMugpEIW4Rpjfm@lalala.com','2317114101248');
INSERT INTO SILUTEL.USER_TELEPON VALUES('1z1n0@lalala.com','34210656');
INSERT INTO SILUTEL.USER_TELEPON VALUES('UGEViBAfyksCirAVFA@foo.bar','774680153');
INSERT INTO SILUTEL.USER_TELEPON VALUES('N49nc08osakm8vLSHdZP@ui.ac.id','865730833');
INSERT INTO SILUTEL.USER_TELEPON VALUES('J@ui.ac.id','1741542579965291239');
INSERT INTO SILUTEL.USER_TELEPON VALUES('Aaou1IB66@foo.bar','300455349178796');
INSERT INTO SILUTEL.USER_TELEPON VALUES('5NSaSlE8CQWa@foo.bar','57101272');
INSERT INTO SILUTEL.USER_TELEPON VALUES('V2V1Jw1f2UGZbd2@ui.ac.id','95154155');
INSERT INTO SILUTEL.USER_TELEPON VALUES('2fW60obezwAe@lalala.com','970977472');
INSERT INTO SILUTEL.USER_TELEPON VALUES('uVhz4CKQ42vOHN@lalala.com','4644761427219798');
INSERT INTO SILUTEL.USER_TELEPON VALUES('6bvYVzQ7SQJ@ui.ac.id','30');
INSERT INTO SILUTEL.USER_TELEPON VALUES('5I@foo.bar','185513256140773018');
INSERT INTO SILUTEL.USER_TELEPON VALUES('dtCKzdTOCw5lC9ogx@foo.bar','953072103838537');
INSERT INTO SILUTEL.USER_TELEPON VALUES('ey0q@ui.ac.id','324499705431851634');
INSERT INTO SILUTEL.USER_TELEPON VALUES('2GJN7vHDVIjj@lalala.com','12385697625787');
INSERT INTO SILUTEL.USER_TELEPON VALUES('fwkI@foo.bar','94649365581566');
INSERT INTO SILUTEL.USER_TELEPON VALUES('eMGb4PL1GaPF4hhqQ@lalala.com','544855879689917173');
INSERT INTO SILUTEL.USER_TELEPON VALUES('xkVqDjqMjk545YGQ@ui.ac.id','43829546479790998');
INSERT INTO SILUTEL.USER_TELEPON VALUES('o5BHy@ui.ac.id','774878');
INSERT INTO SILUTEL.USER_TELEPON VALUES('OzFW4m8D5@lalala.com','472897567');
INSERT INTO SILUTEL.USER_TELEPON VALUES('QtP8dTEMJjmcvp41@foo.bar','58773277153546');
INSERT INTO SILUTEL.USER_TELEPON VALUES('q9FPK9mKZe6SE7X@lalala.com','049500215794074593');
INSERT INTO SILUTEL.USER_TELEPON VALUES('Ky0QDIc5kbVMLayp3b@foo.bar','70416749745212');
INSERT INTO SILUTEL.USER_TELEPON VALUES('Aaou1IB66@foo.bar','0906636044907');
INSERT INTO SILUTEL.USER_TELEPON VALUES('rW3v002vW@lalala.com','38547');
INSERT INTO SILUTEL.USER_TELEPON VALUES('WqlPc@ui.ac.id','2292');
INSERT INTO SILUTEL.USER_TELEPON VALUES('meIxZ8@lalala.com','44306');
INSERT INTO SILUTEL.USER_TELEPON VALUES('aosQiByEshunw@foo.bar','7315432');
INSERT INTO SILUTEL.USER_TELEPON VALUES('46wAn@ui.ac.id','242080441');
INSERT INTO SILUTEL.USER_TELEPON VALUES('Efg@foo.bar','14554389443235');
INSERT INTO SILUTEL.USER_TELEPON VALUES('knYFMbY@ui.ac.id','616057655094618');
INSERT INTO SILUTEL.USER_TELEPON VALUES('z18AvImuDqr@ui.ac.id','166256');
INSERT INTO SILUTEL.USER_TELEPON VALUES('17bK2USsxnPLjwCUGL@lalala.com','486');
INSERT INTO SILUTEL.USER_TELEPON VALUES('m@ui.ac.id','7027898');
INSERT INTO SILUTEL.USER_TELEPON VALUES('l8jyPviunCM2h@ui.ac.id','447498443396299261');
INSERT INTO SILUTEL.USER_TELEPON VALUES('XDlVu@foo.bar','9567');
INSERT INTO SILUTEL.USER_TELEPON VALUES('7ny1ZHCmIGFp1Xia1Z8S@ui.ac.id','1099850345');
INSERT INTO SILUTEL.USER_TELEPON VALUES('sgT5fZpMPlCNH@foo.bar','120629194');
INSERT INTO SILUTEL.USER_TELEPON VALUES('IXyRwuTK1@ui.ac.id','303999');
INSERT INTO SILUTEL.USER_TELEPON VALUES('2fW60obezwAe@lalala.com','113847858');
INSERT INTO SILUTEL.USER_TELEPON VALUES('pyY0OlQI7n@foo.bar','657018');
INSERT INTO SILUTEL.USER_TELEPON VALUES('Q@lalala.com','14007212322030');
INSERT INTO SILUTEL.USER_TELEPON VALUES('chgOSMO9beLW12iw8@foo.bar','93050102392');
INSERT INTO SILUTEL.USER_TELEPON VALUES('Ys1HmZSiZKCOOms@lalala.com','115470');
INSERT INTO SILUTEL.USER_TELEPON VALUES('sgwNEXlIFth3Ho@ui.ac.id','6470892470462');
INSERT INTO SILUTEL.USER_TELEPON VALUES('C9Sf4dGefEM2Zu@lalala.com','09');
INSERT INTO SILUTEL.USER_TELEPON VALUES('xMN3yZQ6yQGyH3p8n85@foo.bar','34532892616308398479');
INSERT INTO SILUTEL.USER_TELEPON VALUES('U@ui.ac.id','778');
INSERT INTO SILUTEL.USER_TELEPON VALUES('6bvYVzQ7SQJ@ui.ac.id','73');
INSERT INTO SILUTEL.STAF_LAUNDRY VALUES('Q@lalala.com',183);
INSERT INTO SILUTEL.STAF_LAUNDRY VALUES('OzFW4m8D5@lalala.com',941);
INSERT INTO SILUTEL.STAF_LAUNDRY VALUES('3mhycy3Iq@foo.bar',18044);
INSERT INTO SILUTEL.STAF_LAUNDRY VALUES('xMN3yZQ6yQGyH3p8n85@foo.bar',17866);
INSERT INTO SILUTEL.STAF_LAUNDRY VALUES('KRugD2q4@ui.ac.id',30419);
INSERT INTO SILUTEL.STAF_LAUNDRY VALUES('rW3v002vW@lalala.com',7725);
INSERT INTO SILUTEL.STAF_LAUNDRY VALUES('N8ibZ2QK6YoTy2alX@ui.ac.id',31686);
INSERT INTO SILUTEL.STAF_LAUNDRY VALUES('46wAn@ui.ac.id',21141);
INSERT INTO SILUTEL.STAF_LAUNDRY VALUES('q9FPK9mKZe6SE7X@lalala.com',8670);
INSERT INTO SILUTEL.STAF_LAUNDRY VALUES('QtP8dTEMJjmcvp41@foo.bar',15343);
INSERT INTO SILUTEL.STAF_LAUNDRY VALUES('UkDA@ui.ac.id',10668);
INSERT INTO SILUTEL.STAF_LAUNDRY VALUES('dfcrckeGS4zDmi0ahfYJ@ui.ac.id',4619);
INSERT INTO SILUTEL.STAF_LAUNDRY VALUES('dtCKzdTOCw5lC9ogx@foo.bar',9110);
INSERT INTO SILUTEL.STAF_LAUNDRY VALUES('2GJN7vHDVIjj@lalala.com',25130);
INSERT INTO SILUTEL.STAF_LAUNDRY VALUES('l8jyPviunCM2h@ui.ac.id',18680);
INSERT INTO SILUTEL.STAF_LAUNDRY VALUES('sgT5fZpMPlCNH@foo.bar',26707);
INSERT INTO SILUTEL.STAF_LAUNDRY VALUES('Ys1HmZSiZKCOOms@lalala.com',12342);
INSERT INTO SILUTEL.STAF_LAUNDRY VALUES('2fW60obezwAe@lalala.com',22574);
INSERT INTO SILUTEL.STAF_LAUNDRY VALUES('o5BHy@ui.ac.id',12309);
INSERT INTO SILUTEL.STAF_LAUNDRY VALUES('5I@foo.bar',22374);
INSERT INTO SILUTEL.STAF_LAUNDRY VALUES('Ky0QDIc5kbVMLayp3b@foo.bar',27236);
INSERT INTO SILUTEL.STAF_LAUNDRY VALUES('XDlVu@foo.bar',3132);
INSERT INTO SILUTEL.STAF_LAUNDRY VALUES('kMugpEIW4Rpjfm@lalala.com',11040);
INSERT INTO SILUTEL.STAF_LAUNDRY VALUES('7Oyk9ng@foo.bar',19376);
INSERT INTO SILUTEL.STAF_LAUNDRY VALUES('17bK2USsxnPLjwCUGL@lalala.com',30818);
INSERT INTO SILUTEL.STAF_INVENTORI_KAMAR VALUES('fwkI@foo.bar',6981);
INSERT INTO SILUTEL.STAF_INVENTORI_KAMAR VALUES('aosQiByEshunw@foo.bar',23212);
INSERT INTO SILUTEL.STAF_INVENTORI_KAMAR VALUES('knYFMbY@ui.ac.id',13924);
INSERT INTO SILUTEL.STAF_INVENTORI_KAMAR VALUES('R2pM@lalala.com',22397);
INSERT INTO SILUTEL.STAF_INVENTORI_KAMAR VALUES('xkVqDjqMjk545YGQ@ui.ac.id',13885);
INSERT INTO SILUTEL.STAF_INVENTORI_KAMAR VALUES('z18AvImuDqr@ui.ac.id',15881);
INSERT INTO SILUTEL.STAF_INVENTORI_KAMAR VALUES('V2V1Jw1f2UGZbd2@ui.ac.id',9092);
INSERT INTO SILUTEL.STAF_INVENTORI_KAMAR VALUES('pyY0OlQI7n@foo.bar',10185);
INSERT INTO SILUTEL.STAF_INVENTORI_KAMAR VALUES('7ny1ZHCmIGFp1Xia1Z8S@ui.ac.id',24921);
INSERT INTO SILUTEL.STAF_INVENTORI_KAMAR VALUES('WqlPc@ui.ac.id',27619);
INSERT INTO SILUTEL.STAF_INVENTORI_KAMAR VALUES('mWfrUHmy57nElgrsH066@lalala.com',23529);
INSERT INTO SILUTEL.STAF_INVENTORI_KAMAR VALUES('IXyRwuTK1@ui.ac.id',9598);
INSERT INTO SILUTEL.STAF_INVENTORI_KAMAR VALUES('5NSaSlE8CQWa@foo.bar',12989);
INSERT INTO SILUTEL.STAF_INVENTORI_KAMAR VALUES('sgwNEXlIFth3Ho@ui.ac.id',8255);
INSERT INTO SILUTEL.STAF_INVENTORI_KAMAR VALUES('ey0q@ui.ac.id',26588);
INSERT INTO SILUTEL.STAF_INVENTORI_KAMAR VALUES('Efg@foo.bar',4938);
INSERT INTO SILUTEL.STAF_INVENTORI_KAMAR VALUES('1z1n0@lalala.com',31840);
INSERT INTO SILUTEL.STAF_INVENTORI_KAMAR VALUES('N49nc08osakm8vLSHdZP@ui.ac.id',28309);
INSERT INTO SILUTEL.STAF_INVENTORI_KAMAR VALUES('meIxZ8@lalala.com',23203);
INSERT INTO SILUTEL.STAF_INVENTORI_KAMAR VALUES('pVDuqF2vMYcaYXtP@foo.bar',14019);
INSERT INTO SILUTEL.STAF_INVENTORI_KAMAR VALUES('U@ui.ac.id',3173);
INSERT INTO SILUTEL.STAF_INVENTORI_KAMAR VALUES('C9Sf4dGefEM2Zu@lalala.com',15205);
INSERT INTO SILUTEL.STAF_INVENTORI_KAMAR VALUES('eMGb4PL1GaPF4hhqQ@lalala.com',14293);
INSERT INTO SILUTEL.STAF_INVENTORI_KAMAR VALUES('RLr7@lalala.com',24671);
INSERT INTO SILUTEL.STAF_INVENTORI_KAMAR VALUES('pmHnbQz5@lalala.com',19620);
INSERT INTO SILUTEL.LAUNDRY_STAF_LAUNDRY VALUES('7Oyk9ng@foo.bar','1890-06-21 18:58:39',0);
INSERT INTO SILUTEL.LAUNDRY_STAF_LAUNDRY VALUES('dfcrckeGS4zDmi0ahfYJ@ui.ac.id','1406-01-20 21:49:5',0);
INSERT INTO SILUTEL.LAUNDRY_STAF_LAUNDRY VALUES('Ky0QDIc5kbVMLayp3b@foo.bar','1623-08-06 4:12:36',0);
INSERT INTO SILUTEL.LAUNDRY_STAF_LAUNDRY VALUES('xMN3yZQ6yQGyH3p8n85@foo.bar','1059-09-26 10:17:11',0);
INSERT INTO SILUTEL.LAUNDRY_STAF_LAUNDRY VALUES('5I@foo.bar','1304-03-28 7:18:13',0);
INSERT INTO SILUTEL.LAUNDRY_STAF_LAUNDRY VALUES('dfcrckeGS4zDmi0ahfYJ@ui.ac.id','1442-02-16 3:3:49',0);
INSERT INTO SILUTEL.LAUNDRY_STAF_LAUNDRY VALUES('xMN3yZQ6yQGyH3p8n85@foo.bar','1536-11-02 8:49:8',0);
INSERT INTO SILUTEL.LAUNDRY_STAF_LAUNDRY VALUES('46wAn@ui.ac.id','1057-12-18 13:53:30',0);
INSERT INTO SILUTEL.LAUNDRY_STAF_LAUNDRY VALUES('5I@foo.bar','1889-04-29 4:43:8',0);
INSERT INTO SILUTEL.LAUNDRY_STAF_LAUNDRY VALUES('N8ibZ2QK6YoTy2alX@ui.ac.id','1384-02-27 4:47:48',0);
INSERT INTO SILUTEL.LAUNDRY_STAF_LAUNDRY VALUES('17bK2USsxnPLjwCUGL@lalala.com','1474-09-03 10:39:2',0);
INSERT INTO SILUTEL.LAUNDRY_STAF_LAUNDRY VALUES('dtCKzdTOCw5lC9ogx@foo.bar','1871-08-08 4:53:49',0);
INSERT INTO SILUTEL.LAUNDRY_STAF_LAUNDRY VALUES('o5BHy@ui.ac.id','1152-12-04 15:30:47',0);
INSERT INTO SILUTEL.LAUNDRY_STAF_LAUNDRY VALUES('UkDA@ui.ac.id','1245-09-09 4:37:26',0);
INSERT INTO SILUTEL.LAUNDRY_STAF_LAUNDRY VALUES('rW3v002vW@lalala.com','1531-11-01 3:52:45',0);
INSERT INTO SILUTEL.LAUNDRY_STAF_LAUNDRY VALUES('17bK2USsxnPLjwCUGL@lalala.com','1969-01-21 20:8:53',0);
INSERT INTO SILUTEL.LAUNDRY_STAF_LAUNDRY VALUES('XDlVu@foo.bar','1217-05-29 9:53:7',0);
INSERT INTO SILUTEL.LAUNDRY_STAF_LAUNDRY VALUES('N8ibZ2QK6YoTy2alX@ui.ac.id','1349-08-16 11:36:16',0);
INSERT INTO SILUTEL.LAUNDRY_STAF_LAUNDRY VALUES('o5BHy@ui.ac.id','1331-06-23 2:22:57',0);
INSERT INTO SILUTEL.LAUNDRY_STAF_LAUNDRY VALUES('7Oyk9ng@foo.bar','1874-06-09 23:42:39',0);
INSERT INTO SILUTEL.LAUNDRY_STAF_LAUNDRY VALUES('N8ibZ2QK6YoTy2alX@ui.ac.id','1452-12-21 6:54:7',0);
INSERT INTO SILUTEL.LAUNDRY_STAF_LAUNDRY VALUES('N8ibZ2QK6YoTy2alX@ui.ac.id','1047-02-25 20:17:17',0);
INSERT INTO SILUTEL.LAUNDRY_STAF_LAUNDRY VALUES('QtP8dTEMJjmcvp41@foo.bar','1822-10-05 14:16:32',0);
INSERT INTO SILUTEL.LAUNDRY_STAF_LAUNDRY VALUES('7Oyk9ng@foo.bar','1053-02-11 0:37:42',0);
INSERT INTO SILUTEL.LAUNDRY_STAF_LAUNDRY VALUES('o5BHy@ui.ac.id','2000-11-15 16:16:28',0);
INSERT INTO SILUTEL.LAUNDRY_STAF_LAUNDRY VALUES('Q@lalala.com','1275-05-22 18:6:32',0);
INSERT INTO SILUTEL.LAUNDRY_STAF_LAUNDRY VALUES('5I@foo.bar','1506-05-09 15:43:20',0);
INSERT INTO SILUTEL.LAUNDRY_STAF_LAUNDRY VALUES('46wAn@ui.ac.id','1445-03-04 15:55:22',0);
INSERT INTO SILUTEL.LAUNDRY_STAF_LAUNDRY VALUES('q9FPK9mKZe6SE7X@lalala.com','1228-06-24 14:25:45',0);
INSERT INTO SILUTEL.LAUNDRY_STAF_LAUNDRY VALUES('Q@lalala.com','1758-06-24 19:48:50',0);
INSERT INTO SILUTEL.LAUNDRY_STAF_LAUNDRY VALUES('o5BHy@ui.ac.id','1818-10-13 8:1:16',0);
INSERT INTO SILUTEL.LAUNDRY_STAF_LAUNDRY VALUES('UkDA@ui.ac.id','1106-05-18 20:52:16',0);
INSERT INTO SILUTEL.LAUNDRY_STAF_LAUNDRY VALUES('17bK2USsxnPLjwCUGL@lalala.com','1928-01-04 3:41:19',0);
INSERT INTO SILUTEL.LAUNDRY_STAF_LAUNDRY VALUES('Ys1HmZSiZKCOOms@lalala.com','1946-10-01 1:15:10',0);
INSERT INTO SILUTEL.LAUNDRY_STAF_LAUNDRY VALUES('Ys1HmZSiZKCOOms@lalala.com','1331-02-15 22:37:33',0);
INSERT INTO SILUTEL.LAUNDRY_STAF_LAUNDRY VALUES('N8ibZ2QK6YoTy2alX@ui.ac.id','1642-12-15 14:53:7',0);
INSERT INTO SILUTEL.LAUNDRY_STAF_LAUNDRY VALUES('Ys1HmZSiZKCOOms@lalala.com','1244-11-16 10:43:33',0);
INSERT INTO SILUTEL.LAUNDRY_STAF_LAUNDRY VALUES('o5BHy@ui.ac.id','1037-04-01 19:38:23',0);
INSERT INTO SILUTEL.LAUNDRY_STAF_LAUNDRY VALUES('2fW60obezwAe@lalala.com','1405-04-01 20:23:8',0);
INSERT INTO SILUTEL.LAUNDRY_STAF_LAUNDRY VALUES('2fW60obezwAe@lalala.com','1017-04-19 7:26:14',0);
INSERT INTO SILUTEL.LAUNDRY_STAF_LAUNDRY VALUES('OzFW4m8D5@lalala.com','2015-06-03 9:22:39',0);
INSERT INTO SILUTEL.LAUNDRY_STAF_LAUNDRY VALUES('dfcrckeGS4zDmi0ahfYJ@ui.ac.id','1198-10-21 9:24:37',0);
INSERT INTO SILUTEL.LAUNDRY_STAF_LAUNDRY VALUES('dtCKzdTOCw5lC9ogx@foo.bar','1171-08-02 15:28:31',0);
INSERT INTO SILUTEL.LAUNDRY_STAF_LAUNDRY VALUES('kMugpEIW4Rpjfm@lalala.com','1667-12-01 9:51:43',0);
INSERT INTO SILUTEL.LAUNDRY_STAF_LAUNDRY VALUES('sgT5fZpMPlCNH@foo.bar','1463-04-10 4:15:27',0);
INSERT INTO SILUTEL.LAUNDRY_STAF_LAUNDRY VALUES('q9FPK9mKZe6SE7X@lalala.com','1770-02-23 22:32:37',0);
INSERT INTO SILUTEL.LAUNDRY_STAF_LAUNDRY VALUES('QtP8dTEMJjmcvp41@foo.bar','1677-01-29 18:58:19',0);
INSERT INTO SILUTEL.LAUNDRY_STAF_LAUNDRY VALUES('dtCKzdTOCw5lC9ogx@foo.bar','1235-05-21 2:7:46',0);
INSERT INTO SILUTEL.LAUNDRY_STAF_LAUNDRY VALUES('xMN3yZQ6yQGyH3p8n85@foo.bar','1313-05-10 19:10:47',0);
INSERT INTO SILUTEL.LAUNDRY_STAF_LAUNDRY VALUES('17bK2USsxnPLjwCUGL@lalala.com','1561-02-13 16:28:45',0);
INSERT INTO SILUTEL.TAMU VALUES('Ofr9xXj11XN','uVrp','eCWztfV2xG5tjftHnlqaWi2BNqs8l3L5kFuFPry1rdbfUPG');
INSERT INTO SILUTEL.TAMU VALUES('AvxvJ3tUT8udDk2udD','3iBaE01YEtmzhA9kvoFBWWSOk2cOgllqOZ1','iA05qwFWP6X0mDkXk1vMvpk');
INSERT INTO SILUTEL.TAMU VALUES('7ZrVq7SbtwQxeir','I','b6fE0G2z4nE9JPtkhPB56eivrBj4s4AKMGwbM4vYslGeEA4LQi');
INSERT INTO SILUTEL.TAMU VALUES('pq6aLxZ','gpdjmcLG2DcdvnO4jj1ReOe0UQShJ3','sEjIxdazeYm3dyw32a3dIgheuZHs8RHdHxkLHwV5lus12hLb5k1oHtn1p0HmCp5GxqShWtl7gPq7');
INSERT INTO SILUTEL.TAMU VALUES('JccvRnBDCBaD8kqaeeW','4WW9qCN3uhymKrzVUbSsjZCFd8wFOaAlch1','fmlBnEZWl0o3eL');
INSERT INTO SILUTEL.TAMU VALUES('5T4RLOf','skbf3o2CzsolWKxV6F2Xrc2lB5','ZPgeBSTvoaL1');
INSERT INTO SILUTEL.TAMU VALUES('inDX','QPeJ91TqeW','y1b1rR6ZoHURS0OK8hTlSYGz9ym8Z9Lam8WOoTML1');
INSERT INTO SILUTEL.TAMU VALUES('EEFBWdk5CxpT8JOt1C7x','a','Su8sVKlM1ecMARhN4GgX8gM01TNCcQC6UaSdR0L9YbxQytlF6bMoOqs1E2qULFPsHpbgDwDJo9FYNeBsGk9L');
INSERT INTO SILUTEL.TAMU VALUES('W4198je6PeNpHq','KbTmSARLfjFKsP1ySh','99NagF53JIjzzfeI8UBMT1RJgP4ktllLgZjwLm0gEFE');
INSERT INTO SILUTEL.TAMU VALUES('pk2Z8HUgehpOiNPab','5hNiEt3Wp9IujWtGtg','gr2rZeKJZKFoVAbv6JzluxCY4IOG1lEaPPnSGyxw6iZEWSbf7ljK5DonV9sdzl0KN');
INSERT INTO SILUTEL.TAMU VALUES('kutuvWgIjj28snD','i9CdolYFY3xcnD0nQGKqLkyZSg6PK','P4V2XvtIFuaJNRLRNj8Y5VxhNceQUSqTwt5diWMQEGX3uEfTbLqSIfDYynK50QSn6165KeUS');
INSERT INTO SILUTEL.TAMU VALUES('6TWrA','NTAXQsnH','dRLtBaeB20JtwSYdo6zQjBfOHl54BsT5R6WMFqi6xETbxB09FbYtGFamB0');
INSERT INTO SILUTEL.TAMU VALUES('P8yw3r7nV7uUQ10MsXs','4cusaZ','UIHIun9Xh423Tizejfsg6Ll0MsSpfQD1Wol37p4Aor0WRd8Fn');
INSERT INTO SILUTEL.TAMU VALUES('OEnh','GjDRqOBgwY7','64ksYtms6vZ55DVSLQBe4fO5fnVF4RlMSSPi6xzCnzw26vNeLcybydql0y6tlAIM56OOojyFRsPqtZNTKb2om');
INSERT INTO SILUTEL.TAMU VALUES('Oan75yKp','6UrRNB21DBXSFLZpnq3lE','pRElzFpFIOfFXh9HPXIFIDLxuokqCrLQnOrVbgwTQYxZh6C4WSS');
INSERT INTO SILUTEL.TAMU VALUES('B3k','ghfuQRhZbco','3YArni90lKDjYunNtaqQmrFaeSgFG60QWlOdWjsfJYuj2F3f4iuxIN5ZA0jOfVeQ2Ovrf9XBF');
INSERT INTO SILUTEL.TAMU VALUES('RrIG2QP','HUrg','3vEyS0d6eGyu4Ibs1AKo6KozSa4PR29Jmu8fev');
INSERT INTO SILUTEL.TAMU VALUES('mXZC','eiTozdmrW2HO0SI640m92VaLtd','2nM5I48ccUA2XnrE6eCrv1tPoP0suJBYmTPwB6d1q5NDrVTtrxerlsV9y1Fa2ExzyVhrEqQWa89aVNOsVxHSJXD');
INSERT INTO SILUTEL.TAMU VALUES('f','7rF','4ozH7Ne2h05gzvI3apGP2ELqIHdOVO0R34dazTTBxL6MVuiWHfutY8OvwRIiL9MkH3NhxkpZmHqfBHIx28TdNvPDoSzWL');
INSERT INTO SILUTEL.TAMU VALUES('plA8vMSGOwPzpOwhpo','d01DwPP0dSGCDONM0Pmi5U6hZC','lhztmpSGJsDmfCh45AtMSBaEW0HaSHeeHIzRu9B6FLugmha19SZboPs7iWg7mxgjPlg17Gqihvq8PCbMweQm5kgJKI02dqGhlwi');
INSERT INTO SILUTEL.TAMU VALUES('u7ptZ9Uk64vpcdBm','Uh3sOMkuUwQTz5hlNm46mlJ','QeC2atAIbz94VDGrkOgkDrbhBxsNsREcw0');
INSERT INTO SILUTEL.TAMU VALUES('nzzmJ','rS3cbi95pgmifjLmxsyRCSoUzxx','xic5PPcLtp7w6G7t4tn2OglNgDnwhfX33ZTznDzztS81XYmuKNaYl8LK');
INSERT INTO SILUTEL.TAMU VALUES('4Eo6MD','CFdqH1','qFaXDrUGW3AdpRhFFRhCBURHSewKk6Ey9pJswnw92qnoVnEUyvERiWth');
INSERT INTO SILUTEL.TAMU VALUES('Pn6ZPQjcFG','GhfgpKc7s74czaAm','CtF6XuSitCck4');
INSERT INTO SILUTEL.TAMU VALUES('HYQNDcV5z5UkY','p6xygQArYKlUWGqzopWsc','GCIeTfTJPMLOQTRGGdec2iZIrq');
INSERT INTO SILUTEL.TAMU VALUES('Ra6dzwajS','8BFadfYFNG63E7R5t','askHyX2aQvHdNX2BbuF9Vg4TP7');
INSERT INTO SILUTEL.TAMU VALUES('c5thA','rPPsmNOKy2fNjymq82jVRFo','zKbU3iC2tbhhXtTB0DDyEqJ0zJwBpbgtUgn3TQvaCAk2vhRL');
INSERT INTO SILUTEL.TAMU VALUES('CmnPNZKAdHLmwTQZTw','WlKcg9QJLH8I30vtp2CpqnHt','tSTX74kBHfNb3m2jWJ6jA8qXobl7LSWQepdVKxoNkTQpIiB2KOZZvq2R5p1xdJJeUomRFJ495pl6trxbkJtaJcn');
INSERT INTO SILUTEL.TAMU VALUES('0wfP0cfy81MOzqV','owwkHWyv1wS4F9z','2lBUzBs2ZXgCiithOl3m6WWmTHHUqorypVu9CMpmmQdR06EkMS47v4DzGaUpfnKvLuDrFu6aDotip7lyMA7W');
INSERT INTO SILUTEL.TAMU VALUES('aJoXUDB1wejv','pkXZpE1gDzF','qDJtam');
INSERT INTO SILUTEL.TAMU VALUES('JZKL1jsu','aepf2ldPGryD8U0MD83ar0qSbNhG09KkeX','h8R6P8nnjyOx2avXg2sEaHAiTZWx4bGNElE');
INSERT INTO SILUTEL.TAMU VALUES('JDq2kaqKPKy','Kv0EMihcpUT1stQF1dSTokoY','ZgLzHcnVdenF0ebJ1ikvunvQC3WaV6NOKKE5KOmShlYxfSYnPXM3DqWJFqzWrdJadUUkzNMt847HSWRWQi9PuMD9');
INSERT INTO SILUTEL.TAMU VALUES('8GpKufSpeI','jHoYQqe3nKIjx4rFLrJcUAaVAc5k','m81stzP9IUssXys2xQo2EQbWDECk2DMg8wi8vX7An');
INSERT INTO SILUTEL.TAMU VALUES('BEKxVaP2Ksy9kwOR','QKKH0sGocwhv490zYQMj1','QawzalPEQ771JpirytZCV8ZuAmLnfIi21krkQ391wzRIEzTgVzAVQHy4XC4V7ZgqZs7u');
INSERT INTO SILUTEL.TAMU VALUES('TcNmBylpN7','ae0yZy2','lhS17s8RKRcaM2kQpl8iiAvkIvEEEJL5XcTmcRXDK2ruyyT0F7rAUCNKYg6m');
INSERT INTO SILUTEL.TAMU VALUES('cUktQQSdpFeLZb0L','S5jh9JrqqeiqbmINchZ03Bng','Fh17EjgOKXZTECxuxcjkrJki88RMuLABNhMRAjJgQtKGpg1');
INSERT INTO SILUTEL.TAMU VALUES('2s2RkMeR1qKN7pFkWts','m9NaEkng6b0ND0mu3aiGI7yKOnMGzv','mpwgF0wukQ7UkFME5h23C12ahMdwkddf8tKoXE8v1Rn7nxFfHXuOjVt');
INSERT INTO SILUTEL.TAMU VALUES('Q1fNbYo1N254dNQM','WxIjunF29LkI','o0JvIwdisMwA9Lmc2Kto9bRx0C2epBGI4QVFnFYFdp3BFNBUmCfEseIdPwQ6T2uWPtEPysJ05');
INSERT INTO SILUTEL.TAMU VALUES('uz','e1Vj1Uq1Ff','leqQZ4CQmhAnsApXsaR4GTYDOyPEkM8');
INSERT INTO SILUTEL.TAMU VALUES('ujTK9npoGg9cE8G','AVBCy','w8wLoCJjByJBGuCmbmDr9vjm6a9Lwwoqajxlzw');
INSERT INTO SILUTEL.TAMU VALUES('iuK','VSVgFqPXJn0sBNkxDGiySFPw9umkXM8','PEjOaPjmD5OFpGCAurnfijFhlxjg8w7iBdMSXr5ak1');
INSERT INTO SILUTEL.TAMU VALUES('PIokQ4rx','y7Voj3Y98FjTdBc57F7k3ROXhddfd3','9jXisg88PWc29H0VVyFXQWTjzK');
INSERT INTO SILUTEL.TAMU VALUES('p9Hu2','g8CmZgw8GUmQaKNy6Kvbk','BlGrw6H');
INSERT INTO SILUTEL.TAMU VALUES('Y5zPby0U5M','dxAGESqpYzcUB06Nep8aI','WAw7dI5cCv1vnzp2jCcHvzpw64JKa4H2Csnxfv8Rqpc2Aiy3K93FLehKA86p4');
INSERT INTO SILUTEL.TAMU VALUES('JiWBFWIxvH8nb','Vt9WU15x5daS4BGmQn68wDoJ0r5nsntpor','Rj0xQpy44qcTEyvNDOnC');
INSERT INTO SILUTEL.TAMU VALUES('huk4J','mervqInKCSeuuH96gMQq1nDzOx','3uxANFhizL3cKiNE5RYqYnpAYI11Vv3OyhuaR6Y7f');
INSERT INTO SILUTEL.TAMU VALUES('LD86IbZQO40j','2Qn2','hynSFNe9lmVDkXwjtXiT2JC2Lk7WBg0qCkUkeF0aQUgAUBLWG2a0MZ0Et');
INSERT INTO SILUTEL.TAMU VALUES('8','HHHz4g4tCJ6X9XZzWM7aCYdf4','CGOlZ6Xvnb31YC6');
INSERT INTO SILUTEL.TAMU VALUES('7ElrnY0GRxpneofkJ','NBZKgwIztaj','nt9UnOvnyGCtZQjAz8ldya8hmhZKuSphmJLHmm3tpBr3PXws24DVVY2GSgxdnJg05NN9YYCO2kSRLmzVjy9O');
INSERT INTO SILUTEL.TAMU VALUES('kcDyP2IzZZlJZDvzhJx','UlUrWcdn0OX4GJG','fTKGjYcO3eva9Mo0q0QBywPZGQmZwTAwHsGmw3rgYGeNETwWR');
INSERT INTO SILUTEL.TAMU_TELEPON VALUES('kutuvWgIjj28snD','7403194958774253');
INSERT INTO SILUTEL.TAMU_TELEPON VALUES('7ElrnY0GRxpneofkJ','8913070038');
INSERT INTO SILUTEL.TAMU_TELEPON VALUES('Pn6ZPQjcFG','14153497239');
INSERT INTO SILUTEL.TAMU_TELEPON VALUES('JiWBFWIxvH8nb','14');
INSERT INTO SILUTEL.TAMU_TELEPON VALUES('6TWrA','2');
INSERT INTO SILUTEL.TAMU_TELEPON VALUES('PIokQ4rx','259');
INSERT INTO SILUTEL.TAMU_TELEPON VALUES('Ofr9xXj11XN','3569436398812242');
INSERT INTO SILUTEL.TAMU_TELEPON VALUES('uz','1');
INSERT INTO SILUTEL.TAMU_TELEPON VALUES('Ofr9xXj11XN','81641810445511');
INSERT INTO SILUTEL.TAMU_TELEPON VALUES('u7ptZ9Uk64vpcdBm','203583015962943');
INSERT INTO SILUTEL.TAMU_TELEPON VALUES('Ofr9xXj11XN','15176742014097');
INSERT INTO SILUTEL.TAMU_TELEPON VALUES('P8yw3r7nV7uUQ10MsXs','22277');
INSERT INTO SILUTEL.TAMU_TELEPON VALUES('ujTK9npoGg9cE8G','303442596119288215');
INSERT INTO SILUTEL.TAMU_TELEPON VALUES('RrIG2QP','20639020241630291');
INSERT INTO SILUTEL.TAMU_TELEPON VALUES('iuK','83984');
INSERT INTO SILUTEL.TAMU_TELEPON VALUES('HYQNDcV5z5UkY','74485188784054378');
INSERT INTO SILUTEL.TAMU_TELEPON VALUES('EEFBWdk5CxpT8JOt1C7x','24468473');
INSERT INTO SILUTEL.TAMU_TELEPON VALUES('0wfP0cfy81MOzqV','156656495');
INSERT INTO SILUTEL.TAMU_TELEPON VALUES('pq6aLxZ','8724531138914431');
INSERT INTO SILUTEL.TAMU_TELEPON VALUES('JZKL1jsu','1504187408185');
INSERT INTO SILUTEL.TAMU_TELEPON VALUES('8GpKufSpeI','11589');
INSERT INTO SILUTEL.TAMU_TELEPON VALUES('inDX','327162');
INSERT INTO SILUTEL.TAMU_TELEPON VALUES('cUktQQSdpFeLZb0L','814066263429274');
INSERT INTO SILUTEL.TAMU_TELEPON VALUES('pq6aLxZ','9841945390268333');
INSERT INTO SILUTEL.TAMU_TELEPON VALUES('c5thA','8708');
INSERT INTO SILUTEL.TAMU_TELEPON VALUES('OEnh','8140315734896');
INSERT INTO SILUTEL.TAMU_TELEPON VALUES('W4198je6PeNpHq','66525559');
INSERT INTO SILUTEL.TAMU_TELEPON VALUES('p9Hu2','5554220786');
INSERT INTO SILUTEL.TAMU_TELEPON VALUES('Pn6ZPQjcFG','17380132292886');
INSERT INTO SILUTEL.TAMU_TELEPON VALUES('plA8vMSGOwPzpOwhpo','587117421352589');
INSERT INTO SILUTEL.TAMU_TELEPON VALUES('8','33269877951083678924');
INSERT INTO SILUTEL.TAMU_TELEPON VALUES('CmnPNZKAdHLmwTQZTw','484216456');
INSERT INTO SILUTEL.TAMU_TELEPON VALUES('nzzmJ','359831006');
INSERT INTO SILUTEL.TAMU_TELEPON VALUES('Q1fNbYo1N254dNQM','0');
INSERT INTO SILUTEL.TAMU_TELEPON VALUES('7ZrVq7SbtwQxeir','166952646');
INSERT INTO SILUTEL.TAMU_TELEPON VALUES('Ra6dzwajS','49363');
INSERT INTO SILUTEL.TAMU_TELEPON VALUES('2s2RkMeR1qKN7pFkWts','322362008');
INSERT INTO SILUTEL.TAMU_TELEPON VALUES('JDq2kaqKPKy','5498720284671590992');
INSERT INTO SILUTEL.TAMU_TELEPON VALUES('f','7206200266451151');
INSERT INTO SILUTEL.TAMU_TELEPON VALUES('huk4J','90405590003');
INSERT INTO SILUTEL.TAMU_TELEPON VALUES('5T4RLOf','66019');
INSERT INTO SILUTEL.TAMU_TELEPON VALUES('8GpKufSpeI','9382');
INSERT INTO SILUTEL.TAMU_TELEPON VALUES('B3k','62435');
INSERT INTO SILUTEL.TAMU_TELEPON VALUES('AvxvJ3tUT8udDk2udD','0');
INSERT INTO SILUTEL.TAMU_TELEPON VALUES('aJoXUDB1wejv','414');
INSERT INTO SILUTEL.TAMU_TELEPON VALUES('JZKL1jsu','333306175610');
INSERT INTO SILUTEL.TAMU_TELEPON VALUES('kcDyP2IzZZlJZDvzhJx','165443');
INSERT INTO SILUTEL.TAMU_TELEPON VALUES('Y5zPby0U5M','6');
INSERT INTO SILUTEL.TAMU_TELEPON VALUES('JccvRnBDCBaD8kqaeeW','12816284638661886302');
INSERT INTO SILUTEL.TAMU_TELEPON VALUES('p9Hu2','55512559286069998');
INSERT INTO SILUTEL.TAMU_TELEPON VALUES('pq6aLxZ','1636012439994781');
INSERT INTO SILUTEL.TAMU_TELEPON VALUES('BEKxVaP2Ksy9kwOR','864628578');
INSERT INTO SILUTEL.TAMU_TELEPON VALUES('TcNmBylpN7','43643626586121');
INSERT INTO SILUTEL.TAMU_TELEPON VALUES('4Eo6MD','516');
INSERT INTO SILUTEL.TAMU_TELEPON VALUES('pk2Z8HUgehpOiNPab','4502');
INSERT INTO SILUTEL.TAMU_TELEPON VALUES('LD86IbZQO40j','0212972438');
INSERT INTO SILUTEL.TAMU_TELEPON VALUES('Ofr9xXj11XN','23884697609967359913');
INSERT INTO SILUTEL.TAMU_TELEPON VALUES('mXZC','28998609913372');
INSERT INTO SILUTEL.TAMU_TELEPON VALUES('Oan75yKp','131508610698');
INSERT INTO SILUTEL.TAMU_TELEPON VALUES('8','3077854');
INSERT INTO SILUTEL.INVOICE VALUES('O1x8Ms','1755-07-22 5:18:58','1788-08-29 0:43:14',688,'JiWBFWIxvH8nb',0,0);
INSERT INTO SILUTEL.INVOICE VALUES('JaWpI9','1287-07-21 10:8:7','1588-09-23 21:3:20',29232,'JDq2kaqKPKy',0,0);
INSERT INTO SILUTEL.INVOICE VALUES('a2IQ5s','1398-01-28 10:22:59','1398-03-28 1:7:59',12741,'JiWBFWIxvH8nb',0,0);
INSERT INTO SILUTEL.INVOICE VALUES('i1asnT','2011-02-14 9:20:9','2013-07-16 12:1:0',21173,'Oan75yKp',0,0);
INSERT INTO SILUTEL.INVOICE VALUES('Vl35sX','2002-02-12 21:54:55','2008-08-25 14:42:16',31501,'iuK',0,0);
INSERT INTO SILUTEL.INVOICE VALUES('kpHKJq','1464-08-05 0:1:26','1984-08-28 19:38:6',14715,'aJoXUDB1wejv',0,0);
INSERT INTO SILUTEL.INVOICE VALUES('0ElND1','1667-02-19 0:29:24','1879-07-19 17:30:29',9395,'pq6aLxZ',0,0);
INSERT INTO SILUTEL.INVOICE VALUES('Xo9LMD','1572-02-12 10:52:55','1787-07-19 0:20:25',27515,'LD86IbZQO40j',0,0);
INSERT INTO SILUTEL.INVOICE VALUES('ddeBNE','1374-04-07 14:27:25','1699-07-09 14:26:56',7598,'7ZrVq7SbtwQxeir',0,0);
INSERT INTO SILUTEL.INVOICE VALUES('IYxQec','1223-07-11 11:53:0','1277-07-22 16:51:43',21812,'cUktQQSdpFeLZb0L',0,0);
INSERT INTO SILUTEL.INVOICE VALUES('ZeNTYy','1254-08-18 23:47:50','1397-08-29 14:30:8',25660,'2s2RkMeR1qKN7pFkWts',0,0);
INSERT INTO SILUTEL.INVOICE VALUES('YJwhU3','2006-07-02 13:23:14','2007-07-24 9:9:48',28057,'mXZC',0,0);
INSERT INTO SILUTEL.INVOICE VALUES('Czcqkg','1813-05-16 0:46:22','1859-09-29 12:49:49',29659,'LD86IbZQO40j',0,0);
INSERT INTO SILUTEL.INVOICE VALUES('bKha4T','1711-12-18 3:44:29','1761-12-18 20:24:12',27110,'Ofr9xXj11XN',0,0);
INSERT INTO SILUTEL.INVOICE VALUES('OBUjhv','1107-09-28 22:20:21','1749-09-28 3:45:38',2165,'Y5zPby0U5M',0,0);
INSERT INTO SILUTEL.INVOICE VALUES('OtguTH','1302-12-30 18:52:29','1324-12-30 20:55:35',16184,'u7ptZ9Uk64vpcdBm',0,0);
INSERT INTO SILUTEL.INVOICE VALUES('xGbJRn','1877-08-15 3:51:2','1889-09-18 14:36:45',24007,'4Eo6MD',0,0);
INSERT INTO SILUTEL.INVOICE VALUES('NhW0L7','1821-05-26 3:13:14','1938-05-27 0:27:8',10980,'iuK',0,0);
INSERT INTO SILUTEL.INVOICE VALUES('Bb9lQI','1980-01-20 23:56:54','1991-08-27 11:47:3',24452,'JiWBFWIxvH8nb',0,0);
INSERT INTO SILUTEL.INVOICE VALUES('hlrlxc','1575-02-25 6:19:1','1687-02-25 13:5:47',24646,'c5thA',0,0);
INSERT INTO SILUTEL.INVOICE VALUES('TDERJX','1526-07-22 2:15:5','1948-09-29 11:49:3',27576,'iuK',0,0);
INSERT INTO SILUTEL.INVOICE VALUES('N9mcXV','1729-03-01 3:48:17','1889-08-16 11:35:43',26610,'RrIG2QP',0,0);
INSERT INTO SILUTEL.INVOICE VALUES('KzS95G','1548-09-29 22:14:16','1858-09-29 3:46:35',18909,'uz',0,0);
INSERT INTO SILUTEL.INVOICE VALUES('ATiBSH','1510-06-03 10:24:26','1868-08-09 23:1:25',29926,'iuK',0,0);
INSERT INTO SILUTEL.INVOICE VALUES('IMDodE','1476-03-28 11:56:9','1697-03-28 23:20:25',11124,'Oan75yKp',0,0);
INSERT INTO SILUTEL.INVOICE VALUES('NFAoC0','1621-09-11 9:48:24','1999-09-27 9:28:54',19936,'TcNmBylpN7',0,0);
INSERT INTO SILUTEL.INVOICE VALUES('ZNHzWM','1537-10-18 22:31:9','1887-12-18 17:3:51',23385,'pk2Z8HUgehpOiNPab',0,0);
INSERT INTO SILUTEL.INVOICE VALUES('mY8Ehb','1845-12-30 17:24:28','1896-12-30 0:36:39',15653,'OEnh',0,0);
INSERT INTO SILUTEL.INVOICE VALUES('iA22fw','1646-05-02 16:17:7','1746-05-14 11:2:36',25635,'p9Hu2',0,0);
INSERT INTO SILUTEL.INVOICE VALUES('ANSw25','1051-10-30 23:40:29','1179-10-30 4:51:59',13423,'AvxvJ3tUT8udDk2udD',0,0);
INSERT INTO SILUTEL.INVOICE VALUES('AzlsO7','1676-04-08 19:19:15','1887-08-29 10:8:39',2936,'kcDyP2IzZZlJZDvzhJx',0,0);
INSERT INTO SILUTEL.INVOICE VALUES('KiwzwC','1250-06-26 7:0:39','1471-08-27 23:31:28',5494,'u7ptZ9Uk64vpcdBm',0,0);
INSERT INTO SILUTEL.INVOICE VALUES('Wzv1Z8','1549-09-28 16:12:16','1989-09-29 2:23:26',29598,'Oan75yKp',0,0);
INSERT INTO SILUTEL.INVOICE VALUES('MqxuLT','1501-09-02 18:56:11','1645-09-27 7:18:9',2870,'6TWrA',0,0);
INSERT INTO SILUTEL.INVOICE VALUES('MSOHA3','1604-07-10 16:55:4','1708-08-22 21:24:13',10043,'PIokQ4rx',0,0);
INSERT INTO SILUTEL.INVOICE VALUES('ioYFE3','1429-06-14 3:11:41','1749-09-29 15:27:3',3857,'AvxvJ3tUT8udDk2udD',0,0);
INSERT INTO SILUTEL.INVOICE VALUES('ebrSNL','2005-09-18 13:13:53','2007-09-29 13:59:20',30561,'EEFBWdk5CxpT8JOt1C7x',0,0);
INSERT INTO SILUTEL.INVOICE VALUES('9VL1ri','1529-02-02 5:20:33','1939-05-16 6:59:51',20669,'AvxvJ3tUT8udDk2udD',0,0);
INSERT INTO SILUTEL.INVOICE VALUES('DBLKFN','2003-09-14 17:25:16','2014-09-16 14:45:3',18780,'EEFBWdk5CxpT8JOt1C7x',0,0);
INSERT INTO SILUTEL.INVOICE VALUES('rt3ajD','1734-12-01 3:49:44','1784-12-05 16:32:41',2610,'Oan75yKp',0,0);
INSERT INTO SILUTEL.INVOICE VALUES('zwLpTf','1542-06-09 4:20:45','1755-06-19 14:47:34',10192,'BEKxVaP2Ksy9kwOR',0,0);
INSERT INTO SILUTEL.INVOICE VALUES('a0zACo','1776-08-30 21:4:40','1999-08-30 14:31:34',6476,'JZKL1jsu',0,0);
INSERT INTO SILUTEL.INVOICE VALUES('pQQrD5','1090-10-13 6:0:20','1596-10-13 19:56:41',23654,'JiWBFWIxvH8nb',0,0);
INSERT INTO SILUTEL.INVOICE VALUES('2Wuy2c','1675-12-03 21:51:18','1676-12-15 4:31:40',10304,'pq6aLxZ',0,0);
INSERT INTO SILUTEL.INVOICE VALUES('QdwTxg','1518-06-11 19:32:38','1889-07-12 13:24:4',7221,'CmnPNZKAdHLmwTQZTw',0,0);
INSERT INTO SILUTEL.INVOICE VALUES('EQwi35','1116-05-05 8:54:19','1738-07-15 21:13:3',28399,'kcDyP2IzZZlJZDvzhJx',0,0);
INSERT INTO SILUTEL.INVOICE VALUES('03N9MI','1931-11-22 11:57:57','1954-12-23 21:1:41',31060,'BEKxVaP2Ksy9kwOR',0,0);
INSERT INTO SILUTEL.INVOICE VALUES('oPEYIl','1522-08-02 11:32:54','1555-09-09 19:56:19',16021,'JDq2kaqKPKy',0,0);
INSERT INTO SILUTEL.INVOICE VALUES('oE8mEU','1391-06-27 3:58:35','1892-09-27 12:47:36',19322,'8GpKufSpeI',0,0);
INSERT INTO SILUTEL.INVOICE VALUES('a8kEU5','1801-10-16 15:43:27','1857-12-18 4:10:11',25748,'LD86IbZQO40j',0,0);
INSERT INTO SILUTEL.INVOICE VALUES('2MFyId','1121-12-03 18:4:42','1893-12-15 10:30:17',3584,'pq6aLxZ',0,0);
INSERT INTO SILUTEL.INVOICE VALUES('HGOz1c','1960-07-29 6:46:55','1987-07-29 11:2:6',11859,'AvxvJ3tUT8udDk2udD',0,0);
INSERT INTO SILUTEL.INVOICE VALUES('jlrdWE','1035-01-05 15:51:45','1455-04-07 22:9:45',11226,'CmnPNZKAdHLmwTQZTw',0,0);
INSERT INTO SILUTEL.INVOICE VALUES('iCwJbj','1473-10-15 7:28:52','1595-11-26 5:53:13',5345,'Y5zPby0U5M',0,0);
INSERT INTO SILUTEL.INVOICE VALUES('5ID59u','1396-08-12 20:57:42','1399-09-25 17:3:59',15190,'AvxvJ3tUT8udDk2udD',0,0);
INSERT INTO SILUTEL.INVOICE VALUES('EimxGm','1615-10-26 15:4:45','1859-11-27 14:36:29',30541,'W4198je6PeNpHq',0,0);
INSERT INTO SILUTEL.INVOICE VALUES('L3NkfE','2012-02-09 1:9:23','2014-03-29 9:1:23',20423,'iuK',0,0);
INSERT INTO SILUTEL.INVOICE VALUES('SdEsAX','1122-09-14 15:54:5','1639-09-17 14:54:22',19138,'kutuvWgIjj28snD',0,0);
INSERT INTO SILUTEL.INVOICE VALUES('uEeibr','1436-06-02 15:6:14','1769-08-12 16:26:32',22730,'Oan75yKp',0,0);
INSERT INTO SILUTEL.INVOICE VALUES('9ppEjd','1160-02-18 17:19:37','1692-09-18 12:55:16',19403,'4Eo6MD',0,0);
INSERT INTO SILUTEL.INVOICE VALUES('beAaH3','1443-05-28 20:10:29','1563-06-29 20:14:33',13172,'Oan75yKp',0,0);
INSERT INTO SILUTEL.INVOICE VALUES('Dw3raL','1865-09-20 10:11:10','1869-09-29 22:16:7',27747,'JiWBFWIxvH8nb',0,0);
INSERT INTO SILUTEL.INVOICE VALUES('BhvyPs','1134-12-06 14:10:34','1555-12-16 5:38:44',19522,'f',0,0);
INSERT INTO SILUTEL.INVOICE VALUES('WOEyHP','1179-09-13 20:19:51','1779-09-14 5:3:55',24943,'7ElrnY0GRxpneofkJ',0,0);
INSERT INTO SILUTEL.INVOICE VALUES('cG1Ayw','1782-11-29 21:34:22','1989-11-29 3:40:59',3583,'8GpKufSpeI',0,0);
INSERT INTO SILUTEL.INVOICE VALUES('aXWesm','1836-05-22 20:45:31','1878-05-28 18:22:16',20961,'7ElrnY0GRxpneofkJ',0,0);
INSERT INTO SILUTEL.INVOICE VALUES('FXU7Cj','1387-11-27 5:26:1','1797-12-27 16:40:11',26892,'CmnPNZKAdHLmwTQZTw',0,0);
INSERT INTO SILUTEL.INVOICE VALUES('3Vgv5o','1396-04-14 7:56:22','1797-07-18 19:30:43',32140,'aJoXUDB1wejv',0,0);
INSERT INTO SILUTEL.INVOICE VALUES('PrvpgU','1900-03-05 15:19:3','1955-04-05 12:26:22',12319,'W4198je6PeNpHq',0,0);
INSERT INTO SILUTEL.INVOICE VALUES('DStVJ7','1052-07-14 8:31:18','1085-07-19 19:9:54',9356,'W4198je6PeNpHq',0,0);
INSERT INTO SILUTEL.INVOICE VALUES('nqH7kb','1036-09-04 15:41:37','1768-09-18 13:16:7',27913,'f',0,0);
INSERT INTO SILUTEL.INVOICE VALUES('kXQXV4','1740-03-19 1:16:7','1885-06-19 6:7:54',15120,'0wfP0cfy81MOzqV',0,0);
INSERT INTO SILUTEL.INVOICE VALUES('ZgJszT','1821-04-05 4:2:20','1947-08-16 0:42:47',31076,'mXZC',0,0);
INSERT INTO SILUTEL.INVOICE VALUES('xMdhlN','1013-01-07 5:33:28','2015-11-08 4:15:20',6851,'iuK',0,0);
INSERT INTO SILUTEL.INVOICE VALUES('SFqVav','1789-06-19 16:51:50','1899-07-19 5:13:41',19572,'LD86IbZQO40j',0,0);
INSERT INTO SILUTEL.INVOICE VALUES('xFty5P','1614-11-19 8:34:44','1769-11-19 2:39:18',13901,'pk2Z8HUgehpOiNPab',0,0);
INSERT INTO SILUTEL.INVOICE VALUES('qbFvH9','1813-02-19 3:39:50','1889-03-29 9:54:33',30050,'OEnh',0,0);
INSERT INTO SILUTEL.INVOICE VALUES('eS5Duw','1059-10-09 3:11:46','1979-12-19 15:1:55',8352,'kutuvWgIjj28snD',0,0);
INSERT INTO SILUTEL.INVOICE VALUES('HAnWt4','1505-04-02 0:22:9','1978-09-26 18:13:45',20102,'iuK',0,0);
INSERT INTO SILUTEL.INVOICE VALUES('S53fR4','1080-11-07 3:21:12','1088-11-07 14:12:25',29825,'p9Hu2',0,0);
INSERT INTO SILUTEL.INVOICE VALUES('CA3t01','1673-01-07 16:41:32','1977-05-07 3:27:43',13130,'JZKL1jsu',0,0);
INSERT INTO SILUTEL.INVOICE VALUES('PyJ6BR','1408-06-12 15:34:56','1408-07-17 8:58:53',19997,'W4198je6PeNpHq',0,0);
INSERT INTO SILUTEL.INVOICE VALUES('YKGn1c','1159-07-26 7:40:31','1599-08-27 16:46:39',12573,'pk2Z8HUgehpOiNPab',0,0);
INSERT INTO SILUTEL.INVOICE VALUES('7OOiPE','1141-06-29 17:27:12','1184-09-29 18:26:20',18407,'pq6aLxZ',0,0);
INSERT INTO SILUTEL.INVOICE VALUES('SjPsX1','1141-10-04 13:6:6','1776-10-19 16:6:7',12609,'CmnPNZKAdHLmwTQZTw',0,0);
INSERT INTO SILUTEL.INVOICE VALUES('s58lPr','1990-11-03 17:6:38','1995-12-05 1:14:7',28153,'AvxvJ3tUT8udDk2udD',0,0);
INSERT INTO SILUTEL.INVOICE VALUES('M5k5Sa','1175-09-01 11:1:19','1579-09-14 6:11:53',28231,'nzzmJ',0,0);
INSERT INTO SILUTEL.INVOICE VALUES('ngPB8m','1862-06-27 22:46:7','1969-09-28 8:36:46',32699,'W4198je6PeNpHq',0,0);
INSERT INTO SILUTEL.INVOICE VALUES('VTkfsD','1184-04-22 17:34:33','1986-06-23 7:2:23',26256,'plA8vMSGOwPzpOwhpo',0,0);
INSERT INTO SILUTEL.INVOICE VALUES('zF839k','1789-03-05 12:24:51','1999-09-06 0:19:34',27238,'JZKL1jsu',0,0);
INSERT INTO SILUTEL.INVOICE VALUES('wfSB4g','1175-09-20 20:46:35','1396-09-23 2:18:41',9116,'JiWBFWIxvH8nb',0,0);
INSERT INTO SILUTEL.INVOICE VALUES('CuJYuh','1721-11-16 6:32:39','1897-11-29 18:30:30',20597,'EEFBWdk5CxpT8JOt1C7x',0,0);
INSERT INTO SILUTEL.INVOICE VALUES('Fq1ORn','1873-09-20 8:29:35','1978-09-27 23:16:3',25799,'RrIG2QP',0,0);
INSERT INTO SILUTEL.INVOICE VALUES('8YSs38','1617-11-21 3:25:24','1967-11-26 2:42:49',2782,'4Eo6MD',0,0);
INSERT INTO SILUTEL.INVOICE VALUES('NPI8Zf','1450-08-18 5:40:38','1565-09-19 12:46:51',10526,'aJoXUDB1wejv',0,0);
INSERT INTO SILUTEL.INVOICE VALUES('eunfek','1879-01-16 4:31:3','1899-08-28 8:0:25',17923,'cUktQQSdpFeLZb0L',0,0);
INSERT INTO SILUTEL.INVOICE VALUES('kqbx8y','1153-07-17 16:42:53','1776-09-17 5:44:39',29753,'plA8vMSGOwPzpOwhpo',0,0);
INSERT INTO SILUTEL.INVOICE VALUES('ldWz5S','1450-09-14 7:33:9','1955-09-19 19:35:40',26297,'PIokQ4rx',0,0);
INSERT INTO SILUTEL.INVOICE VALUES('TgnOiA','1706-09-15 4:58:17','1868-09-25 3:34:57',31568,'JDq2kaqKPKy',0,0);
INSERT INTO SILUTEL.INVOICE VALUES('GzoTqa','1956-10-15 7:59:17','1979-10-26 18:54:56',10941,'f',0,0);
INSERT INTO SILUTEL.INVOICE VALUES('7XoAEi','1239-12-03 8:0:41','1799-12-24 6:40:56',29151,'pq6aLxZ',0,0);
INSERT INTO SILUTEL.INVOICE VALUES('NRFvhc','1553-03-10 18:14:28','1857-07-24 10:26:52',22579,'EEFBWdk5CxpT8JOt1C7x',0,0);
INSERT INTO SILUTEL.INVOICE VALUES('UoFlvz','1690-10-13 23:0:5','1793-12-29 0:24:19',1613,'8GpKufSpeI',0,0);
INSERT INTO SILUTEL.INVOICE VALUES('fxTVpm','1600-01-01 21:31:21','1733-11-09 9:21:44',13508,'OEnh',0,0);
INSERT INTO SILUTEL.INVOICE VALUES('7SQjAo','1801-08-29 5:8:53','1826-09-29 4:33:5',18195,'CmnPNZKAdHLmwTQZTw',0,0);
INSERT INTO SILUTEL.INVOICE VALUES('jHN9hW','1714-02-03 1:36:17','1928-07-25 9:10:55',13848,'0wfP0cfy81MOzqV',0,0);
INSERT INTO SILUTEL.INVOICE VALUES('zo5Brw','1348-01-15 22:20:7','1398-05-16 17:4:51',18496,'CmnPNZKAdHLmwTQZTw',0,0);
INSERT INTO SILUTEL.INVOICE VALUES('yJzHxN','1389-11-02 2:6:21','1699-11-28 0:6:35',2947,'ujTK9npoGg9cE8G',0,0);
INSERT INTO SILUTEL.INVOICE VALUES('StPago','1850-12-25 0:15:22','1978-12-29 22:48:10',3606,'B3k',0,0);
INSERT INTO SILUTEL.INVOICE VALUES('s5ekY2','1269-11-16 10:5:15','1599-11-18 19:11:29',2030,'8GpKufSpeI',0,0);
INSERT INTO SILUTEL.INVOICE VALUES('1N3pmC','1684-10-05 8:4:56','1687-12-19 12:10:23',14065,'c5thA',0,0);
INSERT INTO SILUTEL.INVOICE VALUES('RMFefN','1825-11-27 0:29:6','1997-12-28 6:36:31',22495,'8',0,0);
INSERT INTO SILUTEL.INVOICE VALUES('ooGNIg','1567-10-30 1:47:15','1968-10-30 2:4:13',29508,'7ElrnY0GRxpneofkJ',0,0);
INSERT INTO SILUTEL.INVOICE VALUES('dRxRmF','1664-09-25 22:35:14','1878-09-27 3:19:36',5830,'f',0,0);
INSERT INTO SILUTEL.INVOICE VALUES('Cjxc2C','1360-11-05 8:3:46','1664-12-27 13:48:35',14148,'4Eo6MD',0,0);
INSERT INTO SILUTEL.INVOICE VALUES('DQcntF','1606-12-10 11:32:31','1706-12-18 13:51:28',24522,'Pn6ZPQjcFG',0,0);
INSERT INTO SILUTEL.INVOICE VALUES('F3ZG6Z','1269-12-27 18:26:43','1799-12-29 1:5:1',19951,'inDX',0,0);
INSERT INTO SILUTEL.INVOICE VALUES('0fYrYZ','1439-09-01 4:32:42','1489-09-28 5:32:41',23166,'Pn6ZPQjcFG',0,0);
INSERT INTO SILUTEL.INVOICE VALUES('7a2JLO','1289-11-14 23:11:6','1599-11-17 11:30:57',17510,'Ra6dzwajS',0,0);
INSERT INTO SILUTEL.INVOICE VALUES('1LX1Cz','1819-01-21 12:28:32','1839-12-21 17:51:41',1610,'Pn6ZPQjcFG',0,0);
INSERT INTO SILUTEL.INVOICE VALUES('TDM3Hc','1597-05-10 7:42:23','1698-05-22 18:48:6',1104,'7ElrnY0GRxpneofkJ',0,0);
INSERT INTO SILUTEL.INVOICE VALUES('qI0iMw','1257-01-21 1:0:1','1797-06-22 9:28:54',31861,'EEFBWdk5CxpT8JOt1C7x',0,0);
INSERT INTO SILUTEL.INVOICE VALUES('1YaxnV','1135-01-12 5:12:29','1648-09-12 9:27:58',28735,'HYQNDcV5z5UkY',0,0);
INSERT INTO SILUTEL.INVOICE VALUES('csfbHk','1886-06-23 0:40:15','1997-07-24 10:5:44',12584,'7ElrnY0GRxpneofkJ',0,0);
INSERT INTO SILUTEL.INVOICE VALUES('UxxyUz','1756-09-11 3:5:29','1896-09-25 6:17:14',27592,'8',0,0);
INSERT INTO SILUTEL.INVOICE VALUES('u50R1x','1138-06-16 19:29:2','1489-08-19 16:19:21',13463,'P8yw3r7nV7uUQ10MsXs',0,0);
INSERT INTO SILUTEL.INVOICE VALUES('0tz4bX','1020-06-05 15:42:18','1848-09-25 3:19:38',27269,'6TWrA',0,0);
INSERT INTO SILUTEL.INVOICE VALUES('OAUzvZ','1832-01-28 3:51:58','1947-09-28 6:44:1',5526,'f',0,0);
INSERT INTO SILUTEL.INVOICE VALUES('Vxklnd','1666-07-17 8:13:51','1889-08-29 3:10:18',10606,'uz',0,0);
INSERT INTO SILUTEL.INVOICE VALUES('vjNaeU','1266-09-07 12:58:33','1799-09-27 6:23:0',20352,'HYQNDcV5z5UkY',0,0);
INSERT INTO SILUTEL.INVOICE VALUES('IwIHcy','1629-10-01 2:41:54','1929-10-15 9:13:25',28803,'PIokQ4rx',0,0);
INSERT INTO SILUTEL.INVOICE VALUES('2nSQla','1003-11-10 15:10:2','1164-11-20 1:14:54',32096,'5T4RLOf',0,0);
INSERT INTO SILUTEL.INVOICE VALUES('a1ZmYb','1640-09-12 2:7:9','1952-09-23 8:4:58',26896,'8GpKufSpeI',0,0);
INSERT INTO SILUTEL.INVOICE VALUES('jKfXbR','1863-02-25 14:5:23','1873-08-27 7:1:1',26441,'7ZrVq7SbtwQxeir',0,0);
INSERT INTO SILUTEL.INVOICE VALUES('MpIPBK','1080-05-07 22:22:17','1099-08-17 13:48:1',30600,'kutuvWgIjj28snD',0,0);
INSERT INTO SILUTEL.INVOICE VALUES('foGwxQ','1746-11-24 2:6:23','1997-11-29 21:36:38',8563,'8GpKufSpeI',0,0);
INSERT INTO SILUTEL.INVOICE VALUES('MGbiSj','1447-08-10 1:0:25','1989-08-29 10:7:2',9118,'Q1fNbYo1N254dNQM',0,0);
INSERT INTO SILUTEL.INVOICE VALUES('adhb0Y','1321-11-17 10:40:54','1681-12-27 13:4:4',7597,'kcDyP2IzZZlJZDvzhJx',0,0);
INSERT INTO SILUTEL.INVOICE VALUES('dKowQ4','1806-04-18 18:20:58','1886-06-19 0:53:45',5225,'JccvRnBDCBaD8kqaeeW',0,0);
INSERT INTO SILUTEL.INVOICE VALUES('cMIBMY','1661-03-07 5:2:19','1686-07-17 6:31:45',13320,'nzzmJ',0,0);
INSERT INTO SILUTEL.INVOICE VALUES('V0F07n','1998-10-07 9:58:22','1999-10-17 19:54:44',32543,'pq6aLxZ',0,0);
INSERT INTO SILUTEL.INVOICE VALUES('WyPFiN','1051-09-08 19:31:26','1564-09-28 16:10:38',22824,'4Eo6MD',0,0);
INSERT INTO SILUTEL.INVOICE VALUES('CmkkgW','1679-03-28 7:42:18','1979-08-29 5:20:24',14048,'plA8vMSGOwPzpOwhpo',0,0);
INSERT INTO SILUTEL.INVOICE VALUES('GyKPlJ','1474-07-03 0:44:8','1488-07-14 7:0:21',10436,'huk4J',0,0);
INSERT INTO SILUTEL.INVOICE VALUES('1Z36f7','1862-11-20 13:7:52','1998-11-24 12:13:58',25624,'u7ptZ9Uk64vpcdBm',0,0);
INSERT INTO SILUTEL.INVOICE VALUES('MAOrjC','1555-01-24 23:44:57','1899-05-27 5:33:56',6024,'pk2Z8HUgehpOiNPab',0,0);
INSERT INTO SILUTEL.INVOICE VALUES('XmkyLt','1063-09-26 17:43:20','1093-09-28 3:13:56',14794,'8GpKufSpeI',0,0);
INSERT INTO SILUTEL.INVOICE VALUES('TuInfr','1474-01-14 0:42:13','1895-01-29 5:4:30',6783,'P8yw3r7nV7uUQ10MsXs',0,0);
INSERT INTO SILUTEL.INVOICE VALUES('mJNIwu','1438-04-18 13:37:33','1649-04-18 0:54:10',16080,'inDX',0,0);
INSERT INTO SILUTEL.INVOICE VALUES('pd530J','1714-10-29 23:3:57','1796-10-29 12:6:29',17487,'mXZC',0,0);
INSERT INTO SILUTEL.TIPE_KAMAR VALUES('tsuB7W5hlSRcS9p',17942,'zlKs4kJQuxziEwYx7DWpZY8cTYRDoyRxn1wSIjL05Jv1QTe65oCOxK078L1uJ9ofOAc4OMsLm',12493,25742);
INSERT INTO SILUTEL.TIPE_KAMAR VALUES('N5VkWk9oQfXc91GO',29920,'jp6xSJljMJuzpcCiiBYKTnMc25gjhPYyEzo3AEWPokYFMUfGqV1wGAmCUshYwJuN1SUcs1cB187Pg',25969,24740);
INSERT INTO SILUTEL.TIPE_KAMAR VALUES('SznV8',23889,'BOfY7Dn2wbfijEv',953,15189);
INSERT INTO SILUTEL.TIPE_KAMAR VALUES('yhxnAoJhnHEoHOffLsi',20582,'EnIBgnyDy1gwIPGSuOzfzJZqLUfNoAAAZqdYz4UDXIag4c0lnegX7B2',1367,8611);
INSERT INTO SILUTEL.TIPE_KAMAR VALUES('Uib',27700,'iwMwEwR48BXZbJ',31434,15732);
INSERT INTO SILUTEL.TIPE_KAMAR VALUES('qYibulKqQkOf',10316,'sfKPCChW2jjDk1PlstyO7KKM7Z4fGR4dgAo1BVbhjQQEJw0WnQFCU6EeZ4YgpUIFVJLiMxjWHcJVY0aT5siuanDM',10519,10975);
INSERT INTO SILUTEL.TIPE_KAMAR VALUES('67TO',24175,'0nNYxloV6ZmhDgpob',2147,25054);
INSERT INTO SILUTEL.TIPE_KAMAR VALUES('7XxTKxRTQy6kduH',5281,'aZfcht7gsfZMieRAh',5326,13921);
INSERT INTO SILUTEL.TIPE_KAMAR VALUES('pR3vID4aWhZwixOzxlL',12957,'mWXYBN783JSjEri6j8kmsAK5tMEPcI8Te2NDGSsRF9tJAaLPbnCxkg6GgaFoMOZk00UCrNJPfLJTCAEbRKkKa6014UT08l',26755,16022);
INSERT INTO SILUTEL.TIPE_KAMAR VALUES('uSp8',13925,'woj3Fv58xWZixkQZpFBBC2OJ0zQoCk1AJLSlRf9r5GsAzTqBewDxL',23287,31561);
INSERT INTO SILUTEL.KAMAR VALUES(20293,19449,'N5VkWk9oQfXc91GO');
INSERT INTO SILUTEL.KAMAR VALUES(22750,661,'67TO');
INSERT INTO SILUTEL.KAMAR VALUES(9213,23075,'tsuB7W5hlSRcS9p');
INSERT INTO SILUTEL.KAMAR VALUES(19753,5082,'SznV8');
INSERT INTO SILUTEL.KAMAR VALUES(4008,5177,'SznV8');
INSERT INTO SILUTEL.KAMAR VALUES(569,11940,'7XxTKxRTQy6kduH');
INSERT INTO SILUTEL.KAMAR VALUES(11138,9741,'67TO');
INSERT INTO SILUTEL.KAMAR VALUES(15483,7186,'uSp8');
INSERT INTO SILUTEL.KAMAR VALUES(3156,14166,'7XxTKxRTQy6kduH');
INSERT INTO SILUTEL.KAMAR VALUES(12457,28360,'67TO');
INSERT INTO SILUTEL.KAMAR VALUES(18316,6466,'7XxTKxRTQy6kduH');
INSERT INTO SILUTEL.KAMAR VALUES(17813,24202,'7XxTKxRTQy6kduH');
INSERT INTO SILUTEL.KAMAR VALUES(7848,4650,'N5VkWk9oQfXc91GO');
INSERT INTO SILUTEL.KAMAR VALUES(4717,27167,'uSp8');
INSERT INTO SILUTEL.KAMAR VALUES(11661,824,'7XxTKxRTQy6kduH');
INSERT INTO SILUTEL.KAMAR VALUES(1125,8744,'Uib');
INSERT INTO SILUTEL.KAMAR VALUES(21837,13292,'N5VkWk9oQfXc91GO');
INSERT INTO SILUTEL.KAMAR VALUES(23156,2319,'N5VkWk9oQfXc91GO');
INSERT INTO SILUTEL.KAMAR VALUES(13587,23564,'67TO');
INSERT INTO SILUTEL.KAMAR VALUES(10932,9085,'67TO');
INSERT INTO SILUTEL.KAMAR VALUES(6128,19699,'yhxnAoJhnHEoHOffLsi');
INSERT INTO SILUTEL.KAMAR VALUES(18457,13453,'67TO');
INSERT INTO SILUTEL.KAMAR VALUES(28164,31353,'pR3vID4aWhZwixOzxlL');
INSERT INTO SILUTEL.KAMAR VALUES(18371,32104,'uSp8');
INSERT INTO SILUTEL.KAMAR VALUES(11070,9930,'tsuB7W5hlSRcS9p');
INSERT INTO SILUTEL.KAMAR VALUES(13040,6203,'qYibulKqQkOf');
INSERT INTO SILUTEL.KAMAR VALUES(29269,24676,'tsuB7W5hlSRcS9p');
INSERT INTO SILUTEL.KAMAR VALUES(20851,9846,'tsuB7W5hlSRcS9p');
INSERT INTO SILUTEL.KAMAR VALUES(28348,19373,'SznV8');
INSERT INTO SILUTEL.KAMAR VALUES(21519,30764,'N5VkWk9oQfXc91GO');
INSERT INTO SILUTEL.KAMAR VALUES(28777,13423,'tsuB7W5hlSRcS9p');
INSERT INTO SILUTEL.KAMAR VALUES(26747,15017,'7XxTKxRTQy6kduH');
INSERT INTO SILUTEL.KAMAR VALUES(1826,28936,'qYibulKqQkOf');
INSERT INTO SILUTEL.KAMAR VALUES(27500,22623,'pR3vID4aWhZwixOzxlL');
INSERT INTO SILUTEL.KAMAR VALUES(23751,29456,'tsuB7W5hlSRcS9p');
INSERT INTO SILUTEL.KAMAR VALUES(15747,26345,'7XxTKxRTQy6kduH');
INSERT INTO SILUTEL.KAMAR VALUES(12998,8852,'pR3vID4aWhZwixOzxlL');
INSERT INTO SILUTEL.KAMAR VALUES(13059,27455,'Uib');
INSERT INTO SILUTEL.KAMAR VALUES(18981,31893,'67TO');
INSERT INTO SILUTEL.KAMAR VALUES(27586,13522,'tsuB7W5hlSRcS9p');
INSERT INTO SILUTEL.KAMAR VALUES(2882,27310,'qYibulKqQkOf');
INSERT INTO SILUTEL.KAMAR VALUES(19226,10891,'yhxnAoJhnHEoHOffLsi');
INSERT INTO SILUTEL.KAMAR VALUES(18070,938,'N5VkWk9oQfXc91GO');
INSERT INTO SILUTEL.KAMAR VALUES(20039,9513,'tsuB7W5hlSRcS9p');
INSERT INTO SILUTEL.KAMAR VALUES(21891,581,'Uib');
INSERT INTO SILUTEL.KAMAR VALUES(21024,12087,'tsuB7W5hlSRcS9p');
INSERT INTO SILUTEL.KAMAR VALUES(30565,6272,'tsuB7W5hlSRcS9p');
INSERT INTO SILUTEL.KAMAR VALUES(25962,21306,'Uib');
INSERT INTO SILUTEL.KAMAR VALUES(3031,18939,'tsuB7W5hlSRcS9p');
INSERT INTO SILUTEL.KAMAR VALUES(30229,7929,'SznV8');
INSERT INTO SILUTEL.INVOICE_KAMAR VALUES('2MFyId',10932,9085);
INSERT INTO SILUTEL.INVOICE_KAMAR VALUES('1LX1Cz',20039,9513);
INSERT INTO SILUTEL.INVOICE_KAMAR VALUES('1Z36f7',7848,4650);
INSERT INTO SILUTEL.INVOICE_KAMAR VALUES('eunfek',15747,26345);
INSERT INTO SILUTEL.INVOICE_KAMAR VALUES('dRxRmF',18316,6466);
INSERT INTO SILUTEL.INVOICE_KAMAR VALUES('i1asnT',3156,14166);
INSERT INTO SILUTEL.INVOICE_KAMAR VALUES('PyJ6BR',20293,19449);
INSERT INTO SILUTEL.INVOICE_KAMAR VALUES('u50R1x',28164,31353);
INSERT INTO SILUTEL.INVOICE_KAMAR VALUES('s5ekY2',20851,9846);
INSERT INTO SILUTEL.INVOICE_KAMAR VALUES('foGwxQ',13587,23564);
INSERT INTO SILUTEL.INVOICE_KAMAR VALUES('iCwJbj',4008,5177);
INSERT INTO SILUTEL.INVOICE_KAMAR VALUES('UxxyUz',1125,8744);
INSERT INTO SILUTEL.INVOICE_KAMAR VALUES('YKGn1c',27500,22623);
INSERT INTO SILUTEL.INVOICE_KAMAR VALUES('ldWz5S',9213,23075);
INSERT INTO SILUTEL.INVOICE_KAMAR VALUES('S53fR4',4717,27167);
INSERT INTO SILUTEL.INVOICE_KAMAR VALUES('pd530J',29269,24676);
INSERT INTO SILUTEL.INVOICE_KAMAR VALUES('PrvpgU',25962,21306);
INSERT INTO SILUTEL.INVOICE_KAMAR VALUES('IYxQec',21837,13292);
INSERT INTO SILUTEL.INVOICE_KAMAR VALUES('xMdhlN',18981,31893);
INSERT INTO SILUTEL.INVOICE_KAMAR VALUES('AzlsO7',30565,6272);
INSERT INTO SILUTEL.INVOICE_KAMAR VALUES('2MFyId',18981,31893);
INSERT INTO SILUTEL.INVOICE_KAMAR VALUES('MpIPBK',18316,6466);
INSERT INTO SILUTEL.INVOICE_KAMAR VALUES('PyJ6BR',10932,9085);
INSERT INTO SILUTEL.INVOICE_KAMAR VALUES('OtguTH',21024,12087);
INSERT INTO SILUTEL.INVOICE_KAMAR VALUES('bKha4T',18371,32104);
INSERT INTO SILUTEL.INVOICE_KAMAR VALUES('vjNaeU',2882,27310);
INSERT INTO SILUTEL.INVOICE_KAMAR VALUES('qbFvH9',27500,22623);
INSERT INTO SILUTEL.INVOICE_KAMAR VALUES('UoFlvz',1826,28936);
INSERT INTO SILUTEL.INVOICE_KAMAR VALUES('adhb0Y',2882,27310);
INSERT INTO SILUTEL.INVOICE_KAMAR VALUES('zF839k',11138,9741);
INSERT INTO SILUTEL.INVOICE_KAMAR VALUES('cG1Ayw',13040,6203);
INSERT INTO SILUTEL.INVOICE_KAMAR VALUES('jlrdWE',30565,6272);
INSERT INTO SILUTEL.INVOICE_KAMAR VALUES('kXQXV4',20293,19449);
INSERT INTO SILUTEL.INVOICE_KAMAR VALUES('1N3pmC',3031,18939);
INSERT INTO SILUTEL.INVOICE_KAMAR VALUES('xGbJRn',13587,23564);
INSERT INTO SILUTEL.INVOICE_KAMAR VALUES('i1asnT',18371,32104);
INSERT INTO SILUTEL.INVOICE_KAMAR VALUES('Wzv1Z8',15747,26345);
INSERT INTO SILUTEL.INVOICE_KAMAR VALUES('rt3ajD',21891,581);
INSERT INTO SILUTEL.INVOICE_KAMAR VALUES('wfSB4g',17813,24202);
INSERT INTO SILUTEL.INVOICE_KAMAR VALUES('HGOz1c',18070,938);
INSERT INTO SILUTEL.INVOICE_KAMAR VALUES('ATiBSH',4717,27167);
INSERT INTO SILUTEL.INVOICE_KAMAR VALUES('7a2JLO',20851,9846);
INSERT INTO SILUTEL.INVOICE_KAMAR VALUES('Bb9lQI',2882,27310);
INSERT INTO SILUTEL.INVOICE_KAMAR VALUES('csfbHk',10932,9085);
INSERT INTO SILUTEL.INVOICE_KAMAR VALUES('0fYrYZ',28777,13423);
INSERT INTO SILUTEL.INVOICE_KAMAR VALUES('csfbHk',12457,28360);
INSERT INTO SILUTEL.INVOICE_KAMAR VALUES('MpIPBK',12998,8852);
INSERT INTO SILUTEL.INVOICE_KAMAR VALUES('ebrSNL',27500,22623);
INSERT INTO SILUTEL.INVOICE_KAMAR VALUES('SdEsAX',20039,9513);
INSERT INTO SILUTEL.INVOICE_KAMAR VALUES('pQQrD5',17813,24202);
INSERT INTO SILUTEL.INVOICE_KAMAR VALUES('KzS95G',17813,24202);
INSERT INTO SILUTEL.INVOICE_KAMAR VALUES('M5k5Sa',21891,581);
INSERT INTO SILUTEL.INVOICE_KAMAR VALUES('2nSQla',15747,26345);
INSERT INTO SILUTEL.INVOICE_KAMAR VALUES('PrvpgU',13587,23564);
INSERT INTO SILUTEL.INVOICE_KAMAR VALUES('hlrlxc',4717,27167);
INSERT INTO SILUTEL.INVOICE_KAMAR VALUES('yJzHxN',28164,31353);
INSERT INTO SILUTEL.INVOICE_KAMAR VALUES('ZeNTYy',11070,9930);
INSERT INTO SILUTEL.INVOICE_KAMAR VALUES('1N3pmC',26747,15017);
INSERT INTO SILUTEL.INVOICE_KAMAR VALUES('XmkyLt',12457,28360);
INSERT INTO SILUTEL.INVOICE_KAMAR VALUES('TDM3Hc',20851,9846);
INSERT INTO SILUTEL.INVOICE_KAMAR VALUES('dRxRmF',23751,29456);
INSERT INTO SILUTEL.INVOICE_KAMAR VALUES('UxxyUz',21891,581);
INSERT INTO SILUTEL.INVOICE_KAMAR VALUES('5ID59u',18371,32104);
INSERT INTO SILUTEL.INVOICE_KAMAR VALUES('beAaH3',10932,9085);
INSERT INTO SILUTEL.INVOICE_KAMAR VALUES('cMIBMY',22750,661);
INSERT INTO SILUTEL.INVOICE_KAMAR VALUES('JaWpI9',9213,23075);
INSERT INTO SILUTEL.INVOICE_KAMAR VALUES('ngPB8m',7848,4650);
INSERT INTO SILUTEL.INVOICE_KAMAR VALUES('PyJ6BR',21519,30764);
INSERT INTO SILUTEL.INVOICE_KAMAR VALUES('cG1Ayw',21891,581);
INSERT INTO SILUTEL.INVOICE_KAMAR VALUES('iCwJbj',6128,19699);
INSERT INTO SILUTEL.INVOICE_KAMAR VALUES('uEeibr',6128,19699);
INSERT INTO SILUTEL.INVOICE_KAMAR VALUES('ldWz5S',19226,10891);
INSERT INTO SILUTEL.INVOICE_KAMAR VALUES('ANSw25',23751,29456);
INSERT INTO SILUTEL.INVOICE_KAMAR VALUES('03N9MI',4717,27167);
INSERT INTO SILUTEL.INVOICE_KAMAR VALUES('Cjxc2C',12998,8852);
INSERT INTO SILUTEL.INVOICE_KAMAR VALUES('s5ekY2',21837,13292);
INSERT INTO SILUTEL.INVOICE_KAMAR VALUES('SdEsAX',21837,13292);
INSERT INTO SILUTEL.INVOICE_KAMAR VALUES('Vxklnd',30229,7929);
INSERT INTO SILUTEL.INVOICE_KAMAR VALUES('ioYFE3',3031,18939);
INSERT INTO SILUTEL.INVOICE_KAMAR VALUES('CmkkgW',20039,9513);
INSERT INTO SILUTEL.INVOICE_KAMAR VALUES('DQcntF',2882,27310);
INSERT INTO SILUTEL.INVOICE_KAMAR VALUES('Vl35sX',20039,9513);
INSERT INTO SILUTEL.INVOICE_KAMAR VALUES('MSOHA3',19226,10891);
INSERT INTO SILUTEL.INVOICE_KAMAR VALUES('OAUzvZ',13040,6203);
INSERT INTO SILUTEL.INVOICE_KAMAR VALUES('NRFvhc',22750,661);
INSERT INTO SILUTEL.INVOICE_KAMAR VALUES('VTkfsD',26747,15017);
INSERT INTO SILUTEL.INVOICE_KAMAR VALUES('s5ekY2',15483,7186);
INSERT INTO SILUTEL.INVOICE_KAMAR VALUES('EimxGm',569,11940);
INSERT INTO SILUTEL.INVOICE_KAMAR VALUES('fxTVpm',28348,19373);
INSERT INTO SILUTEL.INVOICE_KAMAR VALUES('TgnOiA',18981,31893);
INSERT INTO SILUTEL.INVOICE_KAMAR VALUES('TuInfr',12457,28360);
INSERT INTO SILUTEL.INVOICE_KAMAR VALUES('ooGNIg',4717,27167);
INSERT INTO SILUTEL.INVOICE_KAMAR VALUES('MAOrjC',20293,19449);
INSERT INTO SILUTEL.INVOICE_KAMAR VALUES('NPI8Zf',21024,12087);
INSERT INTO SILUTEL.INVOICE_KAMAR VALUES('a2IQ5s',19226,10891);
INSERT INTO SILUTEL.INVOICE_KAMAR VALUES('9ppEjd',20293,19449);
INSERT INTO SILUTEL.INVOICE_KAMAR VALUES('nqH7kb',18316,6466);
INSERT INTO SILUTEL.INVOICE_KAMAR VALUES('rt3ajD',23156,2319);
INSERT INTO SILUTEL.INVOICE_KAMAR VALUES('mJNIwu',11661,824);
INSERT INTO SILUTEL.INVOICE_KAMAR VALUES('SFqVav',15483,7186);
INSERT INTO SILUTEL.INVOICE_KAMAR VALUES('mY8Ehb',22750,661);
INSERT INTO SILUTEL.INVOICE_KAMAR VALUES('StPago',27586,13522);
INSERT INTO SILUTEL.INVOICE_KAMAR VALUES('dKowQ4',17813,24202);
INSERT INTO SILUTEL.INVOICE_KAMAR VALUES('OtguTH',15483,7186);
INSERT INTO SILUTEL.INVOICE_KAMAR VALUES('pd530J',4717,27167);
INSERT INTO SILUTEL.INVOICE_KAMAR VALUES('DStVJ7',7848,4650);
INSERT INTO SILUTEL.INVOICE_KAMAR VALUES('FXU7Cj',28164,31353);
INSERT INTO SILUTEL.INVOICE_KAMAR VALUES('xFty5P',23751,29456);
INSERT INTO SILUTEL.INVOICE_KAMAR VALUES('eunfek',20293,19449);
INSERT INTO SILUTEL.INVOICE_KAMAR VALUES('CmkkgW',4717,27167);
INSERT INTO SILUTEL.INVOICE_KAMAR VALUES('zwLpTf',21024,12087);
INSERT INTO SILUTEL.INVOICE_KAMAR VALUES('7XoAEi',23156,2319);
INSERT INTO SILUTEL.INVOICE_KAMAR VALUES('QdwTxg',3031,18939);
INSERT INTO SILUTEL.INVOICE_KAMAR VALUES('Vxklnd',21837,13292);
INSERT INTO SILUTEL.INVOICE_KAMAR VALUES('HGOz1c',11661,824);
INSERT INTO SILUTEL.INVOICE_KAMAR VALUES('CA3t01',27500,22623);
INSERT INTO SILUTEL.INVOICE_KAMAR VALUES('a0zACo',21519,30764);
INSERT INTO SILUTEL.INVOICE_KAMAR VALUES('Dw3raL',13040,6203);
INSERT INTO SILUTEL.INVOICE_KAMAR VALUES('GzoTqa',30229,7929);
INSERT INTO SILUTEL.INVOICE_KAMAR VALUES('9VL1ri',21891,581);
INSERT INTO SILUTEL.INVOICE_KAMAR VALUES('Vl35sX',18371,32104);
INSERT INTO SILUTEL.INVOICE_KAMAR VALUES('GyKPlJ',21519,30764);
INSERT INTO SILUTEL.INVOICE_KAMAR VALUES('uEeibr',28777,13423);
INSERT INTO SILUTEL.INVOICE_KAMAR VALUES('iA22fw',1826,28936);
INSERT INTO SILUTEL.INVOICE_KAMAR VALUES('XmkyLt',30229,7929);
INSERT INTO SILUTEL.INVOICE_KAMAR VALUES('WyPFiN',29269,24676);
INSERT INTO SILUTEL.INVOICE_KAMAR VALUES('NFAoC0',569,11940);
INSERT INTO SILUTEL.INVOICE_KAMAR VALUES('EQwi35',9213,23075);
INSERT INTO SILUTEL.INVOICE_KAMAR VALUES('MGbiSj',7848,4650);
INSERT INTO SILUTEL.INVOICE_KAMAR VALUES('ZNHzWM',30229,7929);
INSERT INTO SILUTEL.INVOICE_KAMAR VALUES('ioYFE3',13059,27455);
INSERT INTO SILUTEL.INVOICE_KAMAR VALUES('Xo9LMD',11138,9741);
INSERT INTO SILUTEL.INVOICE_KAMAR VALUES('V0F07n',26747,15017);
INSERT INTO SILUTEL.INVOICE_KAMAR VALUES('kqbx8y',28777,13423);
INSERT INTO SILUTEL.INVOICE_KAMAR VALUES('eS5Duw',1125,8744);
INSERT INTO SILUTEL.INVOICE_KAMAR VALUES('CuJYuh',28348,19373);
INSERT INTO SILUTEL.INVOICE_KAMAR VALUES('KiwzwC',569,11940);
INSERT INTO SILUTEL.INVOICE_KAMAR VALUES('O1x8Ms',4008,5177);
INSERT INTO SILUTEL.INVOICE_KAMAR VALUES('F3ZG6Z',1826,28936);
INSERT INTO SILUTEL.INVOICE_KAMAR VALUES('7SQjAo',26747,15017);
INSERT INTO SILUTEL.INVOICE_KAMAR VALUES('aXWesm',29269,24676);
INSERT INTO SILUTEL.INVOICE_KAMAR VALUES('8YSs38',4008,5177);
INSERT INTO SILUTEL.INVOICE_KAMAR VALUES('xMdhlN',4717,27167);
INSERT INTO SILUTEL.INVOICE_KAMAR VALUES('kpHKJq',21891,581);
INSERT INTO SILUTEL.INVOICE_KAMAR VALUES('1LX1Cz',15483,7186);
INSERT INTO SILUTEL.INVOICE_KAMAR VALUES('oPEYIl',9213,23075);
INSERT INTO SILUTEL.INVOICE_KAMAR VALUES('TDERJX',7848,4650);
INSERT INTO SILUTEL.INVOICE_KAMAR VALUES('ddeBNE',28164,31353);
INSERT INTO SILUTEL.INVOICE_KAMAR VALUES('BhvyPs',18981,31893);
INSERT INTO SILUTEL.INVOICE_KAMAR VALUES('MqxuLT',11661,824);
INSERT INTO SILUTEL.INVOICE_KAMAR VALUES('zo5Brw',21519,30764);
INSERT INTO SILUTEL.INVOICE_KAMAR VALUES('2Wuy2c',11661,824);
INSERT INTO SILUTEL.INVOICE_KAMAR VALUES('EQwi35',30229,7929);
INSERT INTO SILUTEL.INVOICE_KAMAR VALUES('kqbx8y',22750,661);
INSERT INTO SILUTEL.INVOICE_KAMAR VALUES('1YaxnV',21837,13292);
INSERT INTO SILUTEL.INVOICE_KAMAR VALUES('YJwhU3',6128,19699);
INSERT INTO SILUTEL.INVOICE_KAMAR VALUES('s58lPr',27500,22623);
INSERT INTO SILUTEL.INVOICE_KAMAR VALUES('8YSs38',11661,824);
INSERT INTO SILUTEL.INVOICE_KAMAR VALUES('jKfXbR',15747,26345);
INSERT INTO SILUTEL.INVOICE_KAMAR VALUES('jHN9hW',21837,13292);
INSERT INTO SILUTEL.INVOICE_KAMAR VALUES('IwIHcy',20039,9513);
INSERT INTO SILUTEL.INVOICE_KAMAR VALUES('jHN9hW',20851,9846);
INSERT INTO SILUTEL.INVOICE_KAMAR VALUES('IMDodE',27500,22623);
INSERT INTO SILUTEL.INVOICE_KAMAR VALUES('UoFlvz',19226,10891);
INSERT INTO SILUTEL.INVOICE_KAMAR VALUES('oE8mEU',21837,13292);
INSERT INTO SILUTEL.INVOICE_KAMAR VALUES('Czcqkg',30565,6272);
INSERT INTO SILUTEL.INVOICE_KAMAR VALUES('zwLpTf',20293,19449);
INSERT INTO SILUTEL.INVOICE_KAMAR VALUES('zo5Brw',12457,28360);
INSERT INTO SILUTEL.INVOICE_KAMAR VALUES('Wzv1Z8',29269,24676);
INSERT INTO SILUTEL.INVOICE_KAMAR VALUES('ioYFE3',27500,22623);
INSERT INTO SILUTEL.INVOICE_KAMAR VALUES('9ppEjd',11661,824);
INSERT INTO SILUTEL.INVOICE_KAMAR VALUES('NhW0L7',30565,6272);
INSERT INTO SILUTEL.INVOICE_KAMAR VALUES('L3NkfE',15747,26345);
INSERT INTO SILUTEL.INVOICE_KAMAR VALUES('N9mcXV',20039,9513);
INSERT INTO SILUTEL.INVOICE_KAMAR VALUES('2nSQla',28348,19373);
INSERT INTO SILUTEL.INVOICE_KAMAR VALUES('1LX1Cz',1125,8744);
INSERT INTO SILUTEL.INVOICE_KAMAR VALUES('Czcqkg',12998,8852);
INSERT INTO SILUTEL.INVOICE_KAMAR VALUES('SjPsX1',569,11940);
INSERT INTO SILUTEL.INVOICE_KAMAR VALUES('OAUzvZ',1826,28936);
INSERT INTO SILUTEL.INVOICE_KAMAR VALUES('7OOiPE',28348,19373);
INSERT INTO SILUTEL.INVOICE_KAMAR VALUES('1Z36f7',4008,5177);
INSERT INTO SILUTEL.INVOICE_KAMAR VALUES('mJNIwu',9213,23075);
INSERT INTO SILUTEL.INVOICE_KAMAR VALUES('0tz4bX',569,11940);
INSERT INTO SILUTEL.INVOICE_KAMAR VALUES('OBUjhv',7848,4650);
INSERT INTO SILUTEL.INVOICE_KAMAR VALUES('a1ZmYb',23751,29456);
INSERT INTO SILUTEL.INVOICE_KAMAR VALUES('F3ZG6Z',27500,22623);
INSERT INTO SILUTEL.INVOICE_KAMAR VALUES('a8kEU5',9213,23075);
INSERT INTO SILUTEL.INVOICE_KAMAR VALUES('qI0iMw',12457,28360);
INSERT INTO SILUTEL.INVOICE_KAMAR VALUES('RMFefN',25962,21306);
INSERT INTO SILUTEL.INVOICE_KAMAR VALUES('Fq1ORn',21891,581);
INSERT INTO SILUTEL.INVOICE_KAMAR VALUES('WOEyHP',30565,6272);
INSERT INTO SILUTEL.INVOICE_KAMAR VALUES('DBLKFN',9213,23075);
INSERT INTO SILUTEL.INVOICE_KAMAR VALUES('1YaxnV',21891,581);
INSERT INTO SILUTEL.INVOICE_KAMAR VALUES('NPI8Zf',28348,19373);
INSERT INTO SILUTEL.INVOICE_KAMAR VALUES('HAnWt4',21891,581);
INSERT INTO SILUTEL.INVOICE_KAMAR VALUES('OtguTH',4717,27167);
INSERT INTO SILUTEL.INVOICE_KAMAR VALUES('jHN9hW',17813,24202);
INSERT INTO SILUTEL.INVOICE_KAMAR VALUES('0ElND1',2882,27310);
INSERT INTO SILUTEL.INVOICE_KAMAR VALUES('3Vgv5o',21024,12087);
INSERT INTO SILUTEL.INVOICE_KAMAR VALUES('ZgJszT',21891,581);
INSERT INTO SILUTEL.INVENTORI VALUES('LC29sYV5qE7zxI3','mtLXy7lrV0SwmRuDi7j',0);
INSERT INTO SILUTEL.INVENTORI VALUES('rZRnxV','4j04GXFzmMd',0);
INSERT INTO SILUTEL.INVENTORI VALUES('JkK','IG8mZxGUSqTq4s2QlrBS',0);
INSERT INTO SILUTEL.INVENTORI VALUES('7nHls1NiV8ri4kk','Wr7nGh31J',0);
INSERT INTO SILUTEL.INVENTORI VALUES('KZqO18','p4vN0O4FOzmwf',0);
INSERT INTO SILUTEL.INVENTORI VALUES('NJuPvGF00','oslYNQBn3ycETanIl1',0);
INSERT INTO SILUTEL.INVENTORI VALUES('OupThtfVYKzsN4','mDf7I4LQfHXG36f3',0);
INSERT INTO SILUTEL.INVENTORI VALUES('1vHBI1V','2bjknfjUgn2aqluASGZS',0);
INSERT INTO SILUTEL.INVENTORI VALUES('YH1eePL','mDi3RuIrGzcVAH',0);
INSERT INTO SILUTEL.INVENTORI VALUES('Ze2s7sHkg','p',0);
INSERT INTO SILUTEL.INVENTORI VALUES('u3Y4e','vxK',0);
INSERT INTO SILUTEL.INVENTORI VALUES('OC','Qgu8UY',0);
INSERT INTO SILUTEL.INVENTORI VALUES('Hu4HoP6BzENefp','7O1y0Tl0Sxr',0);
INSERT INTO SILUTEL.INVENTORI VALUES('iImCGxcBhR8SXbr39W','sU3OrzYv',0);
INSERT INTO SILUTEL.INVENTORI VALUES('cwAONkV2zMWRhe','cgRuZe6p0e',0);
INSERT INTO SILUTEL.INVENTORI VALUES('5tnsxvyFcFGOgD','ChXK3wcPs3LiC7',0);
INSERT INTO SILUTEL.INVENTORI VALUES('5Vs2OWtsbJmVyf','erYjCIlimjTk3ax',0);
INSERT INTO SILUTEL.INVENTORI VALUES('0027bITHhPJ7XAN1z','HWkdoE7EFWk2b2HpH',0);
INSERT INTO SILUTEL.INVENTORI VALUES('4UNHdJKHag8E03T43','LvqDuh1eRHqHv7F1fnnU',0);
INSERT INTO SILUTEL.INVENTORI VALUES('ZWVpcgfbD3zEq','25GbgE10tBsXWf0',0);
INSERT INTO SILUTEL.INVENTORI VALUES('ptF','gTSZ28Ix',0);
INSERT INTO SILUTEL.INVENTORI VALUES('3ElKdX9MZ3Ue','L',0);
INSERT INTO SILUTEL.INVENTORI VALUES('K29ILBwKGNHizbsQ5','Znqnhz',0);
INSERT INTO SILUTEL.INVENTORI VALUES('wcWzys','9KneHwwlemEbY8MMb',0);
INSERT INTO SILUTEL.INVENTORI VALUES('DnFlmJgl8uTlE','2iJ21WVFH9FX9',0);
INSERT INTO SILUTEL.INVENTORI VALUES('jEiH','Kg9BXPKUJVF7KIN',0);
INSERT INTO SILUTEL.INVENTORI VALUES('KYtPdl7UecWPjB4546Yj','NGS',0);
INSERT INTO SILUTEL.INVENTORI VALUES('FbXW7WZ0B','Z',0);
INSERT INTO SILUTEL.INVENTORI VALUES('NtA5fgH8T','mPmYZ',0);
INSERT INTO SILUTEL.INVENTORI VALUES('vC','wgsjb',0);
INSERT INTO SILUTEL.INVENTORI VALUES('KZqDJ4F2tA','azoVX6u',0);
INSERT INTO SILUTEL.INVENTORI VALUES('rFgh0VGUb4n6','7253WtfURM',0);
INSERT INTO SILUTEL.INVENTORI VALUES('rQoXFhiPy6PI7m','ozW8A5VwfiVrU74',0);
INSERT INTO SILUTEL.INVENTORI VALUES('rRdtA3X8','pZ814s6M2ckEv4w',0);
INSERT INTO SILUTEL.INVENTORI VALUES('ti2AseO','UOmUq',0);
INSERT INTO SILUTEL.INVENTORI VALUES('Lic0oPEMYV2wRs','NzfP4vv5egC',0);
INSERT INTO SILUTEL.INVENTORI VALUES('qL','O1SJnfrWwmCnrx4LE',0);
INSERT INTO SILUTEL.INVENTORI VALUES('kWW','uCFO14sOGtoLNAL5oDq',0);
INSERT INTO SILUTEL.INVENTORI VALUES('QaC3i','TvS',0);
INSERT INTO SILUTEL.INVENTORI VALUES('Jm0C4ogKFuFOp2kR','7Q3HeYoOFo',0);
INSERT INTO SILUTEL.INVENTORI VALUES('sUr','IitlRqict7tA',0);
INSERT INTO SILUTEL.INVENTORI VALUES('O6cg5Z8ucS5OSZu6Is','y6Evbp4532zVjm7W8AM',0);
INSERT INTO SILUTEL.INVENTORI VALUES('HdBLMuCm6RgVfHi','GJ0Q75VIGx2Qav0n',0);
INSERT INTO SILUTEL.INVENTORI VALUES('celSlie','zA0qnGE2qAQEKmQVot',0);
INSERT INTO SILUTEL.INVENTORI VALUES('9jybR','huQ',0);
INSERT INTO SILUTEL.INVENTORI VALUES('arAEeHaEYlohRTw6q','MaCsY',0);
INSERT INTO SILUTEL.INVENTORI VALUES('tvZF2LWWDFJiFx1','ipW3gg5lxl9QsdwzdA',0);
INSERT INTO SILUTEL.INVENTORI VALUES('398T52bflIksNDk','xRr4bbU',0);
INSERT INTO SILUTEL.INVENTORI VALUES('JpjHi7Nkz1i','4lh65aXa14SiPTo',0);
INSERT INTO SILUTEL.INVENTORI VALUES('uNZSi7mNxl3YYT33e','M0PhBERHqdf3frJfn',0);
INSERT INTO SILUTEL.INVENTORI_TIPE_KAMAR VALUES('qYibulKqQkOf','cwAONkV2zMWRhe','cgRuZe6p0e',27883);
INSERT INTO SILUTEL.INVENTORI_TIPE_KAMAR VALUES('pR3vID4aWhZwixOzxlL','0027bITHhPJ7XAN1z','HWkdoE7EFWk2b2HpH',8587);
INSERT INTO SILUTEL.INVENTORI_TIPE_KAMAR VALUES('qYibulKqQkOf','JkK','IG8mZxGUSqTq4s2QlrBS',11410);
INSERT INTO SILUTEL.INVENTORI_TIPE_KAMAR VALUES('pR3vID4aWhZwixOzxlL','rRdtA3X8','pZ814s6M2ckEv4w',6724);
INSERT INTO SILUTEL.INVENTORI_TIPE_KAMAR VALUES('Uib','Jm0C4ogKFuFOp2kR','7Q3HeYoOFo',23559);
INSERT INTO SILUTEL.INVENTORI_TIPE_KAMAR VALUES('67TO','LC29sYV5qE7zxI3','mtLXy7lrV0SwmRuDi7j',14637);
INSERT INTO SILUTEL.INVENTORI_TIPE_KAMAR VALUES('qYibulKqQkOf','wcWzys','9KneHwwlemEbY8MMb',1873);
INSERT INTO SILUTEL.INVENTORI_TIPE_KAMAR VALUES('yhxnAoJhnHEoHOffLsi','Lic0oPEMYV2wRs','NzfP4vv5egC',31246);
INSERT INTO SILUTEL.INVENTORI_TIPE_KAMAR VALUES('7XxTKxRTQy6kduH','Ze2s7sHkg','p',2213);
INSERT INTO SILUTEL.INVENTORI_TIPE_KAMAR VALUES('tsuB7W5hlSRcS9p','4UNHdJKHag8E03T43','LvqDuh1eRHqHv7F1fnnU',15410);
INSERT INTO SILUTEL.INVENTORI_TIPE_KAMAR VALUES('qYibulKqQkOf','rRdtA3X8','pZ814s6M2ckEv4w',6482);
INSERT INTO SILUTEL.INVENTORI_TIPE_KAMAR VALUES('SznV8','NtA5fgH8T','mPmYZ',10426);
INSERT INTO SILUTEL.INVENTORI_TIPE_KAMAR VALUES('Uib','DnFlmJgl8uTlE','2iJ21WVFH9FX9',29019);
INSERT INTO SILUTEL.INVENTORI_TIPE_KAMAR VALUES('yhxnAoJhnHEoHOffLsi','qL','O1SJnfrWwmCnrx4LE',12731);
INSERT INTO SILUTEL.INVENTORI_TIPE_KAMAR VALUES('tsuB7W5hlSRcS9p','Hu4HoP6BzENefp','7O1y0Tl0Sxr',28056);
INSERT INTO SILUTEL.INVENTORI_TIPE_KAMAR VALUES('67TO','Ze2s7sHkg','p',12858);
INSERT INTO SILUTEL.INVENTORI_TIPE_KAMAR VALUES('N5VkWk9oQfXc91GO','7nHls1NiV8ri4kk','Wr7nGh31J',30355);
INSERT INTO SILUTEL.INVENTORI_TIPE_KAMAR VALUES('yhxnAoJhnHEoHOffLsi','JpjHi7Nkz1i','4lh65aXa14SiPTo',19212);
INSERT INTO SILUTEL.INVENTORI_TIPE_KAMAR VALUES('Uib','5tnsxvyFcFGOgD','ChXK3wcPs3LiC7',28776);
INSERT INTO SILUTEL.INVENTORI_TIPE_KAMAR VALUES('67TO','KYtPdl7UecWPjB4546Yj','NGS',7603);
INSERT INTO SILUTEL.INVENTORI_TIPE_KAMAR VALUES('uSp8','rFgh0VGUb4n6','7253WtfURM',24228);
INSERT INTO SILUTEL.INVENTORI_TIPE_KAMAR VALUES('SznV8','kWW','uCFO14sOGtoLNAL5oDq',7767);
INSERT INTO SILUTEL.INVENTORI_TIPE_KAMAR VALUES('SznV8','KZqDJ4F2tA','azoVX6u',2312);
INSERT INTO SILUTEL.INVENTORI_TIPE_KAMAR VALUES('uSp8','FbXW7WZ0B','Z',18175);
INSERT INTO SILUTEL.INVENTORI_TIPE_KAMAR VALUES('N5VkWk9oQfXc91GO','sUr','IitlRqict7tA',8125);
INSERT INTO SILUTEL.INVENTORI_TIPE_KAMAR VALUES('67TO','K29ILBwKGNHizbsQ5','Znqnhz',9579);
INSERT INTO SILUTEL.INVENTORI_TIPE_KAMAR VALUES('7XxTKxRTQy6kduH','OC','Qgu8UY',27173);
INSERT INTO SILUTEL.INVENTORI_TIPE_KAMAR VALUES('Uib','jEiH','Kg9BXPKUJVF7KIN',30233);
INSERT INTO SILUTEL.INVENTORI_TIPE_KAMAR VALUES('SznV8','HdBLMuCm6RgVfHi','GJ0Q75VIGx2Qav0n',9122);
INSERT INTO SILUTEL.INVENTORI_TIPE_KAMAR VALUES('Uib','JkK','IG8mZxGUSqTq4s2QlrBS',14388);
INSERT INTO SILUTEL.INVENTORI_TIPE_KAMAR VALUES('SznV8','5Vs2OWtsbJmVyf','erYjCIlimjTk3ax',11281);
INSERT INTO SILUTEL.INVENTORI_TIPE_KAMAR VALUES('Uib','NJuPvGF00','oslYNQBn3ycETanIl1',68);
INSERT INTO SILUTEL.INVENTORI_TIPE_KAMAR VALUES('N5VkWk9oQfXc91GO','K29ILBwKGNHizbsQ5','Znqnhz',19200);
INSERT INTO SILUTEL.INVENTORI_TIPE_KAMAR VALUES('Uib','arAEeHaEYlohRTw6q','MaCsY',6447);
INSERT INTO SILUTEL.INVENTORI_TIPE_KAMAR VALUES('tsuB7W5hlSRcS9p','398T52bflIksNDk','xRr4bbU',7125);
INSERT INTO SILUTEL.INVENTORI_TIPE_KAMAR VALUES('SznV8','7nHls1NiV8ri4kk','Wr7nGh31J',21573);
INSERT INTO SILUTEL.INVENTORI_TIPE_KAMAR VALUES('N5VkWk9oQfXc91GO','kWW','uCFO14sOGtoLNAL5oDq',31914);
INSERT INTO SILUTEL.INVENTORI_TIPE_KAMAR VALUES('qYibulKqQkOf','9jybR','huQ',11681);
INSERT INTO SILUTEL.INVENTORI_TIPE_KAMAR VALUES('qYibulKqQkOf','1vHBI1V','2bjknfjUgn2aqluASGZS',9587);
INSERT INTO SILUTEL.INVENTORI_TIPE_KAMAR VALUES('N5VkWk9oQfXc91GO','rZRnxV','4j04GXFzmMd',6970);
INSERT INTO SILUTEL.INVENTORI_TIPE_KAMAR VALUES('uSp8','ZWVpcgfbD3zEq','25GbgE10tBsXWf0',24530);
INSERT INTO SILUTEL.INVENTORI_TIPE_KAMAR VALUES('pR3vID4aWhZwixOzxlL','KZqO18','p4vN0O4FOzmwf',3836);
INSERT INTO SILUTEL.INVENTORI_TIPE_KAMAR VALUES('7XxTKxRTQy6kduH','DnFlmJgl8uTlE','2iJ21WVFH9FX9',6447);
INSERT INTO SILUTEL.INVENTORI_TIPE_KAMAR VALUES('7XxTKxRTQy6kduH','u3Y4e','vxK',31922);
INSERT INTO SILUTEL.INVENTORI_TIPE_KAMAR VALUES('Uib','celSlie','zA0qnGE2qAQEKmQVot',24609);
INSERT INTO SILUTEL.INVENTORI_TIPE_KAMAR VALUES('yhxnAoJhnHEoHOffLsi','ti2AseO','UOmUq',26659);
INSERT INTO SILUTEL.INVENTORI_TIPE_KAMAR VALUES('Uib','vC','wgsjb',6373);
INSERT INTO SILUTEL.INVENTORI_TIPE_KAMAR VALUES('SznV8','celSlie','zA0qnGE2qAQEKmQVot',26971);
INSERT INTO SILUTEL.INVENTORI_TIPE_KAMAR VALUES('pR3vID4aWhZwixOzxlL','sUr','IitlRqict7tA',29532);
INSERT INTO SILUTEL.INVENTORI_TIPE_KAMAR VALUES('uSp8','Lic0oPEMYV2wRs','NzfP4vv5egC',15828);
INSERT INTO SILUTEL.INVENTORI_TIPE_KAMAR VALUES('qYibulKqQkOf','vC','wgsjb',31044);
INSERT INTO SILUTEL.INVENTORI_TIPE_KAMAR VALUES('tsuB7W5hlSRcS9p','O6cg5Z8ucS5OSZu6Is','y6Evbp4532zVjm7W8AM',16729);
INSERT INTO SILUTEL.INVENTORI_TIPE_KAMAR VALUES('SznV8','iImCGxcBhR8SXbr39W','sU3OrzYv',17872);
INSERT INTO SILUTEL.INVENTORI_TIPE_KAMAR VALUES('tsuB7W5hlSRcS9p','sUr','IitlRqict7tA',1682);
INSERT INTO SILUTEL.INVENTORI_TIPE_KAMAR VALUES('pR3vID4aWhZwixOzxlL','DnFlmJgl8uTlE','2iJ21WVFH9FX9',11742);
INSERT INTO SILUTEL.INVENTORI_TIPE_KAMAR VALUES('yhxnAoJhnHEoHOffLsi','QaC3i','TvS',27648);
INSERT INTO SILUTEL.INVENTORI_TIPE_KAMAR VALUES('qYibulKqQkOf','jEiH','Kg9BXPKUJVF7KIN',6698);
INSERT INTO SILUTEL.INVENTORI_TIPE_KAMAR VALUES('uSp8','NtA5fgH8T','mPmYZ',3962);
INSERT INTO SILUTEL.INVENTORI_TIPE_KAMAR VALUES('yhxnAoJhnHEoHOffLsi','YH1eePL','mDi3RuIrGzcVAH',17089);
INSERT INTO SILUTEL.INVENTORI_TIPE_KAMAR VALUES('uSp8','kWW','uCFO14sOGtoLNAL5oDq',30517);
INSERT INTO SILUTEL.INVENTORI_TIPE_KAMAR VALUES('qYibulKqQkOf','3ElKdX9MZ3Ue','L',27282);
INSERT INTO SILUTEL.INVENTORI_TIPE_KAMAR VALUES('pR3vID4aWhZwixOzxlL','tvZF2LWWDFJiFx1','ipW3gg5lxl9QsdwzdA',29486);
INSERT INTO SILUTEL.INVENTORI_TIPE_KAMAR VALUES('yhxnAoJhnHEoHOffLsi','ptF','gTSZ28Ix',18336);
INSERT INTO SILUTEL.INVENTORI_TIPE_KAMAR VALUES('uSp8','0027bITHhPJ7XAN1z','HWkdoE7EFWk2b2HpH',7113);
INSERT INTO SILUTEL.INVENTORI_TIPE_KAMAR VALUES('yhxnAoJhnHEoHOffLsi','u3Y4e','vxK',8067);
INSERT INTO SILUTEL.INVENTORI_TIPE_KAMAR VALUES('7XxTKxRTQy6kduH','uNZSi7mNxl3YYT33e','M0PhBERHqdf3frJfn',7256);
INSERT INTO SILUTEL.INVENTORI_TIPE_KAMAR VALUES('uSp8','OupThtfVYKzsN4','mDf7I4LQfHXG36f3',21426);
INSERT INTO SILUTEL.INVENTORI_TIPE_KAMAR VALUES('uSp8','4UNHdJKHag8E03T43','LvqDuh1eRHqHv7F1fnnU',8419);
INSERT INTO SILUTEL.INVENTORI_TIPE_KAMAR VALUES('Uib','K29ILBwKGNHizbsQ5','Znqnhz',31503);
INSERT INTO SILUTEL.INVENTORI_TIPE_KAMAR VALUES('N5VkWk9oQfXc91GO','YH1eePL','mDi3RuIrGzcVAH',26861);
INSERT INTO SILUTEL.INVENTORI_TIPE_KAMAR VALUES('SznV8','4UNHdJKHag8E03T43','LvqDuh1eRHqHv7F1fnnU',23072);
INSERT INTO SILUTEL.INVENTORI_TIPE_KAMAR VALUES('Uib','sUr','IitlRqict7tA',2457);
INSERT INTO SILUTEL.INVENTORI_TIPE_KAMAR VALUES('Uib','NtA5fgH8T','mPmYZ',6623);
INSERT INTO SILUTEL.INVENTORI_TIPE_KAMAR VALUES('yhxnAoJhnHEoHOffLsi','5Vs2OWtsbJmVyf','erYjCIlimjTk3ax',4352);
INSERT INTO SILUTEL.INVENTORI_TIPE_KAMAR VALUES('N5VkWk9oQfXc91GO','rQoXFhiPy6PI7m','ozW8A5VwfiVrU74',7699);
INSERT INTO SILUTEL.LAUNDRY_INVENTORI VALUES('ptF','gTSZ28Ix','17bK2USsxnPLjwCUGL@lalala.com','1561-02-13 16:28:45',12268,30083,'1973-08-24 19:29:5');
INSERT INTO SILUTEL.LAUNDRY_INVENTORI VALUES('HdBLMuCm6RgVfHi','GJ0Q75VIGx2Qav0n','46wAn@ui.ac.id','1057-12-18 13:53:30',12612,31731,'1268-12-28 1:31:9');
INSERT INTO SILUTEL.LAUNDRY_INVENTORI VALUES('ZWVpcgfbD3zEq','25GbgE10tBsXWf0','46wAn@ui.ac.id','1057-12-18 13:53:30',22527,20301,'1359-12-19 4:5:28');
INSERT INTO SILUTEL.LAUNDRY_INVENTORI VALUES('OC','Qgu8UY','dtCKzdTOCw5lC9ogx@foo.bar','1171-08-02 15:28:31',28474,4805,'1583-08-17 21:8:57');
INSERT INTO SILUTEL.LAUNDRY_INVENTORI VALUES('rFgh0VGUb4n6','7253WtfURM','dtCKzdTOCw5lC9ogx@foo.bar','1871-08-08 4:53:49',8385,30554,'1978-09-29 16:28:32');
INSERT INTO SILUTEL.LAUNDRY_INVENTORI VALUES('jEiH','Kg9BXPKUJVF7KIN','7Oyk9ng@foo.bar','1874-06-09 23:42:39',5850,13801,'1994-07-19 17:24:24');
INSERT INTO SILUTEL.LAUNDRY_INVENTORI VALUES('KZqO18','p4vN0O4FOzmwf','OzFW4m8D5@lalala.com','2015-06-03 9:22:39',32364,21378,'2015-08-13 21:31:35');
INSERT INTO SILUTEL.LAUNDRY_INVENTORI VALUES('celSlie','zA0qnGE2qAQEKmQVot','Ys1HmZSiZKCOOms@lalala.com','1331-02-15 22:37:33',24067,13891,'1375-08-26 22:22:22');
INSERT INTO SILUTEL.LAUNDRY_INVENTORI VALUES('LC29sYV5qE7zxI3','mtLXy7lrV0SwmRuDi7j','o5BHy@ui.ac.id','1818-10-13 8:1:16',28147,31886,'1878-11-17 10:47:43');
INSERT INTO SILUTEL.LAUNDRY_INVENTORI VALUES('7nHls1NiV8ri4kk','Wr7nGh31J','N8ibZ2QK6YoTy2alX@ui.ac.id','1384-02-27 4:47:48',21139,17502,'1394-12-27 20:8:25');
INSERT INTO SILUTEL.LAUNDRY_INVENTORI VALUES('398T52bflIksNDk','xRr4bbU','Ys1HmZSiZKCOOms@lalala.com','1946-10-01 1:15:10',28328,6982,'1959-10-21 21:36:44');
INSERT INTO SILUTEL.LAUNDRY_INVENTORI VALUES('celSlie','zA0qnGE2qAQEKmQVot','Ky0QDIc5kbVMLayp3b@foo.bar','1623-08-06 4:12:36',2637,10278,'1934-08-27 8:22:1');
INSERT INTO SILUTEL.LAUNDRY_INVENTORI VALUES('JpjHi7Nkz1i','4lh65aXa14SiPTo','QtP8dTEMJjmcvp41@foo.bar','1822-10-05 14:16:32',29193,14666,'1933-12-26 10:11:8');
INSERT INTO SILUTEL.LAUNDRY_INVENTORI VALUES('1vHBI1V','2bjknfjUgn2aqluASGZS','o5BHy@ui.ac.id','1037-04-01 19:38:23',20045,21067,'1179-07-21 14:29:34');
INSERT INTO SILUTEL.LAUNDRY_INVENTORI VALUES('ZWVpcgfbD3zEq','25GbgE10tBsXWf0','rW3v002vW@lalala.com','1531-11-01 3:52:45',12394,23160,'1696-12-17 10:56:14');
INSERT INTO SILUTEL.LAUNDRY_INVENTORI VALUES('NJuPvGF00','oslYNQBn3ycETanIl1','7Oyk9ng@foo.bar','1890-06-21 18:58:39',2724,26321,'1995-06-28 8:33:15');
INSERT INTO SILUTEL.LAUNDRY_INVENTORI VALUES('kWW','uCFO14sOGtoLNAL5oDq','17bK2USsxnPLjwCUGL@lalala.com','1928-01-04 3:41:19',12195,10261,'1958-06-17 1:26:51');
INSERT INTO SILUTEL.LAUNDRY_INVENTORI VALUES('9jybR','huQ','dtCKzdTOCw5lC9ogx@foo.bar','1871-08-08 4:53:49',6876,10219,'1878-08-18 22:21:17');
INSERT INTO SILUTEL.LAUNDRY_INVENTORI VALUES('Ze2s7sHkg','p','q9FPK9mKZe6SE7X@lalala.com','1770-02-23 22:32:37',3316,18991,'1979-09-28 3:45:30');
INSERT INTO SILUTEL.LAUNDRY_INVENTORI VALUES('7nHls1NiV8ri4kk','Wr7nGh31J','dtCKzdTOCw5lC9ogx@foo.bar','1171-08-02 15:28:31',13271,15769,'1686-08-27 22:59:32');
INSERT INTO SILUTEL.LAUNDRY_INVENTORI VALUES('QaC3i','TvS','dfcrckeGS4zDmi0ahfYJ@ui.ac.id','1442-02-16 3:3:49',10555,27194,'1758-08-17 8:49:18');
INSERT INTO SILUTEL.LAUNDRY_INVENTORI VALUES('celSlie','zA0qnGE2qAQEKmQVot','q9FPK9mKZe6SE7X@lalala.com','1770-02-23 22:32:37',14691,18558,'1995-05-24 15:59:39');
INSERT INTO SILUTEL.LAUNDRY_INVENTORI VALUES('KYtPdl7UecWPjB4546Yj','NGS','dtCKzdTOCw5lC9ogx@foo.bar','1235-05-21 2:7:46',1926,1350,'1447-07-23 14:8:43');
INSERT INTO SILUTEL.LAUNDRY_INVENTORI VALUES('tvZF2LWWDFJiFx1','ipW3gg5lxl9QsdwzdA','sgT5fZpMPlCNH@foo.bar','1463-04-10 4:15:27',11974,12863,'1969-09-20 0:38:22');
INSERT INTO SILUTEL.LAUNDRY_INVENTORI VALUES('rRdtA3X8','pZ814s6M2ckEv4w','5I@foo.bar','1506-05-09 15:43:20',8716,8548,'1819-06-09 4:25:4');
INSERT INTO SILUTEL.LAUNDRY_INVENTORI VALUES('wcWzys','9KneHwwlemEbY8MMb','N8ibZ2QK6YoTy2alX@ui.ac.id','1452-12-21 6:54:7',10768,20496,'1996-12-29 5:28:42');
INSERT INTO SILUTEL.LAUNDRY_INVENTORI VALUES('QaC3i','TvS','q9FPK9mKZe6SE7X@lalala.com','1770-02-23 22:32:37',12415,15575,'1974-12-29 11:44:11');
INSERT INTO SILUTEL.LAUNDRY_INVENTORI VALUES('Lic0oPEMYV2wRs','NzfP4vv5egC','o5BHy@ui.ac.id','2000-11-15 16:16:28',12097,6813,'2012-12-27 12:53:44');
INSERT INTO SILUTEL.LAUNDRY_INVENTORI VALUES('3ElKdX9MZ3Ue','L','xMN3yZQ6yQGyH3p8n85@foo.bar','1059-09-26 10:17:11',4899,7022,'1999-09-27 3:55:45');
INSERT INTO SILUTEL.LAUNDRY_INVENTORI VALUES('KZqO18','p4vN0O4FOzmwf','kMugpEIW4Rpjfm@lalala.com','1667-12-01 9:51:43',30557,28172,'1879-12-26 16:58:18');
INSERT INTO SILUTEL.LAUNDRY_INVENTORI VALUES('rZRnxV','4j04GXFzmMd','Ys1HmZSiZKCOOms@lalala.com','1244-11-16 10:43:33',3815,3460,'1797-11-16 3:33:18');
INSERT INTO SILUTEL.LAUNDRY_INVENTORI VALUES('OupThtfVYKzsN4','mDf7I4LQfHXG36f3','XDlVu@foo.bar','1217-05-29 9:53:7',16167,5993,'1898-05-29 23:10:22');
INSERT INTO SILUTEL.LAUNDRY_INVENTORI VALUES('arAEeHaEYlohRTw6q','MaCsY','dfcrckeGS4zDmi0ahfYJ@ui.ac.id','1406-01-20 21:49:5',29146,21904,'1986-01-20 16:2:16');
INSERT INTO SILUTEL.LAUNDRY_INVENTORI VALUES('HdBLMuCm6RgVfHi','GJ0Q75VIGx2Qav0n','xMN3yZQ6yQGyH3p8n85@foo.bar','1313-05-10 19:10:47',24520,18295,'1474-08-16 11:1:47');
INSERT INTO SILUTEL.LAUNDRY_INVENTORI VALUES('vC','wgsjb','q9FPK9mKZe6SE7X@lalala.com','1770-02-23 22:32:37',919,2453,'1776-02-24 22:57:50');
INSERT INTO SILUTEL.LAUNDRY_INVENTORI VALUES('rFgh0VGUb4n6','7253WtfURM','N8ibZ2QK6YoTy2alX@ui.ac.id','1452-12-21 6:54:7',13739,25497,'1479-12-28 22:13:44');
INSERT INTO SILUTEL.LAUNDRY_INVENTORI VALUES('Ze2s7sHkg','p','dtCKzdTOCw5lC9ogx@foo.bar','1871-08-08 4:53:49',27334,19367,'1983-08-09 19:46:35');
INSERT INTO SILUTEL.LAUNDRY_INVENTORI VALUES('rFgh0VGUb4n6','7253WtfURM','17bK2USsxnPLjwCUGL@lalala.com','1928-01-04 3:41:19',9258,23714,'1948-04-18 4:37:33');
INSERT INTO SILUTEL.LAUNDRY_INVENTORI VALUES('Jm0C4ogKFuFOp2kR','7Q3HeYoOFo','17bK2USsxnPLjwCUGL@lalala.com','1969-01-21 20:8:53',5011,3987,'1979-09-27 2:1:3');
INSERT INTO SILUTEL.LAUNDRY_INVENTORI VALUES('qL','O1SJnfrWwmCnrx4LE','sgT5fZpMPlCNH@foo.bar','1463-04-10 4:15:27',23644,13309,'1794-09-23 21:2:42');
INSERT INTO SILUTEL.LAUNDRY_INVENTORI VALUES('YH1eePL','mDi3RuIrGzcVAH','o5BHy@ui.ac.id','1152-12-04 15:30:47',3266,4321,'1963-12-15 6:45:32');
INSERT INTO SILUTEL.LAUNDRY_INVENTORI VALUES('OupThtfVYKzsN4','mDf7I4LQfHXG36f3','o5BHy@ui.ac.id','2000-11-15 16:16:28',21450,30549,'2001-11-27 4:59:16');
INSERT INTO SILUTEL.LAUNDRY_INVENTORI VALUES('NtA5fgH8T','mPmYZ','xMN3yZQ6yQGyH3p8n85@foo.bar','1536-11-02 8:49:8',26779,14968,'1749-12-03 12:42:23');
INSERT INTO SILUTEL.LAUNDRY_INVENTORI VALUES('JpjHi7Nkz1i','4lh65aXa14SiPTo','N8ibZ2QK6YoTy2alX@ui.ac.id','1452-12-21 6:54:7',6737,25234,'1782-12-27 4:15:5');
INSERT INTO SILUTEL.LAUNDRY_INVENTORI VALUES('JkK','IG8mZxGUSqTq4s2QlrBS','5I@foo.bar','1506-05-09 15:43:20',10125,8610,'1898-05-29 16:14:49');
INSERT INTO SILUTEL.LAUNDRY_INVENTORI VALUES('FbXW7WZ0B','Z','UkDA@ui.ac.id','1245-09-09 4:37:26',3336,27655,'1885-09-09 5:39:59');
INSERT INTO SILUTEL.LAUNDRY_INVENTORI VALUES('5tnsxvyFcFGOgD','ChXK3wcPs3LiC7','7Oyk9ng@foo.bar','1874-06-09 23:42:39',2374,13661,'1884-06-09 4:9:7');
INSERT INTO SILUTEL.LAUNDRY_INVENTORI VALUES('sUr','IitlRqict7tA','q9FPK9mKZe6SE7X@lalala.com','1770-02-23 22:32:37',21740,28160,'1984-02-27 0:26:46');
INSERT INTO SILUTEL.LAUNDRY_INVENTORI VALUES('O6cg5Z8ucS5OSZu6Is','y6Evbp4532zVjm7W8AM','46wAn@ui.ac.id','1057-12-18 13:53:30',6172,21544,'1378-12-19 18:17:21');
INSERT INTO SILUTEL.LAUNDRY_INVENTORI VALUES('jEiH','Kg9BXPKUJVF7KIN','o5BHy@ui.ac.id','1331-06-23 2:22:57',8435,19920,'1439-09-24 13:22:35');
INSERT INTO SILUTEL.LAUNDRY_INVENTORI VALUES('rRdtA3X8','pZ814s6M2ckEv4w','xMN3yZQ6yQGyH3p8n85@foo.bar','1059-09-26 10:17:11',18461,6198,'1499-09-28 18:54:9');
INSERT INTO SILUTEL.LAUNDRY_INVENTORI VALUES('YH1eePL','mDi3RuIrGzcVAH','N8ibZ2QK6YoTy2alX@ui.ac.id','1349-08-16 11:36:16',16582,29459,'1779-08-29 21:44:21');
INSERT INTO SILUTEL.LAUNDRY_INVENTORI VALUES('cwAONkV2zMWRhe','cgRuZe6p0e','o5BHy@ui.ac.id','1037-04-01 19:38:23',19538,16332,'1438-09-06 17:28:2');
INSERT INTO SILUTEL.LAUNDRY_INVENTORI VALUES('KZqO18','p4vN0O4FOzmwf','o5BHy@ui.ac.id','1818-10-13 8:1:16',5935,15834,'1838-12-13 5:46:44');
INSERT INTO SILUTEL.LAUNDRY_INVENTORI VALUES('Lic0oPEMYV2wRs','NzfP4vv5egC','17bK2USsxnPLjwCUGL@lalala.com','1561-02-13 16:28:45',10050,22650,'1674-07-16 23:24:17');
INSERT INTO SILUTEL.LAUNDRY_INVENTORI VALUES('QaC3i','TvS','kMugpEIW4Rpjfm@lalala.com','1667-12-01 9:51:43',32685,7141,'1779-12-27 5:8:0');
INSERT INTO SILUTEL.LAUNDRY_INVENTORI VALUES('3ElKdX9MZ3Ue','L','17bK2USsxnPLjwCUGL@lalala.com','1928-01-04 3:41:19',1359,8195,'1929-12-24 9:16:59');
INSERT INTO SILUTEL.LAUNDRY_INVENTORI VALUES('KZqDJ4F2tA','azoVX6u','OzFW4m8D5@lalala.com','2015-06-03 9:22:39',14265,22005,'2015-07-03 10:6:35');
INSERT INTO SILUTEL.LAUNDRY_INVENTORI VALUES('FbXW7WZ0B','Z','q9FPK9mKZe6SE7X@lalala.com','1770-02-23 22:32:37',24436,26845,'1772-05-27 16:7:10');
INSERT INTO SILUTEL.LAUNDRY_INVENTORI VALUES('YH1eePL','mDi3RuIrGzcVAH','Ys1HmZSiZKCOOms@lalala.com','1244-11-16 10:43:33',32416,3725,'1257-11-28 22:45:54');
INSERT INTO SILUTEL.LAUNDRY_INVENTORI VALUES('vC','wgsjb','rW3v002vW@lalala.com','1531-11-01 3:52:45',4658,7705,'1956-12-15 22:6:35');
INSERT INTO SILUTEL.LAUNDRY_INVENTORI VALUES('Jm0C4ogKFuFOp2kR','7Q3HeYoOFo','7Oyk9ng@foo.bar','1874-06-09 23:42:39',32605,22718,'1976-08-19 0:55:39');
INSERT INTO SILUTEL.LAUNDRY_INVENTORI VALUES('Jm0C4ogKFuFOp2kR','7Q3HeYoOFo','xMN3yZQ6yQGyH3p8n85@foo.bar','1313-05-10 19:10:47',14722,7877,'1523-07-10 1:12:59');
INSERT INTO SILUTEL.LAUNDRY_INVENTORI VALUES('OC','Qgu8UY','5I@foo.bar','1889-04-29 4:43:8',29376,28655,'1989-08-29 10:19:28');
INSERT INTO SILUTEL.LAUNDRY_INVENTORI VALUES('0027bITHhPJ7XAN1z','HWkdoE7EFWk2b2HpH','N8ibZ2QK6YoTy2alX@ui.ac.id','1384-02-27 4:47:48',22203,22051,'1586-04-29 8:14:15');
INSERT INTO SILUTEL.LAUNDRY_INVENTORI VALUES('O6cg5Z8ucS5OSZu6Is','y6Evbp4532zVjm7W8AM','Ys1HmZSiZKCOOms@lalala.com','1331-02-15 22:37:33',2491,26445,'1651-08-27 3:6:55');
INSERT INTO SILUTEL.LAUNDRY_INVENTORI VALUES('tvZF2LWWDFJiFx1','ipW3gg5lxl9QsdwzdA','46wAn@ui.ac.id','1445-03-04 15:55:22',26890,17682,'1995-09-16 21:24:56');
INSERT INTO SILUTEL.LAUNDRY_INVENTORI VALUES('OC','Qgu8UY','o5BHy@ui.ac.id','1037-04-01 19:38:23',31724,27286,'1339-05-14 2:30:45');
INSERT INTO SILUTEL.LAUNDRY_INVENTORI VALUES('ptF','gTSZ28Ix','N8ibZ2QK6YoTy2alX@ui.ac.id','1047-02-25 20:17:17',296,17724,'1769-05-27 2:30:10');
INSERT INTO SILUTEL.LAUNDRY_INVENTORI VALUES('Jm0C4ogKFuFOp2kR','7Q3HeYoOFo','dtCKzdTOCw5lC9ogx@foo.bar','1235-05-21 2:7:46',28641,29324,'1776-07-28 23:51:1');
INSERT INTO SILUTEL.LAUNDRY_INVENTORI VALUES('ptF','gTSZ28Ix','dtCKzdTOCw5lC9ogx@foo.bar','1871-08-08 4:53:49',32187,16569,'1875-08-19 18:12:56');
INSERT INTO SILUTEL.LAUNDRY_INVENTORI VALUES('0027bITHhPJ7XAN1z','HWkdoE7EFWk2b2HpH','5I@foo.bar','1304-03-28 7:18:13',28409,31683,'1895-09-28 23:11:11');
INSERT INTO SILUTEL.LAUNDRY_INVENTORI VALUES('celSlie','zA0qnGE2qAQEKmQVot','17bK2USsxnPLjwCUGL@lalala.com','1969-01-21 20:8:53',4848,17924,'1989-03-23 3:8:13');
INSERT INTO SILUTEL.LAUNDRY_INVENTORI VALUES('rQoXFhiPy6PI7m','ozW8A5VwfiVrU74','o5BHy@ui.ac.id','1037-04-01 19:38:23',15353,32665,'1138-05-03 13:16:20');
INSERT INTO SILUTEL.LAUNDRY_INVENTORI VALUES('0027bITHhPJ7XAN1z','HWkdoE7EFWk2b2HpH','46wAn@ui.ac.id','1057-12-18 13:53:30',12400,23032,'1658-12-29 15:16:58');
INSERT INTO SILUTEL.SUPPLIER VALUES('mtrb','qwsFnDPYukwlG3VHQoCrhj7UkKJOLVDvbe0fRHReJFDLurpwinshiEG7SEEi1Wy1GPiqlt','nUuG8YJwzWbuv@ui.ac.id');
INSERT INTO SILUTEL.SUPPLIER VALUES('4JKL4Axcqm9t45Td2B7p1c','zK44UlwE8wFbb55R1pCPhdAx3hu9OEudzpP0PD5aLKF7Ln87sw3QYHgxF1HVLMqxYx','r2IfkDbs@ui.ac.id');
INSERT INTO SILUTEL.SUPPLIER VALUES('68cPrMTUGzm231p','ghC0zhNjqOzcnZcIwF8AxjLUNELhXf9SQOgwRvHSrg0aE5','8BFj0oQK3S1TV@ui.ac.id');
INSERT INTO SILUTEL.SUPPLIER VALUES('UqVf6dQHURtxU','zXWJfRksWMpU6WXEfu7IV0LmNeF7CgIxZB0B0','m@lalala.com');
INSERT INTO SILUTEL.SUPPLIER VALUES('SD6zu8edxWdo2fxZ','xxkH6','ieEwJ4kXS6tX@foo.bar');
INSERT INTO SILUTEL.SUPPLIER VALUES('0JDd7UVLJuxPzLoV24AoMNPW','4qTzYSCpocF4TejT4AVW3tAAmaBrgg4wxalSWidOTQp4o0x8lD6lrAjIdbpWHWEg71LJmaXMM80q2kBOi6wgw2YdAkCjF','JNym@foo.bar');
INSERT INTO SILUTEL.SUPPLIER VALUES('qjOqEm','NfaJUnYyAwUQmt8sWQvwXu7lwIFo3teUgqP0y8PjZOSxd9','tx6PpX@foo.bar');
INSERT INTO SILUTEL.SUPPLIER VALUES('RTleftVBF19QYjdNDffsRFsotJSVE4Nt','7qbgcZ4ZGB3bqDpxFooxbVXQvTFDb8Y6fNozpW93BHwYcYj','4FAaOHKFMPDqhujo1Ldp@foo.bar');
INSERT INTO SILUTEL.SUPPLIER VALUES('mAF6EKJ7bCiPpKTOyLfBP1mPVD','CvHiztOMwO0VTR5C0Q78nnzO68S90BgyTBwD','ICLm2nbqw@foo.bar');
INSERT INTO SILUTEL.SUPPLIER VALUES('plhEPUBYEVTqXhwIN','Yjj5FJylZwl4pBPKJzd3ZgmVyLTzoFSSOc8OilqoJgfTMe68KwbP9DNyHeWU0xCimmQYPVRQntwKK2HHiGQoCnC0YI','cBBlN6a@ui.ac.id');
INSERT INTO SILUTEL.SUPPLIER VALUES('NWRw1E4IgvqLDhX8','nCjKbp','sM7nXdpKNsa@ui.ac.id');
INSERT INTO SILUTEL.SUPPLIER VALUES('RkPAOFvUa1PECOwc7wwK5bcuchAr0w','0kxnna3HWHXr3rtJAJwCk8CcLRbwCKQBM4k1quwCfj7nqOwwDavn8zqZoAIK5ZO05D','NE6QUWQf3tTgB7j@lalala.com');
INSERT INTO SILUTEL.SUPPLIER VALUES('zOPt9SgmI5ctt8ZzgPQab','FCOBN0IdqVYqiyIgyrxhEpMaY20ItNIg5bkwGQoIv4M2h6IjjAkqS9gfOqCybPxn7N','yGuWmtgyj7Ye6oUXTIS@lalala.com');
INSERT INTO SILUTEL.SUPPLIER VALUES('CL2WNa15xgRMiRvu','mfKXyqpu6yOXpV','0IG2ltKy@foo.bar');
INSERT INTO SILUTEL.SUPPLIER VALUES('xNWoL1Vq3fCm314y','n9e3VxAf0jzx1q2TLXPgyVM3rBnO','opE3BaWk@ui.ac.id');
INSERT INTO SILUTEL.SUPPLIER VALUES('x2AqNa','B4iNWV6PoktnFVvaPhAak22A6zEJAc1eRkzvUu4M56fUvZzADvYPFdw8Mtp99X2OruH3a8cXwlNs5HYUDg6','b0LdPhRRzJ15xqkMY0aE@ui.ac.id');
INSERT INTO SILUTEL.SUPPLIER VALUES('BfqcOpE0MOH8','7qruT6KeZ9','seciLtmt06fx6aoQL@foo.bar');
INSERT INTO SILUTEL.SUPPLIER VALUES('iQRFeH','I6Mf9o8aloBWI1q8HXBHWbo4h7h5D9VUtgPI3pGLIJzWM','Y5eI4SWoqqr@foo.bar');
INSERT INTO SILUTEL.SUPPLIER VALUES('ltKaJhp63lH7nhTPjxk50bj5eBOL','HYPtcvPnMIpixac9','S3M8n0QNq1@foo.bar');
INSERT INTO SILUTEL.SUPPLIER VALUES('KyNHH','QEWsPMEPMHEqTUlXuIwj5pcEhVwaVw','EQxbF@foo.bar');
INSERT INTO SILUTEL.SUPPLIER VALUES('YzGgd10oxohCgPBMpET0hrp','KTKJZ2KAp2NAS2CAaHgNYZDbzaoFDEaG4dyluhp4K9lnocafINNT0zaXZRS7f64Z','PRvllAyy1VG@lalala.com');
INSERT INTO SILUTEL.SUPPLIER VALUES('HGyMdJMnua4n2RMsaHh6ii2euLtSXevIP','jefQcY0d5V7qwcPqB05s3ypHWHnNuYu3zOwcyca6UN1bjcAedE2KabKC2cPi0FGt2pHPTxmFFi5wntmBJGSZIH','aDqz4nZraFuI6ZL@lalala.com');
INSERT INTO SILUTEL.SUPPLIER VALUES('ewj6BjGRmRkAxtHmLIPuH6AAwMNa86vX','QRAcX2TWhM83Gq51hhcSHPskVLYIeyrWBM5WcyvGdjV','UEIBjTXAFGSp@lalala.com');
INSERT INTO SILUTEL.SUPPLIER VALUES('vTa8abvyPAl9nYbizSqyyCR','8M8fK7HUvErS5C6pIKHdsbhl3AI3ok5KYhD3uuGWVKua5PCAmcIs2nHjje3Uk6r','CPAGYciSHDPQ8pPyh45Y@foo.bar');
INSERT INTO SILUTEL.SUPPLIER VALUES('CYbmznUKfD0vBdUOQo1FHeQaz5bS2','pB8k2rWJniuz2zexmUve4hUJ9FRQcMS1HYNY3kfkHkJ86BmWXMJcH5xMDl34zISGKh9Md','idHl@foo.bar');
INSERT INTO SILUTEL.SUPPLIER VALUES('iOVtdUyjTQHjpPnGv08qfN4Rc3se','FE2of7n2ygavAzNfMXxvcrkVCP8ywGQB1JyFxHQgtY','Elbu6ugzvTP@foo.bar');
INSERT INTO SILUTEL.SUPPLIER VALUES('6LFvkhRF','7wlthyJwvF4r1wxs3A3HAHvFgttprwqvpxwLfcONeGmlYlIyUP8WzzWTL','M2PLaQuM0JsMXu@foo.bar');
INSERT INTO SILUTEL.SUPPLIER VALUES('8QDTh6LLoHouw5GloIkm4','KlDXAbb6BNwnp4V5hy74fbGPG7kTdqrqUfIpx034aenc2S4Xo7EDwXiZvBj3sLV0jqyTjpHshg6Rm0Ly6yI0LDRvHLjg3','p5U@foo.bar');
INSERT INTO SILUTEL.SUPPLIER VALUES('zYN1eVFCiNTu2wvuw8pmg','EBFNtxJnBMT7y4kOCVEq1uTXQD','Gfq6oIjXNtwtCx0@ui.ac.id');
INSERT INTO SILUTEL.SUPPLIER VALUES('kJX24vzw460AaBMjhuuDdDg0lCoIE','9h0P9IIfD1htQBuLHyjDExkPDXhHZ7umHkhh8IUeqq12z9UokgTnhq5LFuFrb08cWTS3Qj39FV2fskyA9sPhHbAZ','NIPs5Os5GS6@foo.bar');
INSERT INTO SILUTEL.SUPPLIER VALUES('L97uWtGVfgh','CAZ6qxSqiDxjL00QCl00mCuYh4CBniwrxel2i0EzvaU5VG1pJjca9bSY5kstgl1VeNw7dAMqdc37JRw','CoA9RAPpQhjVLfv1ck@ui.ac.id');
INSERT INTO SILUTEL.SUPPLIER VALUES('BTERDQ2tvQt7','P5bYDUY0ownFmH3FJ3khiPWiPR2','KqCrn1@lalala.com');
INSERT INTO SILUTEL.SUPPLIER VALUES('VGxa1uy6QGfLd','SVxym4bQWJpOLKfDbzt1s2Xn5FCzvwPVVcuSoFqT7a4gl7qHV58ZuWsvpN','rT1LVUHd25rZWkVtgMks@lalala.com');
INSERT INTO SILUTEL.SUPPLIER VALUES('Ox8fn1TQLiIligFGdKwiHfxoOCMT8t5TZNk','yDbWKHUVl3O74jfV8vn4WD0KvxcUD83AUggFN5B6jCdCzsOV1VwlgtXF0sTJc45oug3nsbb2cYBKyyfL7jEytm','R@lalala.com');
INSERT INTO SILUTEL.SUPPLIER VALUES('izHXYjHXGzM8g84mdr6','k0u7qndjLu1','NJmS7sC@foo.bar');
INSERT INTO SILUTEL.SUPPLIER VALUES('cYfxnTKhuhDZz','SG2Cls4Gv6xh69mdyBldaWiurxIboSV2nATeJHjvrN0','OgnAhoo4TT@foo.bar');
INSERT INTO SILUTEL.SUPPLIER VALUES('w17FfU6MIasv','HZpvhOIZUNGsWQ2Ad5gJuusbfhwF6MwcwV2zLfhQj0QIgeuQQtV37XiOHfLAa2FMwh0BEZlL3vNKXOQMt','pMWy@lalala.com');
INSERT INTO SILUTEL.SUPPLIER VALUES('aMgCinlj','4iG4deBJ5vN6u3KGs2vVaQA5pJm605vT1I4xW1iflcYk9xcTTTCnULwWoSTDNXXWnA82VN7TRjhue4iDXYlyOH5D','CHqYzrQUQxSRK0VMUNEK@lalala.com');
INSERT INTO SILUTEL.SUPPLIER VALUES('OTezV','LES1uvm2kQGBgo7vUbVyezZidBMltDqd5T7PZy89tYgorDIixOG5RDkLsX9gJyDPqCunVHpPacGZ56zPtpYdSN0sFa','6wxXqzUwV@lalala.com');
INSERT INTO SILUTEL.SUPPLIER VALUES('xJYWlCHwcholV4TxVvX6HUJ','AL','GDP0d1y0phU10x@ui.ac.id');
INSERT INTO SILUTEL.SUPPLIER VALUES('mHXPNS','Pp7ngrim4EM0oX9fEsoMozGKnKrrgG1T0gMdil7ti5Yq7Z2OzH05PxwyWADtjPrweb7qq7gA6zqe0F5HDfwp','AHvPTK7SGqm@foo.bar');
INSERT INTO SILUTEL.SUPPLIER VALUES('hLCTWLWt1p','iFAAzqpNYXZ1KDDGWoGgxZHAdmJ40WyiZzq5BdGifNFpBuypa4wKKklTXcI','jJ@foo.bar');
INSERT INTO SILUTEL.SUPPLIER VALUES('l','uYmqgfJXrm7DAr8lmnC0Uxxyqc08B73s9lYY01H6c3ZBjbdloIeaMRUarGpbZ3ACT377NPRpR2kOrOABFv','T3C0Jp9YKrgZW6pG@lalala.com');
INSERT INTO SILUTEL.SUPPLIER VALUES('Z1K','kGiUoGvTWc0PU0DDZ5OA2lwsbgJYIc6BYdflYZxtHhJPvw0p5XMbbkdV5irbHgAvMk67zHB6wdQ3HuB','S@lalala.com');
INSERT INTO SILUTEL.SUPPLIER VALUES('5k8l7xXYuBC','RsJQNZmTxhFpJjzmaKYJ6wSI','kUEk43r6fUQ@lalala.com');
INSERT INTO SILUTEL.SUPPLIER VALUES('RtMbVwC5c8INQdOCJj','9Kp7o9VaIpFFipfkEQysO7enPbZKWBYdMc6mq53FO6vXti7jCv8fl2tkdd8uf16BXFg5G9ZIgNYSoNj0','njjGlg9MfOf0f9iCZoAk@lalala.com');
INSERT INTO SILUTEL.SUPPLIER VALUES('dB4bQsQpe4waySK','X9zt4NokH9KD6RpF96q0uTLyqtP8vm3HeqxDHT7zu9glZ83UFSFEyibUVLiHHol5lgES4KFhvcC1RAAGjC3','Kz4T@lalala.com');
INSERT INTO SILUTEL.SUPPLIER VALUES('IfYJFY6p','owRrC7YivG4N5b9lw7qmSJpE2WCIpZHtFwLyLPOFgkpk90PXInI2HvKwC443b4lLXN3WYCL6WZWWwNGxLzXsRfJRMCt','8leVJsDpAZjtVE@foo.bar');
INSERT INTO SILUTEL.SUPPLIER VALUES('9pBGSbYh9mbLN1G','BLXPEja5G5JU7Ug8DUyuSNYVsrAosoGh8jZAoUn1jDx44l0rSC3v','7RrYzT@lalala.com');
INSERT INTO SILUTEL.SUPPLIER VALUES('2ATHuzAXnsG8jQFADd4','cP8xJwJJOuEWrm5h71yZk80dUdeIa9pUj1ni9Fta5YFW7xQymY97Bd77kXWcMQzo9A1XDbcTgBcou8fgoWQAMCcYCEXqd','tixwqOKa@ui.ac.id');
INSERT INTO SILUTEL.SUPPLIER_TELEPON VALUES('cYfxnTKhuhDZz','338');
INSERT INTO SILUTEL.SUPPLIER_TELEPON VALUES('68cPrMTUGzm231p','22029442');
INSERT INTO SILUTEL.SUPPLIER_TELEPON VALUES('RkPAOFvUa1PECOwc7wwK5bcuchAr0w','150');
INSERT INTO SILUTEL.SUPPLIER_TELEPON VALUES('BTERDQ2tvQt7','9638795');
INSERT INTO SILUTEL.SUPPLIER_TELEPON VALUES('zOPt9SgmI5ctt8ZzgPQab','213239740545986');
INSERT INTO SILUTEL.SUPPLIER_TELEPON VALUES('CYbmznUKfD0vBdUOQo1FHeQaz5bS2','302335217');
INSERT INTO SILUTEL.SUPPLIER_TELEPON VALUES('iOVtdUyjTQHjpPnGv08qfN4Rc3se','6110');
INSERT INTO SILUTEL.SUPPLIER_TELEPON VALUES('hLCTWLWt1p','194');
INSERT INTO SILUTEL.SUPPLIER_TELEPON VALUES('x2AqNa','174');
INSERT INTO SILUTEL.SUPPLIER_TELEPON VALUES('l','69433183439315');
INSERT INTO SILUTEL.SUPPLIER_TELEPON VALUES('xJYWlCHwcholV4TxVvX6HUJ','20771922753241955');
INSERT INTO SILUTEL.SUPPLIER_TELEPON VALUES('0JDd7UVLJuxPzLoV24AoMNPW','05441356258617');
INSERT INTO SILUTEL.SUPPLIER_TELEPON VALUES('6LFvkhRF','3246');
INSERT INTO SILUTEL.SUPPLIER_TELEPON VALUES('4JKL4Axcqm9t45Td2B7p1c','7');
INSERT INTO SILUTEL.SUPPLIER_TELEPON VALUES('HGyMdJMnua4n2RMsaHh6ii2euLtSXevIP','0803713430450745475');
INSERT INTO SILUTEL.SUPPLIER_TELEPON VALUES('iOVtdUyjTQHjpPnGv08qfN4Rc3se','496329950');
INSERT INTO SILUTEL.SUPPLIER_TELEPON VALUES('dB4bQsQpe4waySK','8953469367');
INSERT INTO SILUTEL.SUPPLIER_TELEPON VALUES('RTleftVBF19QYjdNDffsRFsotJSVE4Nt','280699864710');
INSERT INTO SILUTEL.SUPPLIER_TELEPON VALUES('5k8l7xXYuBC','498');
INSERT INTO SILUTEL.SUPPLIER_TELEPON VALUES('aMgCinlj','113459036231589');
INSERT INTO SILUTEL.SUPPLIER_TELEPON VALUES('ltKaJhp63lH7nhTPjxk50bj5eBOL','7005942076558363548');
INSERT INTO SILUTEL.SUPPLIER_TELEPON VALUES('mAF6EKJ7bCiPpKTOyLfBP1mPVD','10589568770234312');
INSERT INTO SILUTEL.SUPPLIER_TELEPON VALUES('IfYJFY6p','53435059739469463259');
INSERT INTO SILUTEL.SUPPLIER_TELEPON VALUES('Z1K','664917758675');
INSERT INTO SILUTEL.SUPPLIER_TELEPON VALUES('mHXPNS','252467472');
INSERT INTO SILUTEL.SUPPLIER_TELEPON VALUES('ewj6BjGRmRkAxtHmLIPuH6AAwMNa86vX','471987722');
INSERT INTO SILUTEL.SUPPLIER_TELEPON VALUES('Z1K','5');
INSERT INTO SILUTEL.SUPPLIER_TELEPON VALUES('RtMbVwC5c8INQdOCJj','1837281');
INSERT INTO SILUTEL.SUPPLIER_TELEPON VALUES('68cPrMTUGzm231p','96266');
INSERT INTO SILUTEL.SUPPLIER_TELEPON VALUES('mtrb','92');
INSERT INTO SILUTEL.SUPPLIER_TELEPON VALUES('iQRFeH','4187075300');
INSERT INTO SILUTEL.SUPPLIER_TELEPON VALUES('CL2WNa15xgRMiRvu','72345419660019');
INSERT INTO SILUTEL.SUPPLIER_TELEPON VALUES('8QDTh6LLoHouw5GloIkm4','0097628847395');
INSERT INTO SILUTEL.SUPPLIER_TELEPON VALUES('VGxa1uy6QGfLd','17199038390591233');
INSERT INTO SILUTEL.SUPPLIER_TELEPON VALUES('L97uWtGVfgh','95680610208932019');
INSERT INTO SILUTEL.SUPPLIER_TELEPON VALUES('SD6zu8edxWdo2fxZ','09217834');
INSERT INTO SILUTEL.SUPPLIER_TELEPON VALUES('YzGgd10oxohCgPBMpET0hrp','9262047556832');
INSERT INTO SILUTEL.SUPPLIER_TELEPON VALUES('plhEPUBYEVTqXhwIN','21');
INSERT INTO SILUTEL.SUPPLIER_TELEPON VALUES('2ATHuzAXnsG8jQFADd4','78167693147606');
INSERT INTO SILUTEL.SUPPLIER_TELEPON VALUES('xNWoL1Vq3fCm314y','9467263568304565293');
INSERT INTO SILUTEL.SUPPLIER_TELEPON VALUES('izHXYjHXGzM8g84mdr6','19120946063');
INSERT INTO SILUTEL.SUPPLIER_TELEPON VALUES('9pBGSbYh9mbLN1G','25329061843');
INSERT INTO SILUTEL.SUPPLIER_TELEPON VALUES('plhEPUBYEVTqXhwIN','691174');
INSERT INTO SILUTEL.SUPPLIER_TELEPON VALUES('L97uWtGVfgh','183567997956890124');
INSERT INTO SILUTEL.SUPPLIER_TELEPON VALUES('Ox8fn1TQLiIligFGdKwiHfxoOCMT8t5TZNk','61733');
INSERT INTO SILUTEL.SUPPLIER_TELEPON VALUES('kJX24vzw460AaBMjhuuDdDg0lCoIE','19154062694937');
INSERT INTO SILUTEL.SUPPLIER_TELEPON VALUES('BfqcOpE0MOH8','090926964946549711');
INSERT INTO SILUTEL.SUPPLIER_TELEPON VALUES('w17FfU6MIasv','52678008028');
INSERT INTO SILUTEL.SUPPLIER_TELEPON VALUES('qjOqEm','017989905078232634');
INSERT INTO SILUTEL.SUPPLIER_TELEPON VALUES('KyNHH','0534605727557104');
INSERT INTO SILUTEL.SUPPLIER_TELEPON VALUES('dB4bQsQpe4waySK','2286076045673');
INSERT INTO SILUTEL.SUPPLIER_TELEPON VALUES('zYN1eVFCiNTu2wvuw8pmg','15669982867723236');
INSERT INTO SILUTEL.SUPPLIER_TELEPON VALUES('zYN1eVFCiNTu2wvuw8pmg','118113673259869');
INSERT INTO SILUTEL.SUPPLIER_TELEPON VALUES('NWRw1E4IgvqLDhX8','6055399405767168');
INSERT INTO SILUTEL.SUPPLIER_TELEPON VALUES('UqVf6dQHURtxU','67984393940');
INSERT INTO SILUTEL.SUPPLIER_TELEPON VALUES('BTERDQ2tvQt7','915566405155104');
INSERT INTO SILUTEL.SUPPLIER_TELEPON VALUES('CYbmznUKfD0vBdUOQo1FHeQaz5bS2','06222057946836');
INSERT INTO SILUTEL.SUPPLIER_TELEPON VALUES('vTa8abvyPAl9nYbizSqyyCR','0559136322460973182');
INSERT INTO SILUTEL.SUPPLIER_TELEPON VALUES('OTezV','469179976645758');
INSERT INTO SILUTEL.SUPPLIER_TELEPON VALUES('kJX24vzw460AaBMjhuuDdDg0lCoIE','38505237703');
INSERT INTO SILUTEL.PEMBELIAN VALUES('eBvAW8','1416-07-30 10:9:6','NWRw1E4IgvqLDhX8','pmHnbQz5@lalala.com');
INSERT INTO SILUTEL.PEMBELIAN VALUES('IVI6M1','1460-01-05 19:42:48','CL2WNa15xgRMiRvu','meIxZ8@lalala.com');
INSERT INTO SILUTEL.PEMBELIAN VALUES('4cA2qV','1512-12-19 10:27:25','xJYWlCHwcholV4TxVvX6HUJ','sgwNEXlIFth3Ho@ui.ac.id');
INSERT INTO SILUTEL.PEMBELIAN VALUES('b1fm2T','1149-10-07 16:47:30','hLCTWLWt1p','eMGb4PL1GaPF4hhqQ@lalala.com');
INSERT INTO SILUTEL.PEMBELIAN VALUES('zAH4Eq','1901-02-12 5:45:16','mtrb','V2V1Jw1f2UGZbd2@ui.ac.id');
INSERT INTO SILUTEL.PEMBELIAN VALUES('WrsLe2','1113-08-15 7:46:10','BfqcOpE0MOH8','mWfrUHmy57nElgrsH066@lalala.com');
INSERT INTO SILUTEL.PEMBELIAN VALUES('SWH3WG','1909-01-30 10:39:29','zYN1eVFCiNTu2wvuw8pmg','knYFMbY@ui.ac.id');
INSERT INTO SILUTEL.PEMBELIAN VALUES('wdXjxw','1977-01-11 2:52:7','iOVtdUyjTQHjpPnGv08qfN4Rc3se','fwkI@foo.bar');
INSERT INTO SILUTEL.PEMBELIAN VALUES('4t3KxP','1464-02-02 8:34:14','OTezV','aosQiByEshunw@foo.bar');
INSERT INTO SILUTEL.PEMBELIAN VALUES('Lgkfl2','1274-11-06 0:22:35','vTa8abvyPAl9nYbizSqyyCR','meIxZ8@lalala.com');
INSERT INTO SILUTEL.PEMBELIAN VALUES('okCymI','1080-02-22 3:43:8','VGxa1uy6QGfLd','N49nc08osakm8vLSHdZP@ui.ac.id');
INSERT INTO SILUTEL.PEMBELIAN VALUES('LBtnP2','1076-03-04 9:23:39','SD6zu8edxWdo2fxZ','V2V1Jw1f2UGZbd2@ui.ac.id');
INSERT INTO SILUTEL.PEMBELIAN VALUES('YUnIaT','1691-04-06 21:10:6','ewj6BjGRmRkAxtHmLIPuH6AAwMNa86vX','N49nc08osakm8vLSHdZP@ui.ac.id');
INSERT INTO SILUTEL.PEMBELIAN VALUES('aZfvXN','1041-01-23 13:42:42','L97uWtGVfgh','WqlPc@ui.ac.id');
INSERT INTO SILUTEL.PEMBELIAN VALUES('quJ2vM','1545-09-12 6:25:46','L97uWtGVfgh','z18AvImuDqr@ui.ac.id');
INSERT INTO SILUTEL.PEMBELIAN VALUES('KckWFw','1959-02-23 23:31:0','aMgCinlj','mWfrUHmy57nElgrsH066@lalala.com');
INSERT INTO SILUTEL.PEMBELIAN VALUES('9J0B9T','1922-07-05 3:16:1','0JDd7UVLJuxPzLoV24AoMNPW','1z1n0@lalala.com');
INSERT INTO SILUTEL.PEMBELIAN VALUES('SXrbpC','1426-01-30 2:8:53','NWRw1E4IgvqLDhX8','z18AvImuDqr@ui.ac.id');
INSERT INTO SILUTEL.PEMBELIAN VALUES('8tRJqD','1795-08-13 20:44:41','KyNHH','pmHnbQz5@lalala.com');
INSERT INTO SILUTEL.PEMBELIAN VALUES('JIxZDl','1082-08-27 13:50:31','kJX24vzw460AaBMjhuuDdDg0lCoIE','xkVqDjqMjk545YGQ@ui.ac.id');
INSERT INTO SILUTEL.PEMBELIAN VALUES('eGLW1h','1041-01-03 2:56:15','xJYWlCHwcholV4TxVvX6HUJ','C9Sf4dGefEM2Zu@lalala.com');
INSERT INTO SILUTEL.PEMBELIAN VALUES('nnobMp','1033-06-18 13:55:56','zYN1eVFCiNTu2wvuw8pmg','5NSaSlE8CQWa@foo.bar');
INSERT INTO SILUTEL.PEMBELIAN VALUES('AFDMzX','1572-03-29 19:9:43','UqVf6dQHURtxU','R2pM@lalala.com');
INSERT INTO SILUTEL.PEMBELIAN VALUES('XDVQCS','1838-03-07 23:8:13','8QDTh6LLoHouw5GloIkm4','knYFMbY@ui.ac.id');
INSERT INTO SILUTEL.PEMBELIAN VALUES('8Rw8Du','1073-10-25 2:48:52','l','xkVqDjqMjk545YGQ@ui.ac.id');
INSERT INTO SILUTEL.PEMBELIAN VALUES('IwBsy4','1889-11-01 6:0:47','plhEPUBYEVTqXhwIN','R2pM@lalala.com');
INSERT INTO SILUTEL.PEMBELIAN VALUES('HwDn5M','1647-01-02 6:1:59','CYbmznUKfD0vBdUOQo1FHeQaz5bS2','7ny1ZHCmIGFp1Xia1Z8S@ui.ac.id');
INSERT INTO SILUTEL.PEMBELIAN VALUES('7KYTgW','1834-03-18 0:43:6','l','RLr7@lalala.com');
INSERT INTO SILUTEL.PEMBELIAN VALUES('1XgsRy','1698-07-17 0:27:37','mHXPNS','C9Sf4dGefEM2Zu@lalala.com');
INSERT INTO SILUTEL.PEMBELIAN VALUES('RcppXA','1401-04-12 1:39:6','L97uWtGVfgh','V2V1Jw1f2UGZbd2@ui.ac.id');
INSERT INTO SILUTEL.PEMBELIAN VALUES('ZIRAvR','1497-02-04 20:41:7','ltKaJhp63lH7nhTPjxk50bj5eBOL','sgwNEXlIFth3Ho@ui.ac.id');
INSERT INTO SILUTEL.PEMBELIAN VALUES('Fi6isi','1337-03-06 19:27:3','plhEPUBYEVTqXhwIN','pmHnbQz5@lalala.com');
INSERT INTO SILUTEL.PEMBELIAN VALUES('LxxlFn','1204-10-30 13:9:4','Z1K','eMGb4PL1GaPF4hhqQ@lalala.com');
INSERT INTO SILUTEL.PEMBELIAN VALUES('HIQoFv','1207-08-15 23:22:28','YzGgd10oxohCgPBMpET0hrp','eMGb4PL1GaPF4hhqQ@lalala.com');
INSERT INTO SILUTEL.PEMBELIAN VALUES('ce5R7p','1960-01-16 4:50:38','0JDd7UVLJuxPzLoV24AoMNPW','sgwNEXlIFth3Ho@ui.ac.id');
INSERT INTO SILUTEL.PEMBELIAN VALUES('o7OttG','1439-08-30 4:27:4','4JKL4Axcqm9t45Td2B7p1c','R2pM@lalala.com');
INSERT INTO SILUTEL.PEMBELIAN VALUES('N22Xom','1071-02-26 17:56:46','68cPrMTUGzm231p','knYFMbY@ui.ac.id');
INSERT INTO SILUTEL.PEMBELIAN VALUES('gamjC9','1262-04-17 19:0:6','mtrb','eMGb4PL1GaPF4hhqQ@lalala.com');
INSERT INTO SILUTEL.PEMBELIAN VALUES('9JjKpK','1152-05-18 2:15:44','mAF6EKJ7bCiPpKTOyLfBP1mPVD','xkVqDjqMjk545YGQ@ui.ac.id');
INSERT INTO SILUTEL.PEMBELIAN VALUES('0fnQ12','1060-07-13 12:16:6','5k8l7xXYuBC','fwkI@foo.bar');
INSERT INTO SILUTEL.PEMBELIAN VALUES('pvjBYd','1533-03-03 6:25:11','6LFvkhRF','5NSaSlE8CQWa@foo.bar');
INSERT INTO SILUTEL.PEMBELIAN VALUES('Cwkfen','1100-01-07 7:49:3','CL2WNa15xgRMiRvu','WqlPc@ui.ac.id');
INSERT INTO SILUTEL.PEMBELIAN VALUES('7Nry75','1745-05-04 22:27:10','plhEPUBYEVTqXhwIN','meIxZ8@lalala.com');
INSERT INTO SILUTEL.PEMBELIAN VALUES('3qy9mi','1879-10-04 19:49:58','mAF6EKJ7bCiPpKTOyLfBP1mPVD','eMGb4PL1GaPF4hhqQ@lalala.com');
INSERT INTO SILUTEL.PEMBELIAN VALUES('QGVRAT','1796-06-04 5:43:25','UqVf6dQHURtxU','5NSaSlE8CQWa@foo.bar');
INSERT INTO SILUTEL.PEMBELIAN VALUES('IyFCCa','1482-04-10 10:48:46','qjOqEm','mWfrUHmy57nElgrsH066@lalala.com');
INSERT INTO SILUTEL.PEMBELIAN VALUES('3WZnhM','1389-07-18 20:58:11','kJX24vzw460AaBMjhuuDdDg0lCoIE','pmHnbQz5@lalala.com');
INSERT INTO SILUTEL.PEMBELIAN VALUES('slWe03','1127-08-28 14:50:18','mAF6EKJ7bCiPpKTOyLfBP1mPVD','Efg@foo.bar');
INSERT INTO SILUTEL.PEMBELIAN VALUES('x2oR8E','1506-07-14 16:37:27','iQRFeH','WqlPc@ui.ac.id');
INSERT INTO SILUTEL.PEMBELIAN VALUES('gtBjxm','1053-08-19 7:55:15','68cPrMTUGzm231p','R2pM@lalala.com');
INSERT INTO SILUTEL.PEMBELIAN VALUES('D0DfCy','1832-10-12 12:25:47','KyNHH','5NSaSlE8CQWa@foo.bar');
INSERT INTO SILUTEL.PEMBELIAN VALUES('fblXqG','1455-01-20 23:21:37','ltKaJhp63lH7nhTPjxk50bj5eBOL','5NSaSlE8CQWa@foo.bar');
INSERT INTO SILUTEL.PEMBELIAN VALUES('rbJwNc','1210-03-15 2:19:35','KyNHH','mWfrUHmy57nElgrsH066@lalala.com');
INSERT INTO SILUTEL.PEMBELIAN VALUES('cFA8VP','1932-12-16 19:44:58','RTleftVBF19QYjdNDffsRFsotJSVE4Nt','WqlPc@ui.ac.id');
INSERT INTO SILUTEL.PEMBELIAN VALUES('6522GV','1553-12-19 13:18:34','68cPrMTUGzm231p','fwkI@foo.bar');
INSERT INTO SILUTEL.PEMBELIAN VALUES('IHUohe','1505-06-10 9:3:45','vTa8abvyPAl9nYbizSqyyCR','xkVqDjqMjk545YGQ@ui.ac.id');
INSERT INTO SILUTEL.PEMBELIAN VALUES('WzH4Wj','1205-03-25 18:8:47','KyNHH','WqlPc@ui.ac.id');
INSERT INTO SILUTEL.PEMBELIAN VALUES('Nxfe4Q','1533-12-23 21:7:57','xJYWlCHwcholV4TxVvX6HUJ','WqlPc@ui.ac.id');
INSERT INTO SILUTEL.PEMBELIAN VALUES('ZYl1EA','1851-02-26 1:5:1','2ATHuzAXnsG8jQFADd4','7ny1ZHCmIGFp1Xia1Z8S@ui.ac.id');
INSERT INTO SILUTEL.PEMBELIAN VALUES('JBcXnq','1522-09-07 14:22:59','Ox8fn1TQLiIligFGdKwiHfxoOCMT8t5TZNk','WqlPc@ui.ac.id');
INSERT INTO SILUTEL.PEMBELIAN VALUES('dxhM0B','1281-08-25 22:57:24','L97uWtGVfgh','7ny1ZHCmIGFp1Xia1Z8S@ui.ac.id');
INSERT INTO SILUTEL.PEMBELIAN VALUES('JGBYnA','1625-12-04 4:0:50','5k8l7xXYuBC','5NSaSlE8CQWa@foo.bar');
INSERT INTO SILUTEL.PEMBELIAN VALUES('bCafkG','1986-10-08 18:18:54','cYfxnTKhuhDZz','RLr7@lalala.com');
INSERT INTO SILUTEL.PEMBELIAN VALUES('RapYLN','1452-01-29 4:42:27','mHXPNS','IXyRwuTK1@ui.ac.id');
INSERT INTO SILUTEL.PEMBELIAN VALUES('788ED2','1025-04-04 14:42:35','izHXYjHXGzM8g84mdr6','meIxZ8@lalala.com');
INSERT INTO SILUTEL.PEMBELIAN VALUES('1QE3EA','1949-03-21 16:49:43','IfYJFY6p','xkVqDjqMjk545YGQ@ui.ac.id');
INSERT INTO SILUTEL.PEMBELIAN VALUES('cKhYgP','1636-01-16 22:1:46','5k8l7xXYuBC','C9Sf4dGefEM2Zu@lalala.com');
INSERT INTO SILUTEL.PEMBELIAN VALUES('z35tgg','1861-09-28 0:34:52','ltKaJhp63lH7nhTPjxk50bj5eBOL','fwkI@foo.bar');
INSERT INTO SILUTEL.PEMBELIAN VALUES('rHSuw0','1150-07-23 18:39:29','mAF6EKJ7bCiPpKTOyLfBP1mPVD','R2pM@lalala.com');
INSERT INTO SILUTEL.PEMBELIAN VALUES('4Jl2vv','1860-09-01 23:39:3','kJX24vzw460AaBMjhuuDdDg0lCoIE','ey0q@ui.ac.id');
INSERT INTO SILUTEL.PEMBELIAN VALUES('fO5S3b','1849-07-28 12:26:17','YzGgd10oxohCgPBMpET0hrp','5NSaSlE8CQWa@foo.bar');
INSERT INTO SILUTEL.PEMBELIAN VALUES('LN1Csd','1987-08-12 14:8:40','OTezV','xkVqDjqMjk545YGQ@ui.ac.id');
INSERT INTO SILUTEL.PEMBELIAN VALUES('Rt15ah','1691-06-11 5:1:8','w17FfU6MIasv','z18AvImuDqr@ui.ac.id');
INSERT INTO SILUTEL.PEMBELIAN VALUES('4jN0Wm','1034-06-18 23:10:10','xNWoL1Vq3fCm314y','C9Sf4dGefEM2Zu@lalala.com');
INSERT INTO SILUTEL.PEMBELIAN VALUES('66H7PS','1475-02-08 17:1:15','0JDd7UVLJuxPzLoV24AoMNPW','eMGb4PL1GaPF4hhqQ@lalala.com');
INSERT INTO SILUTEL.PEMBELIAN VALUES('B0REMW','1437-09-02 22:39:16','xJYWlCHwcholV4TxVvX6HUJ','aosQiByEshunw@foo.bar');
INSERT INTO SILUTEL.PEMBELIAN VALUES('w96s3G','1957-04-23 15:13:34','0JDd7UVLJuxPzLoV24AoMNPW','U@ui.ac.id');
INSERT INTO SILUTEL.PEMBELIAN VALUES('Zw04mt','1847-06-05 17:11:46','ewj6BjGRmRkAxtHmLIPuH6AAwMNa86vX','fwkI@foo.bar');
INSERT INTO SILUTEL.PEMBELIAN VALUES('xaSPIN','1711-08-16 11:26:4','NWRw1E4IgvqLDhX8','WqlPc@ui.ac.id');
INSERT INTO SILUTEL.PEMBELIAN VALUES('eaWp9S','1891-07-21 4:59:48','mtrb','knYFMbY@ui.ac.id');
INSERT INTO SILUTEL.PEMBELIAN VALUES('RYGs4y','1566-10-27 15:27:57','BfqcOpE0MOH8','N49nc08osakm8vLSHdZP@ui.ac.id');
INSERT INTO SILUTEL.PEMBELIAN VALUES('1JesLj','1294-09-05 6:12:44','2ATHuzAXnsG8jQFADd4','z18AvImuDqr@ui.ac.id');
INSERT INTO SILUTEL.PEMBELIAN VALUES('utYtu9','1754-12-03 4:53:26','iOVtdUyjTQHjpPnGv08qfN4Rc3se','V2V1Jw1f2UGZbd2@ui.ac.id');
INSERT INTO SILUTEL.PEMBELIAN VALUES('UjSW4P','1731-08-25 3:58:1','plhEPUBYEVTqXhwIN','xkVqDjqMjk545YGQ@ui.ac.id');
INSERT INTO SILUTEL.PEMBELIAN VALUES('E3nabq','1530-06-17 9:23:5','w17FfU6MIasv','knYFMbY@ui.ac.id');
INSERT INTO SILUTEL.PEMBELIAN VALUES('hyuLJ3','1938-02-16 20:48:19','iQRFeH','pVDuqF2vMYcaYXtP@foo.bar');
INSERT INTO SILUTEL.PEMBELIAN VALUES('1rWNXk','1686-08-10 5:25:50','9pBGSbYh9mbLN1G','mWfrUHmy57nElgrsH066@lalala.com');
INSERT INTO SILUTEL.PEMBELIAN VALUES('bDPSJl','1345-01-12 18:43:9','BfqcOpE0MOH8','meIxZ8@lalala.com');
INSERT INTO SILUTEL.PEMBELIAN VALUES('29YtXC','1704-06-29 23:30:8','9pBGSbYh9mbLN1G','z18AvImuDqr@ui.ac.id');
INSERT INTO SILUTEL.PEMBELIAN VALUES('pzr5lc','1048-04-17 13:15:27','w17FfU6MIasv','U@ui.ac.id');
INSERT INTO SILUTEL.PEMBELIAN VALUES('s0z1VQ','1695-10-20 9:6:50','Z1K','aosQiByEshunw@foo.bar');
INSERT INTO SILUTEL.PEMBELIAN VALUES('yMOALj','1493-01-22 14:45:48','mHXPNS','U@ui.ac.id');
INSERT INTO SILUTEL.PEMBELIAN VALUES('D4X3Tt','1964-12-15 19:36:14','NWRw1E4IgvqLDhX8','R2pM@lalala.com');
INSERT INTO SILUTEL.PEMBELIAN VALUES('moeAbl','1279-01-30 14:9:6','CL2WNa15xgRMiRvu','7ny1ZHCmIGFp1Xia1Z8S@ui.ac.id');
INSERT INTO SILUTEL.PEMBELIAN VALUES('mQL1tJ','1558-12-26 16:2:47','4JKL4Axcqm9t45Td2B7p1c','mWfrUHmy57nElgrsH066@lalala.com');
INSERT INTO SILUTEL.PEMBELIAN VALUES('4NAQQE','1019-05-15 23:23:45','ltKaJhp63lH7nhTPjxk50bj5eBOL','RLr7@lalala.com');
INSERT INTO SILUTEL.PEMBELIAN VALUES('A1lzvM','1924-12-01 19:39:4','VGxa1uy6QGfLd','pyY0OlQI7n@foo.bar');
INSERT INTO SILUTEL.PEMBELIAN VALUES('PSZeNB','1992-03-30 2:44:25','vTa8abvyPAl9nYbizSqyyCR','V2V1Jw1f2UGZbd2@ui.ac.id');
INSERT INTO SILUTEL.PEMBELIAN VALUES('VY1Qfc','1012-08-17 7:59:34','xJYWlCHwcholV4TxVvX6HUJ','pVDuqF2vMYcaYXtP@foo.bar');
INSERT INTO SILUTEL.PEMBELIAN VALUES('yRMBmC','1799-08-20 12:24:29','xJYWlCHwcholV4TxVvX6HUJ','WqlPc@ui.ac.id');
INSERT INTO SILUTEL.PEMBELIAN VALUES('ojeDN8','1867-04-20 20:30:35','RkPAOFvUa1PECOwc7wwK5bcuchAr0w','R2pM@lalala.com');
INSERT INTO SILUTEL.PEMBELIAN VALUES('wE4YiD','1614-08-11 15:17:29','mHXPNS','Efg@foo.bar');
INSERT INTO SILUTEL.PEMBELIAN VALUES('IYcKnD','1252-05-02 14:44:47','BfqcOpE0MOH8','R2pM@lalala.com');
INSERT INTO SILUTEL.PEMBELIAN VALUES('5ZSbVJ','1631-07-03 20:21:46','RtMbVwC5c8INQdOCJj','mWfrUHmy57nElgrsH066@lalala.com');
INSERT INTO SILUTEL.PEMBELIAN VALUES('srdI0Y','1517-06-22 4:48:49','dB4bQsQpe4waySK','z18AvImuDqr@ui.ac.id');
INSERT INTO SILUTEL.PEMBELIAN VALUES('b3KUaY','1698-12-14 1:20:55','iOVtdUyjTQHjpPnGv08qfN4Rc3se','V2V1Jw1f2UGZbd2@ui.ac.id');
INSERT INTO SILUTEL.PEMBELIAN VALUES('vGTo2T','1809-11-06 20:56:17','ltKaJhp63lH7nhTPjxk50bj5eBOL','IXyRwuTK1@ui.ac.id');
INSERT INTO SILUTEL.PEMBELIAN VALUES('OXcs1j','1108-02-02 2:32:0','KyNHH','N49nc08osakm8vLSHdZP@ui.ac.id');
INSERT INTO SILUTEL.PEMBELIAN VALUES('J54AjV','1872-01-14 23:53:8','izHXYjHXGzM8g84mdr6','aosQiByEshunw@foo.bar');
INSERT INTO SILUTEL.PEMBELIAN VALUES('Fzgmi6','1028-02-19 1:54:36','dB4bQsQpe4waySK','IXyRwuTK1@ui.ac.id');
INSERT INTO SILUTEL.PEMBELIAN VALUES('mI073C','1974-12-28 11:28:3','HGyMdJMnua4n2RMsaHh6ii2euLtSXevIP','RLr7@lalala.com');
INSERT INTO SILUTEL.PEMBELIAN VALUES('iS61ue','1075-08-23 18:44:57','mHXPNS','pmHnbQz5@lalala.com');
INSERT INTO SILUTEL.PEMBELIAN VALUES('fcmKXF','1134-08-29 13:37:28','zOPt9SgmI5ctt8ZzgPQab','Efg@foo.bar');
INSERT INTO SILUTEL.PEMBELIAN VALUES('SmsVsW','2010-02-05 3:6:25','0JDd7UVLJuxPzLoV24AoMNPW','fwkI@foo.bar');
INSERT INTO SILUTEL.PEMBELIAN VALUES('5u0tNL','1218-07-03 7:31:34','cYfxnTKhuhDZz','N49nc08osakm8vLSHdZP@ui.ac.id');
INSERT INTO SILUTEL.PEMBELIAN VALUES('NiUqRq','2001-11-09 5:54:5','RtMbVwC5c8INQdOCJj','fwkI@foo.bar');
INSERT INTO SILUTEL.PEMBELIAN VALUES('HzTZeI','1274-11-08 5:30:29','KyNHH','z18AvImuDqr@ui.ac.id');
INSERT INTO SILUTEL.PEMBELIAN VALUES('hHcJku','1124-01-22 13:14:31','UqVf6dQHURtxU','U@ui.ac.id');
INSERT INTO SILUTEL.PEMBELIAN VALUES('DoYGv1','1351-11-08 21:47:48','ltKaJhp63lH7nhTPjxk50bj5eBOL','knYFMbY@ui.ac.id');
INSERT INTO SILUTEL.PEMBELIAN VALUES('lp9IYy','1537-05-19 16:23:15','RkPAOFvUa1PECOwc7wwK5bcuchAr0w','pmHnbQz5@lalala.com');
INSERT INTO SILUTEL.PEMBELIAN VALUES('lcUGdL','1539-12-25 20:19:38','4JKL4Axcqm9t45Td2B7p1c','pmHnbQz5@lalala.com');
INSERT INTO SILUTEL.PEMBELIAN VALUES('Oab00p','1241-07-07 8:33:24','mAF6EKJ7bCiPpKTOyLfBP1mPVD','mWfrUHmy57nElgrsH066@lalala.com');
INSERT INTO SILUTEL.PEMBELIAN VALUES('DgjvIe','1171-12-13 13:5:40','mtrb','U@ui.ac.id');
INSERT INTO SILUTEL.PEMBELIAN VALUES('AKwUp3','1512-04-10 21:19:49','zYN1eVFCiNTu2wvuw8pmg','knYFMbY@ui.ac.id');
INSERT INTO SILUTEL.PEMBELIAN VALUES('VQmQmG','1374-11-17 22:38:38','zYN1eVFCiNTu2wvuw8pmg','C9Sf4dGefEM2Zu@lalala.com');
INSERT INTO SILUTEL.PEMBELIAN VALUES('DQ4A0P','1959-02-01 6:37:59','mAF6EKJ7bCiPpKTOyLfBP1mPVD','N49nc08osakm8vLSHdZP@ui.ac.id');
INSERT INTO SILUTEL.PEMBELIAN VALUES('Uv4UYp','1964-11-07 7:31:6','mHXPNS','pmHnbQz5@lalala.com');
INSERT INTO SILUTEL.PEMBELIAN VALUES('bfZph0','1418-10-15 3:54:4','zOPt9SgmI5ctt8ZzgPQab','RLr7@lalala.com');
INSERT INTO SILUTEL.PEMBELIAN VALUES('EJ5lLS','1469-11-23 0:20:46','Ox8fn1TQLiIligFGdKwiHfxoOCMT8t5TZNk','fwkI@foo.bar');
INSERT INTO SILUTEL.PEMBELIAN VALUES('RuC6p6','1152-05-26 9:25:36','YzGgd10oxohCgPBMpET0hrp','pyY0OlQI7n@foo.bar');
INSERT INTO SILUTEL.PEMBELIAN VALUES('xSRuL1','1088-07-05 13:37:56','iQRFeH','sgwNEXlIFth3Ho@ui.ac.id');
INSERT INTO SILUTEL.PEMBELIAN VALUES('cAQirC','1812-11-01 8:41:12','OTezV','z18AvImuDqr@ui.ac.id');
INSERT INTO SILUTEL.PEMBELIAN VALUES('kRSPbo','1736-09-11 18:52:42','CYbmznUKfD0vBdUOQo1FHeQaz5bS2','RLr7@lalala.com');
INSERT INTO SILUTEL.PEMBELIAN VALUES('BbdSGS','1966-06-18 0:14:31','6LFvkhRF','sgwNEXlIFth3Ho@ui.ac.id');
INSERT INTO SILUTEL.PEMBELIAN VALUES('YgZd7U','1860-01-07 1:46:18','CL2WNa15xgRMiRvu','eMGb4PL1GaPF4hhqQ@lalala.com');
INSERT INTO SILUTEL.PEMBELIAN VALUES('NlFxYP','1203-09-24 15:52:38','L97uWtGVfgh','R2pM@lalala.com');
INSERT INTO SILUTEL.PEMBELIAN VALUES('s1HQ6H','1658-05-16 22:2:3','hLCTWLWt1p','R2pM@lalala.com');
INSERT INTO SILUTEL.PEMBELIAN VALUES('WasWxy','1030-03-12 16:13:52','xJYWlCHwcholV4TxVvX6HUJ','IXyRwuTK1@ui.ac.id');
INSERT INTO SILUTEL.PEMBELIAN VALUES('p8Vzwo','1013-01-05 11:48:14','RTleftVBF19QYjdNDffsRFsotJSVE4Nt','aosQiByEshunw@foo.bar');
INSERT INTO SILUTEL.PEMBELIAN VALUES('20AxZq','1399-01-10 12:37:37','iQRFeH','aosQiByEshunw@foo.bar');
INSERT INTO SILUTEL.PEMBELIAN VALUES('nhKI49','1969-05-24 16:13:12','RTleftVBF19QYjdNDffsRFsotJSVE4Nt','mWfrUHmy57nElgrsH066@lalala.com');
INSERT INTO SILUTEL.PEMBELIAN VALUES('RAInld','1060-03-04 4:12:30','zYN1eVFCiNTu2wvuw8pmg','xkVqDjqMjk545YGQ@ui.ac.id');
INSERT INTO SILUTEL.PEMBELIAN VALUES('V7ngwo','1415-02-14 1:45:36','NWRw1E4IgvqLDhX8','pVDuqF2vMYcaYXtP@foo.bar');
INSERT INTO SILUTEL.PEMBELIAN VALUES('U269Fh','1025-02-02 12:28:50','VGxa1uy6QGfLd','WqlPc@ui.ac.id');
INSERT INTO SILUTEL.PEMBELIAN VALUES('gVb0eO','1973-04-12 1:43:52','xJYWlCHwcholV4TxVvX6HUJ','C9Sf4dGefEM2Zu@lalala.com');
INSERT INTO SILUTEL.PEMBELIAN VALUES('9yfS6F','1649-06-03 16:12:0','hLCTWLWt1p','fwkI@foo.bar');
INSERT INTO SILUTEL.PEMBELIAN VALUES('v2JCwp','1445-02-07 7:31:27','iOVtdUyjTQHjpPnGv08qfN4Rc3se','WqlPc@ui.ac.id');
INSERT INTO SILUTEL.PEMBELIAN VALUES('yxGy71','1169-06-08 17:53:35','l','mWfrUHmy57nElgrsH066@lalala.com');
INSERT INTO SILUTEL.PEMBELIAN VALUES('O3hTDS','1240-03-06 2:9:18','mtrb','ey0q@ui.ac.id');
INSERT INTO SILUTEL.PEMBELIAN VALUES('IY83I9','1673-02-19 9:9:21','2ATHuzAXnsG8jQFADd4','C9Sf4dGefEM2Zu@lalala.com');
INSERT INTO SILUTEL.PEMBELIAN VALUES('UnEGkT','1093-09-08 3:6:4','ltKaJhp63lH7nhTPjxk50bj5eBOL','eMGb4PL1GaPF4hhqQ@lalala.com');
INSERT INTO SILUTEL.PEMBELIAN VALUES('ccTEYm','1012-05-27 20:45:30','RTleftVBF19QYjdNDffsRFsotJSVE4Nt','C9Sf4dGefEM2Zu@lalala.com');
INSERT INTO SILUTEL.PEMBELIAN VALUES('NyKlFI','1075-12-04 12:12:25','9pBGSbYh9mbLN1G','IXyRwuTK1@ui.ac.id');
INSERT INTO SILUTEL.PEMBELIAN VALUES('xOb1Xa','1147-02-18 14:36:51','x2AqNa','IXyRwuTK1@ui.ac.id');
INSERT INTO SILUTEL.PEMBELIAN VALUES('VCoIQ3','1317-10-20 23:41:17','zOPt9SgmI5ctt8ZzgPQab','RLr7@lalala.com');
INSERT INTO SILUTEL.PEMBELIAN VALUES('iqs7GW','1268-07-06 2:16:50','zYN1eVFCiNTu2wvuw8pmg','pVDuqF2vMYcaYXtP@foo.bar');
INSERT INTO SILUTEL.PEMBELIAN VALUES('XUl06W','1685-05-12 12:53:47','IfYJFY6p','meIxZ8@lalala.com');
INSERT INTO SILUTEL.PEMBELIAN VALUES('ua20CH','1624-07-24 14:24:43','CYbmznUKfD0vBdUOQo1FHeQaz5bS2','sgwNEXlIFth3Ho@ui.ac.id');
INSERT INTO SILUTEL.PEMBELIAN VALUES('AmoDBT','1576-03-28 8:1:48','5k8l7xXYuBC','1z1n0@lalala.com');
INSERT INTO SILUTEL.PEMBELIAN VALUES('IpnXLy','1825-05-16 5:43:8','xNWoL1Vq3fCm314y','U@ui.ac.id');
INSERT INTO SILUTEL.PEMBELIAN VALUES('e4BXiw','1693-09-13 14:21:3','ltKaJhp63lH7nhTPjxk50bj5eBOL','WqlPc@ui.ac.id');
INSERT INTO SILUTEL.PEMBELIAN VALUES('kUXGrW','1648-02-09 12:38:11','RtMbVwC5c8INQdOCJj','mWfrUHmy57nElgrsH066@lalala.com');
INSERT INTO SILUTEL.PEMBELIAN VALUES('j3RaPf','1136-08-08 13:36:44','w17FfU6MIasv','R2pM@lalala.com');
INSERT INTO SILUTEL.PEMBELIAN VALUES('48HAby','1952-04-14 15:8:0','SD6zu8edxWdo2fxZ','aosQiByEshunw@foo.bar');
INSERT INTO SILUTEL.PEMBELIAN VALUES('1nvKU4','1779-01-15 15:19:21','YzGgd10oxohCgPBMpET0hrp','z18AvImuDqr@ui.ac.id');
INSERT INTO SILUTEL.PEMBELIAN VALUES('EuXdgk','1480-04-04 6:32:39','BfqcOpE0MOH8','Efg@foo.bar');
INSERT INTO SILUTEL.PEMBELIAN VALUES('VzpS10','1806-05-25 17:42:54','BfqcOpE0MOH8','pyY0OlQI7n@foo.bar');
INSERT INTO SILUTEL.PEMBELIAN VALUES('rY1tzi','1329-03-06 4:51:58','iQRFeH','pVDuqF2vMYcaYXtP@foo.bar');
INSERT INTO SILUTEL.PEMBELIAN VALUES('kbWjf9','1661-02-12 23:55:33','CYbmznUKfD0vBdUOQo1FHeQaz5bS2','mWfrUHmy57nElgrsH066@lalala.com');
INSERT INTO SILUTEL.PEMBELIAN VALUES('gcRJVz','1098-10-30 21:30:15','l','xkVqDjqMjk545YGQ@ui.ac.id');
INSERT INTO SILUTEL.PEMBELIAN VALUES('qWYX3I','1645-05-24 9:16:24','8QDTh6LLoHouw5GloIkm4','eMGb4PL1GaPF4hhqQ@lalala.com');
INSERT INTO SILUTEL.PEMBELIAN VALUES('N3SzEz','1579-01-09 6:7:56','4JKL4Axcqm9t45Td2B7p1c','fwkI@foo.bar');
INSERT INTO SILUTEL.PEMBELIAN VALUES('cTQQYm','1262-08-23 3:43:9','xNWoL1Vq3fCm314y','eMGb4PL1GaPF4hhqQ@lalala.com');
INSERT INTO SILUTEL.PEMBELIAN VALUES('JnYKqS','1668-09-09 5:27:1','5k8l7xXYuBC','aosQiByEshunw@foo.bar');
INSERT INTO SILUTEL.PEMBELIAN VALUES('b9CcTo','1335-08-22 6:35:48','Ox8fn1TQLiIligFGdKwiHfxoOCMT8t5TZNk','ey0q@ui.ac.id');
INSERT INTO SILUTEL.PEMBELIAN VALUES('qNfyIt','1101-10-13 23:6:50','IfYJFY6p','C9Sf4dGefEM2Zu@lalala.com');
INSERT INTO SILUTEL.PEMBELIAN VALUES('wOzw6q','1428-02-19 2:2:55','mtrb','pmHnbQz5@lalala.com');
INSERT INTO SILUTEL.PEMBELIAN VALUES('EKBkXZ','1969-01-17 9:12:0','RTleftVBF19QYjdNDffsRFsotJSVE4Nt','RLr7@lalala.com');
INSERT INTO SILUTEL.PEMBELIAN VALUES('L8bSAv','1254-10-14 7:6:0','iQRFeH','N49nc08osakm8vLSHdZP@ui.ac.id');
INSERT INTO SILUTEL.PEMBELIAN VALUES('PTr3Yy','1699-07-13 11:37:7','IfYJFY6p','7ny1ZHCmIGFp1Xia1Z8S@ui.ac.id');
INSERT INTO SILUTEL.PEMBELIAN VALUES('xlxHKL','1871-10-02 12:6:31','0JDd7UVLJuxPzLoV24AoMNPW','xkVqDjqMjk545YGQ@ui.ac.id');
INSERT INTO SILUTEL.PEMBELIAN VALUES('6EnO06','1661-03-10 5:25:11','zOPt9SgmI5ctt8ZzgPQab','fwkI@foo.bar');
INSERT INTO SILUTEL.PEMBELIAN VALUES('myeKjH','1803-11-06 7:32:43','CYbmznUKfD0vBdUOQo1FHeQaz5bS2','Efg@foo.bar');
INSERT INTO SILUTEL.PEMBELIAN VALUES('AUWpEN','1773-10-23 18:35:51','Z1K','mWfrUHmy57nElgrsH066@lalala.com');
INSERT INTO SILUTEL.PEMBELIAN VALUES('OiNlm1','1843-09-27 21:45:21','BfqcOpE0MOH8','ey0q@ui.ac.id');
INSERT INTO SILUTEL.PEMBELIAN VALUES('b4B5Mm','1258-05-07 8:34:34','ltKaJhp63lH7nhTPjxk50bj5eBOL','RLr7@lalala.com');
INSERT INTO SILUTEL.PEMBELIAN VALUES('nOa7jN','1454-05-21 20:33:37','xJYWlCHwcholV4TxVvX6HUJ','IXyRwuTK1@ui.ac.id');
INSERT INTO SILUTEL.PEMBELIAN VALUES('Uykzvm','1008-12-15 12:29:36','0JDd7UVLJuxPzLoV24AoMNPW','WqlPc@ui.ac.id');
INSERT INTO SILUTEL.PEMBELIAN VALUES('RXqWYh','1961-11-05 11:1:56','iOVtdUyjTQHjpPnGv08qfN4Rc3se','xkVqDjqMjk545YGQ@ui.ac.id');
INSERT INTO SILUTEL.PEMBELIAN VALUES('ISsU4q','1872-11-23 1:9:36','RkPAOFvUa1PECOwc7wwK5bcuchAr0w','pVDuqF2vMYcaYXtP@foo.bar');
INSERT INTO SILUTEL.PEMBELIAN VALUES('Goo7xk','1070-12-19 20:25:53','KyNHH','z18AvImuDqr@ui.ac.id');
INSERT INTO SILUTEL.PEMBELIAN VALUES('oyMrOJ','1318-09-05 17:47:5','ltKaJhp63lH7nhTPjxk50bj5eBOL','1z1n0@lalala.com');
INSERT INTO SILUTEL.PEMBELIAN VALUES('c20VoE','1838-10-10 6:44:23','5k8l7xXYuBC','R2pM@lalala.com');
INSERT INTO SILUTEL.PEMBELIAN VALUES('UHZa7p','1863-05-18 20:8:28','iQRFeH','7ny1ZHCmIGFp1Xia1Z8S@ui.ac.id');
INSERT INTO SILUTEL.PEMBELIAN VALUES('kL7pJO','1498-07-29 7:5:28','mAF6EKJ7bCiPpKTOyLfBP1mPVD','knYFMbY@ui.ac.id');
INSERT INTO SILUTEL.PEMBELIAN VALUES('kIj5vM','1843-02-10 13:33:50','vTa8abvyPAl9nYbizSqyyCR','ey0q@ui.ac.id');
INSERT INTO SILUTEL.PEMBELIAN VALUES('k5lU43','1731-06-10 16:50:12','mHXPNS','5NSaSlE8CQWa@foo.bar');
INSERT INTO SILUTEL.PEMBELIAN VALUES('ifHt8X','1269-10-19 2:41:13','izHXYjHXGzM8g84mdr6','1z1n0@lalala.com');
INSERT INTO SILUTEL.PEMBELIAN VALUES('c9WpSZ','1948-06-10 5:11:26','qjOqEm','knYFMbY@ui.ac.id');
INSERT INTO SILUTEL.PEMBELIAN VALUES('ZA0iFa','1853-02-15 3:20:27','VGxa1uy6QGfLd','aosQiByEshunw@foo.bar');
INSERT INTO SILUTEL.PEMBELIAN VALUES('c50jVe','1035-05-14 8:25:24','OTezV','sgwNEXlIFth3Ho@ui.ac.id');
INSERT INTO SILUTEL.PEMBELIAN VALUES('Kqelfz','1179-05-18 19:28:10','BfqcOpE0MOH8','N49nc08osakm8vLSHdZP@ui.ac.id');
INSERT INTO SILUTEL.PEMBELIAN VALUES('0wDeIP','1455-08-01 16:4:16','YzGgd10oxohCgPBMpET0hrp','fwkI@foo.bar');
INSERT INTO SILUTEL.PEMBELIAN VALUES('d0iZmH','1856-04-07 10:22:36','OTezV','z18AvImuDqr@ui.ac.id');
INSERT INTO SILUTEL.PEMBELIAN VALUES('hQirkX','1939-11-12 7:8:51','NWRw1E4IgvqLDhX8','5NSaSlE8CQWa@foo.bar');
INSERT INTO SILUTEL.PEMBELIAN VALUES('GfYHMh','1312-02-20 13:15:19','aMgCinlj','1z1n0@lalala.com');
INSERT INTO SILUTEL.PEMBELIAN VALUES('3BIthm','1838-03-04 0:8:18','izHXYjHXGzM8g84mdr6','aosQiByEshunw@foo.bar');
INSERT INTO SILUTEL.PEMBELIAN VALUES('1cyWtQ','1013-01-28 7:3:10','mtrb','pVDuqF2vMYcaYXtP@foo.bar');
INSERT INTO SILUTEL.PEMBELIAN VALUES('KCtdi8','1406-12-09 23:20:33','l','pyY0OlQI7n@foo.bar');
INSERT INTO SILUTEL.PEMBELIAN VALUES('eN4RfL','1497-02-21 22:31:11','mHXPNS','fwkI@foo.bar');
INSERT INTO SILUTEL.PEMBELIAN VALUES('zB8DXT','1540-06-09 4:24:33','IfYJFY6p','xkVqDjqMjk545YGQ@ui.ac.id');
INSERT INTO SILUTEL.PEMBELIAN VALUES('XQjrEq','1595-07-26 5:26:23','mHXPNS','C9Sf4dGefEM2Zu@lalala.com');
INSERT INTO SILUTEL.PEMBELIAN VALUES('W53Lf9','1543-10-19 8:59:51','Ox8fn1TQLiIligFGdKwiHfxoOCMT8t5TZNk','xkVqDjqMjk545YGQ@ui.ac.id');
INSERT INTO SILUTEL.PEMBELIAN VALUES('oSW8RI','1438-08-05 8:19:31','VGxa1uy6QGfLd','eMGb4PL1GaPF4hhqQ@lalala.com');
INSERT INTO SILUTEL.PEMBELIAN VALUES('CbgLeG','1440-01-26 16:11:1','RtMbVwC5c8INQdOCJj','7ny1ZHCmIGFp1Xia1Z8S@ui.ac.id');
INSERT INTO SILUTEL.PEMBELIAN VALUES('yFUTlh','1632-09-10 22:52:56','cYfxnTKhuhDZz','knYFMbY@ui.ac.id');
INSERT INTO SILUTEL.PEMBELIAN VALUES('l1GTsa','1580-11-04 19:25:12','RtMbVwC5c8INQdOCJj','z18AvImuDqr@ui.ac.id');
INSERT INTO SILUTEL.PEMBELIAN VALUES('zUASUC','1926-07-28 16:35:27','w17FfU6MIasv','ey0q@ui.ac.id');
INSERT INTO SILUTEL.PEMBELIAN VALUES('LoKjX3','1180-01-19 11:23:57','BfqcOpE0MOH8','z18AvImuDqr@ui.ac.id');
INSERT INTO SILUTEL.PEMBELIAN VALUES('xqDwyr','1014-10-26 22:11:19','5k8l7xXYuBC','meIxZ8@lalala.com');
INSERT INTO SILUTEL.PEMBELIAN VALUES('7unY2G','1113-04-07 5:16:14','9pBGSbYh9mbLN1G','RLr7@lalala.com');
INSERT INTO SILUTEL.PEMBELIAN VALUES('neasF0','1508-05-15 19:47:13','izHXYjHXGzM8g84mdr6','xkVqDjqMjk545YGQ@ui.ac.id');
INSERT INTO SILUTEL.PEMBELIAN VALUES('MlTSVi','1335-06-07 8:11:54','kJX24vzw460AaBMjhuuDdDg0lCoIE','C9Sf4dGefEM2Zu@lalala.com');
INSERT INTO SILUTEL.PEMBELIAN VALUES('isHEyi','1960-02-18 12:26:29','VGxa1uy6QGfLd','z18AvImuDqr@ui.ac.id');
INSERT INTO SILUTEL.PEMBELIAN VALUES('bHN5W6','1336-01-24 13:11:40','RTleftVBF19QYjdNDffsRFsotJSVE4Nt','xkVqDjqMjk545YGQ@ui.ac.id');
INSERT INTO SILUTEL.PEMBELIAN VALUES('jXYC6P','1182-09-06 21:2:54','cYfxnTKhuhDZz','knYFMbY@ui.ac.id');
INSERT INTO SILUTEL.PEMBELIAN VALUES('3t6aY9','1654-03-29 2:46:21','8QDTh6LLoHouw5GloIkm4','V2V1Jw1f2UGZbd2@ui.ac.id');
INSERT INTO SILUTEL.PEMBELIAN VALUES('xzNw0i','1143-04-19 1:16:52','x2AqNa','U@ui.ac.id');
INSERT INTO SILUTEL.PEMBELIAN VALUES('f2zexz','1845-07-15 22:38:4','vTa8abvyPAl9nYbizSqyyCR','WqlPc@ui.ac.id');
INSERT INTO SILUTEL.PEMBELIAN VALUES('qM6lx0','1930-06-28 13:47:13','SD6zu8edxWdo2fxZ','sgwNEXlIFth3Ho@ui.ac.id');
INSERT INTO SILUTEL.PEMBELIAN VALUES('6xNRWW','1332-08-03 8:20:21','6LFvkhRF','meIxZ8@lalala.com');
INSERT INTO SILUTEL.PEMBELIAN VALUES('oolrYP','1299-10-20 22:51:51','l','RLr7@lalala.com');
INSERT INTO SILUTEL.PEMBELIAN VALUES('Nc0VZe','1616-06-28 17:16:59','zYN1eVFCiNTu2wvuw8pmg','sgwNEXlIFth3Ho@ui.ac.id');
INSERT INTO SILUTEL.PEMBELIAN VALUES('vB3yPb','1446-12-21 20:24:28','Z1K','pyY0OlQI7n@foo.bar');
INSERT INTO SILUTEL.PEMBELIAN VALUES('JMUr0j','1475-04-03 5:34:34','l','WqlPc@ui.ac.id');
INSERT INTO SILUTEL.PEMBELIAN VALUES('loOOhc','1169-10-27 13:3:33','8QDTh6LLoHouw5GloIkm4','pyY0OlQI7n@foo.bar');
INSERT INTO SILUTEL.PEMBELIAN VALUES('Gau1ZR','1227-03-13 1:28:25','UqVf6dQHURtxU','pmHnbQz5@lalala.com');
INSERT INTO SILUTEL.PEMBELIAN VALUES('MYcuUa','1744-12-22 14:7:12','mHXPNS','Efg@foo.bar');
INSERT INTO SILUTEL.PEMBELIAN VALUES('IaqY7j','1966-03-25 11:18:55','8QDTh6LLoHouw5GloIkm4','R2pM@lalala.com');
INSERT INTO SILUTEL.PEMBELIAN VALUES('BdtB7D','1250-04-07 14:24:57','vTa8abvyPAl9nYbizSqyyCR','IXyRwuTK1@ui.ac.id');
INSERT INTO SILUTEL.PEMBELIAN VALUES('5LUgW5','1697-12-19 5:2:45','mHXPNS','N49nc08osakm8vLSHdZP@ui.ac.id');
INSERT INTO SILUTEL.PEMBELIAN VALUES('AJ30S0','1946-02-16 0:26:47','UqVf6dQHURtxU','meIxZ8@lalala.com');
INSERT INTO SILUTEL.PEMBELIAN VALUES('moG8rv','1948-01-29 15:34:37','68cPrMTUGzm231p','xkVqDjqMjk545YGQ@ui.ac.id');
INSERT INTO SILUTEL.PEMBELIAN VALUES('1nWqWo','1695-02-05 16:19:55','kJX24vzw460AaBMjhuuDdDg0lCoIE','WqlPc@ui.ac.id');
INSERT INTO SILUTEL.PEMBELIAN VALUES('RL8maq','1141-10-05 22:13:6','aMgCinlj','xkVqDjqMjk545YGQ@ui.ac.id');
INSERT INTO SILUTEL.PEMBELIAN VALUES('7QtIBc','2001-03-10 17:27:3','RkPAOFvUa1PECOwc7wwK5bcuchAr0w','5NSaSlE8CQWa@foo.bar');
INSERT INTO SILUTEL.PEMBELIAN VALUES('Bj0MND','1010-12-10 12:8:47','5k8l7xXYuBC','pmHnbQz5@lalala.com');
INSERT INTO SILUTEL.PEMBELIAN VALUES('0sVDjF','1085-01-10 7:16:19','8QDTh6LLoHouw5GloIkm4','Efg@foo.bar');
INSERT INTO SILUTEL.PEMBELIAN VALUES('tNFjvY','1522-06-14 12:25:21','vTa8abvyPAl9nYbizSqyyCR','mWfrUHmy57nElgrsH066@lalala.com');
INSERT INTO SILUTEL.PEMBELIAN VALUES('flrtGn','1341-05-19 2:15:18','UqVf6dQHURtxU','R2pM@lalala.com');
INSERT INTO SILUTEL.PEMBELIAN_INVENTORI VALUES('1XgsRy','iImCGxcBhR8SXbr39W','sU3OrzYv',23859,30732);
INSERT INTO SILUTEL.PEMBELIAN_INVENTORI VALUES('qNfyIt','JpjHi7Nkz1i','4lh65aXa14SiPTo',13161,348);
INSERT INTO SILUTEL.PEMBELIAN_INVENTORI VALUES('1QE3EA','NtA5fgH8T','mPmYZ',27985,397);
INSERT INTO SILUTEL.PEMBELIAN_INVENTORI VALUES('loOOhc','Ze2s7sHkg','p',3750,30031);
INSERT INTO SILUTEL.PEMBELIAN_INVENTORI VALUES('AJ30S0','ti2AseO','UOmUq',11214,4845);
INSERT INTO SILUTEL.PEMBELIAN_INVENTORI VALUES('gcRJVz','DnFlmJgl8uTlE','2iJ21WVFH9FX9',14315,26501);
INSERT INTO SILUTEL.PEMBELIAN_INVENTORI VALUES('3BIthm','JkK','IG8mZxGUSqTq4s2QlrBS',20572,5960);
INSERT INTO SILUTEL.PEMBELIAN_INVENTORI VALUES('NyKlFI','NJuPvGF00','oslYNQBn3ycETanIl1',579,8621);
INSERT INTO SILUTEL.PEMBELIAN_INVENTORI VALUES('qWYX3I','O6cg5Z8ucS5OSZu6Is','y6Evbp4532zVjm7W8AM',21124,31262);
INSERT INTO SILUTEL.PEMBELIAN_INVENTORI VALUES('pvjBYd','OC','Qgu8UY',31428,21091);
INSERT INTO SILUTEL.PEMBELIAN_INVENTORI VALUES('okCymI','K29ILBwKGNHizbsQ5','Znqnhz',30825,3513);
INSERT INTO SILUTEL.PEMBELIAN_INVENTORI VALUES('L8bSAv','0027bITHhPJ7XAN1z','HWkdoE7EFWk2b2HpH',30187,528);
INSERT INTO SILUTEL.PEMBELIAN_INVENTORI VALUES('kRSPbo','JpjHi7Nkz1i','4lh65aXa14SiPTo',5217,7302);
INSERT INTO SILUTEL.PEMBELIAN_INVENTORI VALUES('f2zexz','KYtPdl7UecWPjB4546Yj','NGS',4685,14798);
INSERT INTO SILUTEL.PEMBELIAN_INVENTORI VALUES('U269Fh','ptF','gTSZ28Ix',1998,10433);
INSERT INTO SILUTEL.PEMBELIAN_INVENTORI VALUES('eGLW1h','JpjHi7Nkz1i','4lh65aXa14SiPTo',5640,11725);
INSERT INTO SILUTEL.PEMBELIAN_INVENTORI VALUES('b4B5Mm','7nHls1NiV8ri4kk','Wr7nGh31J',21461,30395);
INSERT INTO SILUTEL.PEMBELIAN_INVENTORI VALUES('KCtdi8','OupThtfVYKzsN4','mDf7I4LQfHXG36f3',24833,16000);
INSERT INTO SILUTEL.PEMBELIAN_INVENTORI VALUES('kRSPbo','3ElKdX9MZ3Ue','L',32074,23721);
INSERT INTO SILUTEL.PEMBELIAN_INVENTORI VALUES('8tRJqD','arAEeHaEYlohRTw6q','MaCsY',31951,13195);
INSERT INTO SILUTEL.PEMBELIAN_INVENTORI VALUES('nOa7jN','qL','O1SJnfrWwmCnrx4LE',9840,27379);
INSERT INTO SILUTEL.PEMBELIAN_INVENTORI VALUES('1XgsRy','wcWzys','9KneHwwlemEbY8MMb',25493,24725);
INSERT INTO SILUTEL.PEMBELIAN_INVENTORI VALUES('kIj5vM','NJuPvGF00','oslYNQBn3ycETanIl1',9920,6750);
INSERT INTO SILUTEL.PEMBELIAN_INVENTORI VALUES('tNFjvY','1vHBI1V','2bjknfjUgn2aqluASGZS',12420,27155);
INSERT INTO SILUTEL.PEMBELIAN_INVENTORI VALUES('D4X3Tt','rQoXFhiPy6PI7m','ozW8A5VwfiVrU74',4018,17789);
INSERT INTO SILUTEL.PEMBELIAN_INVENTORI VALUES('lp9IYy','KZqO18','p4vN0O4FOzmwf',8752,25184);
INSERT INTO SILUTEL.PEMBELIAN_INVENTORI VALUES('XDVQCS','DnFlmJgl8uTlE','2iJ21WVFH9FX9',23601,2368);
INSERT INTO SILUTEL.PEMBELIAN_INVENTORI VALUES('l1GTsa','ti2AseO','UOmUq',11300,5839);
INSERT INTO SILUTEL.PEMBELIAN_INVENTORI VALUES('ZA0iFa','KYtPdl7UecWPjB4546Yj','NGS',10690,2701);
INSERT INTO SILUTEL.PEMBELIAN_INVENTORI VALUES('d0iZmH','Ze2s7sHkg','p',28860,2955);
INSERT INTO SILUTEL.PEMBELIAN_INVENTORI VALUES('1nWqWo','rRdtA3X8','pZ814s6M2ckEv4w',17982,3378);
INSERT INTO SILUTEL.PEMBELIAN_INVENTORI VALUES('Bj0MND','ti2AseO','UOmUq',19302,22493);
INSERT INTO SILUTEL.PEMBELIAN_INVENTORI VALUES('7unY2G','O6cg5Z8ucS5OSZu6Is','y6Evbp4532zVjm7W8AM',22786,211);
INSERT INTO SILUTEL.PEMBELIAN_INVENTORI VALUES('Uykzvm','kWW','uCFO14sOGtoLNAL5oDq',5497,1938);
INSERT INTO SILUTEL.PEMBELIAN_INVENTORI VALUES('k5lU43','5Vs2OWtsbJmVyf','erYjCIlimjTk3ax',29155,21466);
INSERT INTO SILUTEL.PEMBELIAN_INVENTORI VALUES('cAQirC','qL','O1SJnfrWwmCnrx4LE',1063,22510);
INSERT INTO SILUTEL.PEMBELIAN_INVENTORI VALUES('oyMrOJ','4UNHdJKHag8E03T43','LvqDuh1eRHqHv7F1fnnU',18705,12195);
INSERT INTO SILUTEL.PEMBELIAN_INVENTORI VALUES('5u0tNL','OupThtfVYKzsN4','mDf7I4LQfHXG36f3',10693,11136);
INSERT INTO SILUTEL.PEMBELIAN_INVENTORI VALUES('IY83I9','OupThtfVYKzsN4','mDf7I4LQfHXG36f3',30563,245);
INSERT INTO SILUTEL.PEMBELIAN_INVENTORI VALUES('0fnQ12','NJuPvGF00','oslYNQBn3ycETanIl1',11986,28359);
INSERT INTO SILUTEL.PEMBELIAN_INVENTORI VALUES('xzNw0i','ptF','gTSZ28Ix',17665,9633);
INSERT INTO SILUTEL.PEMBELIAN_INVENTORI VALUES('oolrYP','rRdtA3X8','pZ814s6M2ckEv4w',32306,22131);
INSERT INTO SILUTEL.PEMBELIAN_INVENTORI VALUES('fcmKXF','5Vs2OWtsbJmVyf','erYjCIlimjTk3ax',7524,6808);
INSERT INTO SILUTEL.PEMBELIAN_INVENTORI VALUES('IYcKnD','cwAONkV2zMWRhe','cgRuZe6p0e',27135,11307);
INSERT INTO SILUTEL.PEMBELIAN_INVENTORI VALUES('bHN5W6','wcWzys','9KneHwwlemEbY8MMb',8405,7919);
INSERT INTO SILUTEL.PEMBELIAN_INVENTORI VALUES('Kqelfz','celSlie','zA0qnGE2qAQEKmQVot',28377,18976);
INSERT INTO SILUTEL.PEMBELIAN_INVENTORI VALUES('Nc0VZe','O6cg5Z8ucS5OSZu6Is','y6Evbp4532zVjm7W8AM',17867,22857);
INSERT INTO SILUTEL.PEMBELIAN_INVENTORI VALUES('WasWxy','KZqDJ4F2tA','azoVX6u',14384,4691);
INSERT INTO SILUTEL.PEMBELIAN_INVENTORI VALUES('pvjBYd','YH1eePL','mDi3RuIrGzcVAH',8361,32556);
INSERT INTO SILUTEL.PEMBELIAN_INVENTORI VALUES('xaSPIN','iImCGxcBhR8SXbr39W','sU3OrzYv',13253,820);
INSERT INTO SILUTEL.PEMBELIAN_INVENTORI VALUES('EJ5lLS','YH1eePL','mDi3RuIrGzcVAH',22332,32132);
INSERT INTO SILUTEL.PEMBELIAN_INVENTORI VALUES('DQ4A0P','Ze2s7sHkg','p',31037,10529);
INSERT INTO SILUTEL.PEMBELIAN_INVENTORI VALUES('7unY2G','DnFlmJgl8uTlE','2iJ21WVFH9FX9',31540,8048);
INSERT INTO SILUTEL.PEMBELIAN_INVENTORI VALUES('W53Lf9','KZqO18','p4vN0O4FOzmwf',14684,19506);
INSERT INTO SILUTEL.PEMBELIAN_INVENTORI VALUES('AUWpEN','KZqDJ4F2tA','azoVX6u',11745,12617);
INSERT INTO SILUTEL.PEMBELIAN_INVENTORI VALUES('8Rw8Du','jEiH','Kg9BXPKUJVF7KIN',9041,3452);
INSERT INTO SILUTEL.PEMBELIAN_INVENTORI VALUES('LoKjX3','iImCGxcBhR8SXbr39W','sU3OrzYv',1856,22276);
INSERT INTO SILUTEL.PEMBELIAN_INVENTORI VALUES('1JesLj','4UNHdJKHag8E03T43','LvqDuh1eRHqHv7F1fnnU',1581,23270);
INSERT INTO SILUTEL.PEMBELIAN_INVENTORI VALUES('NyKlFI','qL','O1SJnfrWwmCnrx4LE',27902,20851);
INSERT INTO SILUTEL.PEMBELIAN_INVENTORI VALUES('rY1tzi','jEiH','Kg9BXPKUJVF7KIN',3947,30327);
INSERT INTO SILUTEL.PEMBELIAN_INVENTORI VALUES('D0DfCy','rZRnxV','4j04GXFzmMd',11362,14179);
INSERT INTO SILUTEL.PEMBELIAN_INVENTORI VALUES('1QE3EA','cwAONkV2zMWRhe','cgRuZe6p0e',7890,21119);
INSERT INTO SILUTEL.PEMBELIAN_INVENTORI VALUES('JMUr0j','vC','wgsjb',18831,13858);
INSERT INTO SILUTEL.PEMBELIAN_INVENTORI VALUES('RapYLN','uNZSi7mNxl3YYT33e','M0PhBERHqdf3frJfn',15665,951);
INSERT INTO SILUTEL.PEMBELIAN_INVENTORI VALUES('l1GTsa','KYtPdl7UecWPjB4546Yj','NGS',10709,13642);
INSERT INTO SILUTEL.PEMBELIAN_INVENTORI VALUES('BbdSGS','celSlie','zA0qnGE2qAQEKmQVot',25483,25424);
INSERT INTO SILUTEL.PEMBELIAN_INVENTORI VALUES('w96s3G','HdBLMuCm6RgVfHi','GJ0Q75VIGx2Qav0n',23918,17139);
INSERT INTO SILUTEL.PEMBELIAN_INVENTORI VALUES('lp9IYy','wcWzys','9KneHwwlemEbY8MMb',8609,28585);
INSERT INTO SILUTEL.PEMBELIAN_INVENTORI VALUES('AUWpEN','1vHBI1V','2bjknfjUgn2aqluASGZS',30754,10386);
INSERT INTO SILUTEL.PEMBELIAN_INVENTORI VALUES('nnobMp','NJuPvGF00','oslYNQBn3ycETanIl1',14709,14378);
INSERT INTO SILUTEL.PEMBELIAN_INVENTORI VALUES('vB3yPb','qL','O1SJnfrWwmCnrx4LE',16136,31364);
INSERT INTO SILUTEL.PEMBELIAN_INVENTORI VALUES('yxGy71','5tnsxvyFcFGOgD','ChXK3wcPs3LiC7',26743,2435);
INSERT INTO SILUTEL.PEMBELIAN_INVENTORI VALUES('3t6aY9','OC','Qgu8UY',25499,7199);
INSERT INTO SILUTEL.PEMBELIAN_INVENTORI VALUES('AmoDBT','Hu4HoP6BzENefp','7O1y0Tl0Sxr',14050,11112);
INSERT INTO SILUTEL.PEMBELIAN_INVENTORI VALUES('oolrYP','rQoXFhiPy6PI7m','ozW8A5VwfiVrU74',29029,10249);
INSERT INTO SILUTEL.PEMBELIAN_INVENTORI VALUES('J54AjV','NtA5fgH8T','mPmYZ',24591,5727);
INSERT INTO SILUTEL.PEMBELIAN_INVENTORI VALUES('EKBkXZ','5tnsxvyFcFGOgD','ChXK3wcPs3LiC7',13504,31913);
INSERT INTO SILUTEL.PEMBELIAN_INVENTORI VALUES('wOzw6q','rZRnxV','4j04GXFzmMd',25734,28911);
INSERT INTO SILUTEL.PEMBELIAN_INVENTORI VALUES('kIj5vM','LC29sYV5qE7zxI3','mtLXy7lrV0SwmRuDi7j',22256,32263);
INSERT INTO SILUTEL.PEMBELIAN_INVENTORI VALUES('AKwUp3','7nHls1NiV8ri4kk','Wr7nGh31J',13293,31496);
INSERT INTO SILUTEL.PEMBELIAN_INVENTORI VALUES('UnEGkT','rRdtA3X8','pZ814s6M2ckEv4w',26446,4254);
INSERT INTO SILUTEL.PEMBELIAN_INVENTORI VALUES('eN4RfL','wcWzys','9KneHwwlemEbY8MMb',23173,6633);
INSERT INTO SILUTEL.PEMBELIAN_INVENTORI VALUES('mQL1tJ','NtA5fgH8T','mPmYZ',9338,16537);
INSERT INTO SILUTEL.PEMBELIAN_INVENTORI VALUES('cAQirC','QaC3i','TvS',12097,12275);
INSERT INTO SILUTEL.PEMBELIAN_INVENTORI VALUES('AmoDBT','0027bITHhPJ7XAN1z','HWkdoE7EFWk2b2HpH',5134,10954);
INSERT INTO SILUTEL.PEMBELIAN_INVENTORI VALUES('kL7pJO','1vHBI1V','2bjknfjUgn2aqluASGZS',11203,4878);
INSERT INTO SILUTEL.PEMBELIAN_INVENTORI VALUES('IY83I9','arAEeHaEYlohRTw6q','MaCsY',26577,28584);
INSERT INTO SILUTEL.PEMBELIAN_INVENTORI VALUES('zB8DXT','Lic0oPEMYV2wRs','NzfP4vv5egC',7017,12773);
INSERT INTO SILUTEL.PEMBELIAN_INVENTORI VALUES('Lgkfl2','tvZF2LWWDFJiFx1','ipW3gg5lxl9QsdwzdA',10049,17255);
INSERT INTO SILUTEL.PEMBELIAN_INVENTORI VALUES('xqDwyr','1vHBI1V','2bjknfjUgn2aqluASGZS',4670,207);
INSERT INTO SILUTEL.PEMBELIAN_INVENTORI VALUES('V7ngwo','uNZSi7mNxl3YYT33e','M0PhBERHqdf3frJfn',26309,14978);
INSERT INTO SILUTEL.PEMBELIAN_INVENTORI VALUES('KckWFw','rRdtA3X8','pZ814s6M2ckEv4w',17234,7893);
INSERT INTO SILUTEL.PEMBELIAN_INVENTORI VALUES('6EnO06','Jm0C4ogKFuFOp2kR','7Q3HeYoOFo',17495,8763);
INSERT INTO SILUTEL.PEMBELIAN_INVENTORI VALUES('N22Xom','uNZSi7mNxl3YYT33e','M0PhBERHqdf3frJfn',25934,8780);
INSERT INTO SILUTEL.PEMBELIAN_INVENTORI VALUES('MYcuUa','Lic0oPEMYV2wRs','NzfP4vv5egC',25355,828);
INSERT INTO SILUTEL.PEMBELIAN_INVENTORI VALUES('LBtnP2','4UNHdJKHag8E03T43','LvqDuh1eRHqHv7F1fnnU',23381,28525);
INSERT INTO SILUTEL.PEMBELIAN_INVENTORI VALUES('9J0B9T','K29ILBwKGNHizbsQ5','Znqnhz',24178,1571);
INSERT INTO SILUTEL.PEMBELIAN_INVENTORI VALUES('c50jVe','NtA5fgH8T','mPmYZ',15748,9578);
INSERT INTO SILUTEL.PEMBELIAN_INVENTORI VALUES('Bj0MND','sUr','IitlRqict7tA',22555,27837);
INSERT INTO SILUTEL.PEMBELIAN_INVENTORI VALUES('iqs7GW','DnFlmJgl8uTlE','2iJ21WVFH9FX9',10652,31257);
INSERT INTO SILUTEL.PEMBELIAN_INVENTORI VALUES('GfYHMh','sUr','IitlRqict7tA',4653,16367);
INSERT INTO SILUTEL.PEMBELIAN_INVENTORI VALUES('f2zexz','rZRnxV','4j04GXFzmMd',13331,8034);
INSERT INTO SILUTEL.PEMBELIAN_INVENTORI VALUES('eGLW1h','iImCGxcBhR8SXbr39W','sU3OrzYv',21773,16263);
INSERT INTO SILUTEL.PEMBELIAN_INVENTORI VALUES('BbdSGS','wcWzys','9KneHwwlemEbY8MMb',28039,11268);
INSERT INTO SILUTEL.PEMBELIAN_INVENTORI VALUES('HzTZeI','Jm0C4ogKFuFOp2kR','7Q3HeYoOFo',14663,5109);
INSERT INTO SILUTEL.PEMBELIAN_INVENTORI VALUES('dxhM0B','JpjHi7Nkz1i','4lh65aXa14SiPTo',16274,23576);
INSERT INTO SILUTEL.PEMBELIAN_INVENTORI VALUES('OXcs1j','uNZSi7mNxl3YYT33e','M0PhBERHqdf3frJfn',7430,13442);
INSERT INTO SILUTEL.PEMBELIAN_INVENTORI VALUES('HwDn5M','celSlie','zA0qnGE2qAQEKmQVot',3148,26507);
INSERT INTO SILUTEL.PEMBELIAN_INVENTORI VALUES('NlFxYP','rQoXFhiPy6PI7m','ozW8A5VwfiVrU74',32436,5562);
INSERT INTO SILUTEL.PEMBELIAN_INVENTORI VALUES('JMUr0j','KZqO18','p4vN0O4FOzmwf',19579,20994);
INSERT INTO SILUTEL.PEMBELIAN_INVENTORI VALUES('AJ30S0','DnFlmJgl8uTlE','2iJ21WVFH9FX9',31773,26483);
INSERT INTO SILUTEL.PEMBELIAN_INVENTORI VALUES('4t3KxP','JkK','IG8mZxGUSqTq4s2QlrBS',32006,8554);
INSERT INTO SILUTEL.PEMBELIAN_INVENTORI VALUES('A1lzvM','Lic0oPEMYV2wRs','NzfP4vv5egC',3377,19186);
INSERT INTO SILUTEL.PEMBELIAN_INVENTORI VALUES('oSW8RI','Hu4HoP6BzENefp','7O1y0Tl0Sxr',12618,3653);
INSERT INTO SILUTEL.PEMBELIAN_INVENTORI VALUES('HwDn5M','DnFlmJgl8uTlE','2iJ21WVFH9FX9',15332,22248);
INSERT INTO SILUTEL.PEMBELIAN_INVENTORI VALUES('okCymI','DnFlmJgl8uTlE','2iJ21WVFH9FX9',21880,3674);
INSERT INTO SILUTEL.PEMBELIAN_INVENTORI VALUES('9JjKpK','Jm0C4ogKFuFOp2kR','7Q3HeYoOFo',9541,21221);
INSERT INTO SILUTEL.PEMBELIAN_INVENTORI VALUES('f2zexz','cwAONkV2zMWRhe','cgRuZe6p0e',193,12464);
INSERT INTO SILUTEL.PEMBELIAN_INVENTORI VALUES('0sVDjF','Hu4HoP6BzENefp','7O1y0Tl0Sxr',31161,17471);
INSERT INTO SILUTEL.PEMBELIAN_INVENTORI VALUES('4NAQQE','KZqDJ4F2tA','azoVX6u',14487,3350);
INSERT INTO SILUTEL.PEMBELIAN_INVENTORI VALUES('vB3yPb','LC29sYV5qE7zxI3','mtLXy7lrV0SwmRuDi7j',16049,12883);
INSERT INTO SILUTEL.PEMBELIAN_INVENTORI VALUES('pzr5lc','LC29sYV5qE7zxI3','mtLXy7lrV0SwmRuDi7j',28573,7558);
INSERT INTO SILUTEL.PEMBELIAN_INVENTORI VALUES('LBtnP2','iImCGxcBhR8SXbr39W','sU3OrzYv',22236,24509);
INSERT INTO SILUTEL.PEMBELIAN_INVENTORI VALUES('iqs7GW','rZRnxV','4j04GXFzmMd',6760,17780);
INSERT INTO SILUTEL.PEMBELIAN_INVENTORI VALUES('lcUGdL','tvZF2LWWDFJiFx1','ipW3gg5lxl9QsdwzdA',28008,11813);
INSERT INTO SILUTEL.PEMBELIAN_INVENTORI VALUES('BdtB7D','4UNHdJKHag8E03T43','LvqDuh1eRHqHv7F1fnnU',2645,473);
INSERT INTO SILUTEL.PEMBELIAN_INVENTORI VALUES('l1GTsa','3ElKdX9MZ3Ue','L',10397,29981);
INSERT INTO SILUTEL.PEMBELIAN_INVENTORI VALUES('ZYl1EA','Lic0oPEMYV2wRs','NzfP4vv5egC',20014,4420);
INSERT INTO SILUTEL.PEMBELIAN_INVENTORI VALUES('iS61ue','JkK','IG8mZxGUSqTq4s2QlrBS',18674,20158);
INSERT INTO SILUTEL.PEMBELIAN_INVENTORI VALUES('XUl06W','NJuPvGF00','oslYNQBn3ycETanIl1',32459,12720);
INSERT INTO SILUTEL.PEMBELIAN_INVENTORI VALUES('788ED2','K29ILBwKGNHizbsQ5','Znqnhz',20087,23359);
INSERT INTO SILUTEL.PEMBELIAN_INVENTORI VALUES('EuXdgk','OupThtfVYKzsN4','mDf7I4LQfHXG36f3',24561,14923);
INSERT INTO SILUTEL.PEMBELIAN_INVENTORI VALUES('UHZa7p','jEiH','Kg9BXPKUJVF7KIN',2571,14183);
INSERT INTO SILUTEL.PEMBELIAN_INVENTORI VALUES('DgjvIe','sUr','IitlRqict7tA',30273,28464);
INSERT INTO SILUTEL.PEMBELIAN_INVENTORI VALUES('UjSW4P','vC','wgsjb',11604,21486);
INSERT INTO SILUTEL.PEMBELIAN_INVENTORI VALUES('SWH3WG','arAEeHaEYlohRTw6q','MaCsY',32739,30998);
INSERT INTO SILUTEL.PEMBELIAN_INVENTORI VALUES('b4B5Mm','Ze2s7sHkg','p',18773,18761);
INSERT INTO SILUTEL.PEMBELIAN_INVENTORI VALUES('IYcKnD','K29ILBwKGNHizbsQ5','Znqnhz',19869,10662);
INSERT INTO SILUTEL.PEMBELIAN_INVENTORI VALUES('cKhYgP','rFgh0VGUb4n6','7253WtfURM',17994,28484);
INSERT INTO SILUTEL.PEMBELIAN_INVENTORI VALUES('yRMBmC','1vHBI1V','2bjknfjUgn2aqluASGZS',16164,27308);
INSERT INTO SILUTEL.PEMBELIAN_INVENTORI VALUES('flrtGn','Hu4HoP6BzENefp','7O1y0Tl0Sxr',22564,18622);
INSERT INTO SILUTEL.PEMBELIAN_INVENTORI VALUES('zB8DXT','FbXW7WZ0B','Z',13979,2765);
INSERT INTO SILUTEL.PEMBELIAN_INVENTORI VALUES('cTQQYm','KZqDJ4F2tA','azoVX6u',17921,25471);
INSERT INTO SILUTEL.PEMBELIAN_INVENTORI VALUES('IVI6M1','QaC3i','TvS',14480,11534);
INSERT INTO SILUTEL.PEMBELIAN_INVENTORI VALUES('9J0B9T','jEiH','Kg9BXPKUJVF7KIN',3166,24514);
INSERT INTO SILUTEL.PEMBELIAN_INVENTORI VALUES('utYtu9','wcWzys','9KneHwwlemEbY8MMb',14477,28597);
INSERT INTO SILUTEL.PEMBELIAN_INVENTORI VALUES('7Nry75','arAEeHaEYlohRTw6q','MaCsY',25983,8286);
INSERT INTO SILUTEL.PEMBELIAN_INVENTORI VALUES('Zw04mt','vC','wgsjb',30707,27104);
INSERT INTO SILUTEL.PEMBELIAN_INVENTORI VALUES('RL8maq','FbXW7WZ0B','Z',23846,27860);
INSERT INTO SILUTEL.PEMBELIAN_INVENTORI VALUES('c9WpSZ','cwAONkV2zMWRhe','cgRuZe6p0e',8643,23266);
INSERT INTO SILUTEL.PEMBELIAN_INVENTORI VALUES('HIQoFv','ZWVpcgfbD3zEq','25GbgE10tBsXWf0',25858,24246);
INSERT INTO SILUTEL.PEMBELIAN_INVENTORI VALUES('oyMrOJ','O6cg5Z8ucS5OSZu6Is','y6Evbp4532zVjm7W8AM',1178,27359);
INSERT INTO SILUTEL.PEMBELIAN_INVENTORI VALUES('ISsU4q','5tnsxvyFcFGOgD','ChXK3wcPs3LiC7',6318,29618);
INSERT INTO SILUTEL.PEMBELIAN_INVENTORI VALUES('d0iZmH','iImCGxcBhR8SXbr39W','sU3OrzYv',27810,24383);
INSERT INTO SILUTEL.PEMBELIAN_INVENTORI VALUES('neasF0','7nHls1NiV8ri4kk','Wr7nGh31J',26176,5657);
INSERT INTO SILUTEL.PEMBELIAN_INVENTORI VALUES('WzH4Wj','uNZSi7mNxl3YYT33e','M0PhBERHqdf3frJfn',18127,860);
INSERT INTO SILUTEL.PEMBELIAN_INVENTORI VALUES('7QtIBc','rRdtA3X8','pZ814s6M2ckEv4w',25388,15171);
INSERT INTO SILUTEL.PEMBELIAN_INVENTORI VALUES('N3SzEz','YH1eePL','mDi3RuIrGzcVAH',23879,17084);
INSERT INTO SILUTEL.PEMBELIAN_INVENTORI VALUES('66H7PS','KZqO18','p4vN0O4FOzmwf',14922,13152);
INSERT INTO SILUTEL.PEMBELIAN_INVENTORI VALUES('7Nry75','KZqDJ4F2tA','azoVX6u',31433,14686);
INSERT INTO SILUTEL.PEMBELIAN_INVENTORI VALUES('NyKlFI','ZWVpcgfbD3zEq','25GbgE10tBsXWf0',7471,12559);
INSERT INTO SILUTEL.PEMBELIAN_INVENTORI VALUES('jXYC6P','YH1eePL','mDi3RuIrGzcVAH',17755,24263);
INSERT INTO SILUTEL.PEMBELIAN_INVENTORI VALUES('wOzw6q','celSlie','zA0qnGE2qAQEKmQVot',14610,3614);
INSERT INTO SILUTEL.PEMBELIAN_INVENTORI VALUES('DgjvIe','rFgh0VGUb4n6','7253WtfURM',31995,1772);
INSERT INTO SILUTEL.PEMBELIAN_INVENTORI VALUES('OXcs1j','KYtPdl7UecWPjB4546Yj','NGS',23853,23067);
INSERT INTO SILUTEL.PEMBELIAN_INVENTORI VALUES('3WZnhM','HdBLMuCm6RgVfHi','GJ0Q75VIGx2Qav0n',8876,10660);
INSERT INTO SILUTEL.PEMBELIAN_INVENTORI VALUES('iS61ue','sUr','IitlRqict7tA',30969,20003);
INSERT INTO SILUTEL.PEMBELIAN_INVENTORI VALUES('ccTEYm','9jybR','huQ',15707,2488);
INSERT INTO SILUTEL.PEMBELIAN_INVENTORI VALUES('nOa7jN','YH1eePL','mDi3RuIrGzcVAH',5113,29566);
INSERT INTO SILUTEL.PEMBELIAN_INVENTORI VALUES('eaWp9S','OupThtfVYKzsN4','mDf7I4LQfHXG36f3',72,12435);
INSERT INTO SILUTEL.PEMBELIAN_INVENTORI VALUES('1nvKU4','Ze2s7sHkg','p',492,26867);
INSERT INTO SILUTEL.PEMBELIAN_INVENTORI VALUES('0sVDjF','1vHBI1V','2bjknfjUgn2aqluASGZS',23779,26538);
INSERT INTO SILUTEL.PEMBELIAN_INVENTORI VALUES('neasF0','O6cg5Z8ucS5OSZu6Is','y6Evbp4532zVjm7W8AM',9089,18332);
INSERT INTO SILUTEL.PEMBELIAN_INVENTORI VALUES('Gau1ZR','398T52bflIksNDk','xRr4bbU',250,5589);
INSERT INTO SILUTEL.PEMBELIAN_INVENTORI VALUES('788ED2','ti2AseO','UOmUq',9013,9792);
INSERT INTO SILUTEL.PEMBELIAN_INVENTORI VALUES('rHSuw0','K29ILBwKGNHizbsQ5','Znqnhz',22555,14370);
INSERT INTO SILUTEL.PEMBELIAN_INVENTORI VALUES('cFA8VP','jEiH','Kg9BXPKUJVF7KIN',8720,702);
INSERT INTO SILUTEL.PEMBELIAN_INVENTORI VALUES('Rt15ah','Lic0oPEMYV2wRs','NzfP4vv5egC',8117,30325);
INSERT INTO SILUTEL.PEMBELIAN_INVENTORI VALUES('xSRuL1','JpjHi7Nkz1i','4lh65aXa14SiPTo',26586,29971);
INSERT INTO SILUTEL.PEMBELIAN_INVENTORI VALUES('rbJwNc','rZRnxV','4j04GXFzmMd',7890,16163);
INSERT INTO SILUTEL.PEMBELIAN_INVENTORI VALUES('Uv4UYp','KYtPdl7UecWPjB4546Yj','NGS',21251,23500);
INSERT INTO SILUTEL.PEMBELIAN_INVENTORI VALUES('cAQirC','KZqO18','p4vN0O4FOzmwf',6947,21385);
INSERT INTO SILUTEL.PEMBELIAN_INVENTORI VALUES('1rWNXk','uNZSi7mNxl3YYT33e','M0PhBERHqdf3frJfn',24438,20173);
INSERT INTO SILUTEL.PEMBELIAN_INVENTORI VALUES('z35tgg','celSlie','zA0qnGE2qAQEKmQVot',978,10177);
INSERT INTO SILUTEL.PEMBELIAN_INVENTORI VALUES('xqDwyr','vC','wgsjb',15917,9407);
INSERT INTO SILUTEL.PEMBELIAN_INVENTORI VALUES('oolrYP','ZWVpcgfbD3zEq','25GbgE10tBsXWf0',11004,30471);
INSERT INTO SILUTEL.PEMBELIAN_INVENTORI VALUES('9yfS6F','u3Y4e','vxK',2553,24269);
INSERT INTO SILUTEL.PEMBELIAN_INVENTORI VALUES('iS61ue','jEiH','Kg9BXPKUJVF7KIN',6147,32287);
INSERT INTO SILUTEL.PEMBELIAN_INVENTORI VALUES('yFUTlh','1vHBI1V','2bjknfjUgn2aqluASGZS',4482,6823);
INSERT INTO SILUTEL.PEMBELIAN_INVENTORI VALUES('gamjC9','7nHls1NiV8ri4kk','Wr7nGh31J',22436,8007);
INSERT INTO SILUTEL.PEMBELIAN_INVENTORI VALUES('6xNRWW','0027bITHhPJ7XAN1z','HWkdoE7EFWk2b2HpH',28286,2046);
INSERT INTO SILUTEL.PEMBELIAN_INVENTORI VALUES('3BIthm','5tnsxvyFcFGOgD','ChXK3wcPs3LiC7',11794,17490);
INSERT INTO SILUTEL.PEMBELIAN_INVENTORI VALUES('6xNRWW','iImCGxcBhR8SXbr39W','sU3OrzYv',26474,30960);
INSERT INTO SILUTEL.PEMBELIAN_INVENTORI VALUES('ZYl1EA','5Vs2OWtsbJmVyf','erYjCIlimjTk3ax',18975,7986);
INSERT INTO SILUTEL.PEMBELIAN_INVENTORI VALUES('L8bSAv','ZWVpcgfbD3zEq','25GbgE10tBsXWf0',16964,29808);
INSERT INTO SILUTEL.PEMBELIAN_INVENTORI VALUES('b3KUaY','9jybR','huQ',14748,4509);
INSERT INTO SILUTEL.PEMBELIAN_INVENTORI VALUES('OiNlm1','3ElKdX9MZ3Ue','L',15641,21556);
INSERT INTO SILUTEL.PEMBELIAN_INVENTORI VALUES('QGVRAT','rQoXFhiPy6PI7m','ozW8A5VwfiVrU74',5985,10192);
INSERT INTO SILUTEL.PEMBELIAN_INVENTORI VALUES('JGBYnA','jEiH','Kg9BXPKUJVF7KIN',29536,4600);
INSERT INTO SILUTEL.PEMBELIAN_INVENTORI VALUES('V7ngwo','rFgh0VGUb4n6','7253WtfURM',24894,15319);
INSERT INTO SILUTEL.PEMBELIAN_INVENTORI VALUES('Nc0VZe','JpjHi7Nkz1i','4lh65aXa14SiPTo',14708,19276);
INSERT INTO SILUTEL.PEMBELIAN_INVENTORI VALUES('IYcKnD','5Vs2OWtsbJmVyf','erYjCIlimjTk3ax',17793,28724);
INSERT INTO SILUTEL.PEMBELIAN_INVENTORI VALUES('4jN0Wm','9jybR','huQ',4192,14273);
INSERT INTO SILUTEL.PEMBELIAN_INVENTORI VALUES('0wDeIP','HdBLMuCm6RgVfHi','GJ0Q75VIGx2Qav0n',4136,30136);
INSERT INTO SILUTEL.PEMBELIAN_INVENTORI VALUES('ce5R7p','ti2AseO','UOmUq',27732,19111);
INSERT INTO SILUTEL.PEMBELIAN_INVENTORI VALUES('fO5S3b','arAEeHaEYlohRTw6q','MaCsY',31157,1369);
INSERT INTO SILUTEL.PEMBELIAN_INVENTORI VALUES('29YtXC','O6cg5Z8ucS5OSZu6Is','y6Evbp4532zVjm7W8AM',6092,24424);
INSERT INTO SILUTEL.PEMBELIAN_INVENTORI VALUES('UHZa7p','JpjHi7Nkz1i','4lh65aXa14SiPTo',19446,17473);
INSERT INTO SILUTEL.PEMBELIAN_INVENTORI VALUES('4jN0Wm','sUr','IitlRqict7tA',5766,21558);
INSERT INTO SILUTEL.PEMBELIAN_INVENTORI VALUES('nOa7jN','QaC3i','TvS',22587,7471);
INSERT INTO SILUTEL.PEMBELIAN_INVENTORI VALUES('PTr3Yy','vC','wgsjb',32700,14326);
INSERT INTO SILUTEL.PEMBELIAN_INVENTORI VALUES('VCoIQ3','398T52bflIksNDk','xRr4bbU',844,26965);
INSERT INTO SILUTEL.PEMBELIAN_INVENTORI VALUES('0wDeIP','Ze2s7sHkg','p',16353,14945);
INSERT INTO SILUTEL.PEMBELIAN_INVENTORI VALUES('vGTo2T','uNZSi7mNxl3YYT33e','M0PhBERHqdf3frJfn',8922,18988);
INSERT INTO SILUTEL.PEMBELIAN_INVENTORI VALUES('1XgsRy','ptF','gTSZ28Ix',798,31250);
INSERT INTO SILUTEL.PEMBELIAN_INVENTORI VALUES('zUASUC','JkK','IG8mZxGUSqTq4s2QlrBS',29860,24296);
INSERT INTO SILUTEL.PEMBELIAN_INVENTORI VALUES('srdI0Y','3ElKdX9MZ3Ue','L',31611,17776);
INSERT INTO SILUTEL.PEMBELIAN_INVENTORI VALUES('e4BXiw','Hu4HoP6BzENefp','7O1y0Tl0Sxr',20422,2750);
INSERT INTO SILUTEL.PEMBELIAN_INVENTORI VALUES('AUWpEN','QaC3i','TvS',13113,8241);
INSERT INTO SILUTEL.PEMBELIAN_INVENTORI VALUES('VCoIQ3','wcWzys','9KneHwwlemEbY8MMb',18121,2575);
INSERT INTO SILUTEL.PEMBELIAN_INVENTORI VALUES('slWe03','JpjHi7Nkz1i','4lh65aXa14SiPTo',5612,25457);
INSERT INTO SILUTEL.PEMBELIAN_INVENTORI VALUES('cKhYgP','uNZSi7mNxl3YYT33e','M0PhBERHqdf3frJfn',1081,23166);
INSERT INTO SILUTEL.PEMBELIAN_INVENTORI VALUES('p8Vzwo','rFgh0VGUb4n6','7253WtfURM',31293,12941);
INSERT INTO SILUTEL.PEMBELIAN_INVENTORI VALUES('RYGs4y','qL','O1SJnfrWwmCnrx4LE',12672,13625);
INSERT INTO SILUTEL.PEMBELIAN_INVENTORI VALUES('D0DfCy','kWW','uCFO14sOGtoLNAL5oDq',20986,25194);
INSERT INTO SILUTEL.PEMBELIAN_INVENTORI VALUES('MlTSVi','iImCGxcBhR8SXbr39W','sU3OrzYv',14521,907);
INSERT INTO SILUTEL.PEMBELIAN_INVENTORI VALUES('bDPSJl','rRdtA3X8','pZ814s6M2ckEv4w',26400,20770);
INSERT INTO SILUTEL.PEMBELIAN_INVENTORI VALUES('JnYKqS','rRdtA3X8','pZ814s6M2ckEv4w',30776,30160);
INSERT INTO SILUTEL.PEMBELIAN_INVENTORI VALUES('Nxfe4Q','7nHls1NiV8ri4kk','Wr7nGh31J',14395,9199);
INSERT INTO SILUTEL.PEMBELIAN_INVENTORI VALUES('bHN5W6','OC','Qgu8UY',17032,16974);
INSERT INTO SILUTEL.PEMBELIAN_INVENTORI VALUES('lp9IYy','celSlie','zA0qnGE2qAQEKmQVot',14308,5452);
INSERT INTO SILUTEL.PEMBELIAN_INVENTORI VALUES('xqDwyr','OupThtfVYKzsN4','mDf7I4LQfHXG36f3',25700,1409);
INSERT INTO SILUTEL.PEMBELIAN_INVENTORI VALUES('6xNRWW','cwAONkV2zMWRhe','cgRuZe6p0e',2813,9864);
INSERT INTO SILUTEL.PEMBELIAN_INVENTORI VALUES('qM6lx0','5tnsxvyFcFGOgD','ChXK3wcPs3LiC7',14599,24926);
INSERT INTO SILUTEL.PEMBELIAN_INVENTORI VALUES('xSRuL1','rFgh0VGUb4n6','7253WtfURM',24957,21747);
INSERT INTO SILUTEL.PEMBELIAN_INVENTORI VALUES('QGVRAT','OupThtfVYKzsN4','mDf7I4LQfHXG36f3',3026,28483);
INSERT INTO SILUTEL.PEMBELIAN_INVENTORI VALUES('gcRJVz','5Vs2OWtsbJmVyf','erYjCIlimjTk3ax',31296,2883);
INSERT INTO SILUTEL.PEMBELIAN_INVENTORI VALUES('Fzgmi6','1vHBI1V','2bjknfjUgn2aqluASGZS',7939,11912);
INSERT INTO SILUTEL.PEMBELIAN_INVENTORI VALUES('ISsU4q','OC','Qgu8UY',26234,9157);
INSERT INTO SILUTEL.PEMBELIAN_INVENTORI VALUES('RapYLN','celSlie','zA0qnGE2qAQEKmQVot',19275,23596);
INSERT INTO SILUTEL.PEMBELIAN_INVENTORI VALUES('48HAby','5Vs2OWtsbJmVyf','erYjCIlimjTk3ax',24102,22330);
INSERT INTO SILUTEL.PEMBELIAN_INVENTORI VALUES('RuC6p6','u3Y4e','vxK',9967,9235);
INSERT INTO SILUTEL.PEMBELIAN_INVENTORI VALUES('JIxZDl','5tnsxvyFcFGOgD','ChXK3wcPs3LiC7',85,31784);
INSERT INTO SILUTEL.PEMBELIAN_INVENTORI VALUES('SXrbpC','wcWzys','9KneHwwlemEbY8MMb',26790,15285);
INSERT INTO SILUTEL.PEMBELIAN_INVENTORI VALUES('RYGs4y','KZqDJ4F2tA','azoVX6u',11443,5686);
INSERT INTO SILUTEL.PEMBELIAN_INVENTORI VALUES('XQjrEq','sUr','IitlRqict7tA',2220,9601);
INSERT INTO SILUTEL.PEMBELIAN_INVENTORI VALUES('loOOhc','vC','wgsjb',15696,12476);
INSERT INTO SILUTEL.PEMBELIAN_INVENTORI VALUES('CbgLeG','NJuPvGF00','oslYNQBn3ycETanIl1',31424,24875);
INSERT INTO SILUTEL.PEMBELIAN_INVENTORI VALUES('ojeDN8','9jybR','huQ',10300,29938);
INSERT INTO SILUTEL.PEMBELIAN_INVENTORI VALUES('isHEyi','vC','wgsjb',25066,32139);
INSERT INTO SILUTEL.PEMBELIAN_INVENTORI VALUES('4jN0Wm','rRdtA3X8','pZ814s6M2ckEv4w',20234,10732);
INSERT INTO SILUTEL.PEMBELIAN_INVENTORI VALUES('hyuLJ3','sUr','IitlRqict7tA',14786,19057);
INSERT INTO SILUTEL.PEMBELIAN_INVENTORI VALUES('3BIthm','LC29sYV5qE7zxI3','mtLXy7lrV0SwmRuDi7j',21244,17085);
INSERT INTO SILUTEL.PEMBELIAN_INVENTORI VALUES('RAInld','arAEeHaEYlohRTw6q','MaCsY',32237,11155);
INSERT INTO SILUTEL.PEMBELIAN_INVENTORI VALUES('AUWpEN','sUr','IitlRqict7tA',29180,23845);
INSERT INTO SILUTEL.PEMBELIAN_INVENTORI VALUES('nhKI49','O6cg5Z8ucS5OSZu6Is','y6Evbp4532zVjm7W8AM',6136,22172);
INSERT INTO SILUTEL.PEMBELIAN_INVENTORI VALUES('YgZd7U','wcWzys','9KneHwwlemEbY8MMb',7136,17335);
INSERT INTO SILUTEL.PEMBELIAN_INVENTORI VALUES('nhKI49','ti2AseO','UOmUq',11949,375);
INSERT INTO SILUTEL.PEMBELIAN_INVENTORI VALUES('9J0B9T','4UNHdJKHag8E03T43','LvqDuh1eRHqHv7F1fnnU',14819,7820);
INSERT INTO SILUTEL.PEMBELIAN_INVENTORI VALUES('tNFjvY','3ElKdX9MZ3Ue','L',24177,24066);
INSERT INTO SILUTEL.PEMBELIAN_INVENTORI VALUES('KckWFw','HdBLMuCm6RgVfHi','GJ0Q75VIGx2Qav0n',8908,20907);
INSERT INTO SILUTEL.PEMBELIAN_INVENTORI VALUES('MlTSVi','rQoXFhiPy6PI7m','ozW8A5VwfiVrU74',13320,20011);
INSERT INTO SILUTEL.PEMBELIAN_INVENTORI VALUES('6522GV','HdBLMuCm6RgVfHi','GJ0Q75VIGx2Qav0n',29171,31780);
INSERT INTO SILUTEL.PEMBELIAN_INVENTORI VALUES('NiUqRq','LC29sYV5qE7zxI3','mtLXy7lrV0SwmRuDi7j',31787,17478);
INSERT INTO SILUTEL.PEMBELIAN_INVENTORI VALUES('nhKI49','FbXW7WZ0B','Z',24506,2290);
INSERT INTO SILUTEL.PEMBELIAN_INVENTORI VALUES('AKwUp3','HdBLMuCm6RgVfHi','GJ0Q75VIGx2Qav0n',23119,31170);
INSERT INTO SILUTEL.PEMBELIAN_INVENTORI VALUES('1cyWtQ','NJuPvGF00','oslYNQBn3ycETanIl1',10983,14936);
INSERT INTO SILUTEL.PEMBELIAN_INVENTORI VALUES('kRSPbo','KYtPdl7UecWPjB4546Yj','NGS',11932,29551);
INSERT INTO SILUTEL.PEMBELIAN_INVENTORI VALUES('UnEGkT','ti2AseO','UOmUq',3438,29416);
INSERT INTO SILUTEL.PEMBELIAN_INVENTORI VALUES('5LUgW5','398T52bflIksNDk','xRr4bbU',25886,30448);
INSERT INTO SILUTEL.PEMBELIAN_INVENTORI VALUES('48HAby','sUr','IitlRqict7tA',28103,9390);
INSERT INTO SILUTEL.PEMBELIAN_INVENTORI VALUES('cAQirC','398T52bflIksNDk','xRr4bbU',9051,28095);
INSERT INTO SILUTEL.PEMBELIAN_INVENTORI VALUES('wE4YiD','KYtPdl7UecWPjB4546Yj','NGS',10246,16086);
INSERT INTO SILUTEL.PEMBELIAN_INVENTORI VALUES('x2oR8E','cwAONkV2zMWRhe','cgRuZe6p0e',3696,11107);
INSERT INTO SILUTEL.PEMBELIAN_INVENTORI VALUES('ce5R7p','K29ILBwKGNHizbsQ5','Znqnhz',16205,13291);
INSERT INTO SILUTEL.PEMBELIAN_INVENTORI VALUES('rHSuw0','sUr','IitlRqict7tA',31691,15669);
INSERT INTO SILUTEL.PEMBELIAN_INVENTORI VALUES('o7OttG','5Vs2OWtsbJmVyf','erYjCIlimjTk3ax',27366,19169);
INSERT INTO SILUTEL.PEMBELIAN_INVENTORI VALUES('1rWNXk','JkK','IG8mZxGUSqTq4s2QlrBS',25861,2645);
INSERT INTO SILUTEL.PEMBELIAN_INVENTORI VALUES('s1HQ6H','4UNHdJKHag8E03T43','LvqDuh1eRHqHv7F1fnnU',17801,32605);
INSERT INTO SILUTEL.PEMBELIAN_INVENTORI VALUES('JBcXnq','7nHls1NiV8ri4kk','Wr7nGh31J',21081,25585);
INSERT INTO SILUTEL.PEMBELIAN_INVENTORI VALUES('fblXqG','KYtPdl7UecWPjB4546Yj','NGS',10317,15858);
INSERT INTO SILUTEL.PEMBELIAN_INVENTORI VALUES('xSRuL1','YH1eePL','mDi3RuIrGzcVAH',9374,14805);
INSERT INTO SILUTEL.PEMBELIAN_INVENTORI VALUES('KCtdi8','celSlie','zA0qnGE2qAQEKmQVot',26323,27366);
INSERT INTO SILUTEL.PEMBELIAN_INVENTORI VALUES('wE4YiD','rFgh0VGUb4n6','7253WtfURM',17883,8000);
INSERT INTO SILUTEL.PEMBELIAN_INVENTORI VALUES('wE4YiD','YH1eePL','mDi3RuIrGzcVAH',19544,5010);
INSERT INTO SILUTEL.PEMBELIAN_INVENTORI VALUES('20AxZq','DnFlmJgl8uTlE','2iJ21WVFH9FX9',24304,2638);
INSERT INTO SILUTEL.PEMBELIAN_INVENTORI VALUES('zAH4Eq','5Vs2OWtsbJmVyf','erYjCIlimjTk3ax',11784,8730);
INSERT INTO SILUTEL.PEMBELIAN_INVENTORI VALUES('EKBkXZ','9jybR','huQ',7693,3352);
INSERT INTO SILUTEL.PEMBELIAN_INVENTORI VALUES('Fi6isi','kWW','uCFO14sOGtoLNAL5oDq',212,20611);
INSERT INTO SILUTEL.PEMBELIAN_INVENTORI VALUES('w96s3G','ti2AseO','UOmUq',13983,8592);
INSERT INTO SILUTEL.PEMBELIAN_INVENTORI VALUES('RcppXA','5Vs2OWtsbJmVyf','erYjCIlimjTk3ax',5883,22356);
INSERT INTO SILUTEL.PEMBELIAN_INVENTORI VALUES('v2JCwp','ti2AseO','UOmUq',20502,10625);
INSERT INTO SILUTEL.PEMBELIAN_INVENTORI VALUES('z35tgg','QaC3i','TvS',22195,19490);
INSERT INTO SILUTEL.PEMBELIAN_INVENTORI VALUES('IHUohe','7nHls1NiV8ri4kk','Wr7nGh31J',19394,13561);
INSERT INTO SILUTEL.PEMBELIAN_INVENTORI VALUES('66H7PS','ZWVpcgfbD3zEq','25GbgE10tBsXWf0',17443,16814);
INSERT INTO SILUTEL.PEMBELIAN_INVENTORI VALUES('eBvAW8','kWW','uCFO14sOGtoLNAL5oDq',28206,16218);
INSERT INTO SILUTEL.PEMBELIAN_INVENTORI VALUES('s0z1VQ','NJuPvGF00','oslYNQBn3ycETanIl1',9876,1198);
INSERT INTO SILUTEL.PEMBELIAN_INVENTORI VALUES('IaqY7j','jEiH','Kg9BXPKUJVF7KIN',29656,5241);
INSERT INTO SILUTEL.PEMBELIAN_INVENTORI VALUES('Goo7xk','JpjHi7Nkz1i','4lh65aXa14SiPTo',30508,21184);
INSERT INTO SILUTEL.PEMBELIAN_INVENTORI VALUES('myeKjH','tvZF2LWWDFJiFx1','ipW3gg5lxl9QsdwzdA',20275,2736);
INSERT INTO SILUTEL.PEMBELIAN_INVENTORI VALUES('1QE3EA','398T52bflIksNDk','xRr4bbU',3973,7477);
INSERT INTO SILUTEL.PEMBELIAN_INVENTORI VALUES('1rWNXk','LC29sYV5qE7zxI3','mtLXy7lrV0SwmRuDi7j',18235,31920);
INSERT INTO SILUTEL.PEMBELIAN_INVENTORI VALUES('9yfS6F','YH1eePL','mDi3RuIrGzcVAH',10344,27847);
INSERT INTO SILUTEL.PEMBELIAN_INVENTORI VALUES('JnYKqS','5tnsxvyFcFGOgD','ChXK3wcPs3LiC7',20833,1047);
INSERT INTO SILUTEL.PEMBELIAN_INVENTORI VALUES('neasF0','Hu4HoP6BzENefp','7O1y0Tl0Sxr',3405,684);
INSERT INTO SILUTEL.PEMBELIAN_INVENTORI VALUES('rbJwNc','DnFlmJgl8uTlE','2iJ21WVFH9FX9',25840,11090);
INSERT INTO SILUTEL.PEMBELIAN_INVENTORI VALUES('oyMrOJ','wcWzys','9KneHwwlemEbY8MMb',26263,1852);
INSERT INTO SILUTEL.PEMBELIAN_INVENTORI VALUES('xlxHKL','Jm0C4ogKFuFOp2kR','7Q3HeYoOFo',20272,1043);
INSERT INTO SILUTEL.PEMBELIAN_INVENTORI VALUES('xzNw0i','vC','wgsjb',12230,32677);
INSERT INTO SILUTEL.PEMBELIAN_INVENTORI VALUES('qWYX3I','HdBLMuCm6RgVfHi','GJ0Q75VIGx2Qav0n',305,17509);
INSERT INTO SILUTEL.PEMBELIAN_INVENTORI VALUES('NiUqRq','398T52bflIksNDk','xRr4bbU',28525,19378);
INSERT INTO SILUTEL.PEMBELIAN_INVENTORI VALUES('oolrYP','JpjHi7Nkz1i','4lh65aXa14SiPTo',2295,5720);
INSERT INTO SILUTEL.PEMBELIAN_INVENTORI VALUES('bDPSJl','arAEeHaEYlohRTw6q','MaCsY',27798,25136);
INSERT INTO SILUTEL.PEMBELIAN_INVENTORI VALUES('48HAby','kWW','uCFO14sOGtoLNAL5oDq',30347,22218);
INSERT INTO SILUTEL.PEMBELIAN_INVENTORI VALUES('quJ2vM','YH1eePL','mDi3RuIrGzcVAH',19903,28906);
INSERT INTO SILUTEL.PEMBELIAN_INVENTORI VALUES('3qy9mi','3ElKdX9MZ3Ue','L',2022,25813);
INSERT INTO SILUTEL.PEMBELIAN_INVENTORI VALUES('4t3KxP','YH1eePL','mDi3RuIrGzcVAH',20177,32405);
INSERT INTO SILUTEL.PEMBELIAN_INVENTORI VALUES('nnobMp','JkK','IG8mZxGUSqTq4s2QlrBS',7589,2299);
INSERT INTO SILUTEL.PEMBELIAN_INVENTORI VALUES('zAH4Eq','5tnsxvyFcFGOgD','ChXK3wcPs3LiC7',20521,22786);
INSERT INTO SILUTEL.PEMBELIAN_INVENTORI VALUES('gtBjxm','5Vs2OWtsbJmVyf','erYjCIlimjTk3ax',13479,20307);
INSERT INTO SILUTEL.PEMBELIAN_INVENTORI VALUES('Kqelfz','arAEeHaEYlohRTw6q','MaCsY',23388,25881);
INSERT INTO SILUTEL.PEMBELIAN_INVENTORI VALUES('UHZa7p','iImCGxcBhR8SXbr39W','sU3OrzYv',16825,1055);
INSERT INTO SILUTEL.PEMBELIAN_INVENTORI VALUES('l1GTsa','JpjHi7Nkz1i','4lh65aXa14SiPTo',24298,18194);
INSERT INTO SILUTEL.PEMBELIAN_INVENTORI VALUES('O3hTDS','FbXW7WZ0B','Z',28099,15890);
INSERT INTO SILUTEL.PEMBELIAN_INVENTORI VALUES('cFA8VP','KYtPdl7UecWPjB4546Yj','NGS',2657,4204);
INSERT INTO SILUTEL.PEMBELIAN_INVENTORI VALUES('NlFxYP','7nHls1NiV8ri4kk','Wr7nGh31J',4707,18030);
INSERT INTO SILUTEL.PEMBELIAN_INVENTORI VALUES('JGBYnA','ti2AseO','UOmUq',5981,19495);
INSERT INTO SILUTEL.PEMBELIAN_INVENTORI VALUES('pzr5lc','kWW','uCFO14sOGtoLNAL5oDq',19748,23105);
INSERT INTO SILUTEL.PEMBELIAN_INVENTORI VALUES('B0REMW','celSlie','zA0qnGE2qAQEKmQVot',12116,20362);
INSERT INTO SILUTEL.PEMBELIAN_INVENTORI VALUES('b9CcTo','tvZF2LWWDFJiFx1','ipW3gg5lxl9QsdwzdA',13047,4071);
INSERT INTO SILUTEL.PEMBELIAN_INVENTORI VALUES('4cA2qV','jEiH','Kg9BXPKUJVF7KIN',19567,26613);
INSERT INTO SILUTEL.PEMBELIAN_INVENTORI VALUES('VY1Qfc','Ze2s7sHkg','p',26827,32123);
INSERT INTO SILUTEL.PEMBELIAN_INVENTORI VALUES('PSZeNB','uNZSi7mNxl3YYT33e','M0PhBERHqdf3frJfn',30261,6030);
INSERT INTO SILUTEL.PEMBELIAN_INVENTORI VALUES('UnEGkT','sUr','IitlRqict7tA',12095,5395);
INSERT INTO SILUTEL.PEMBELIAN_INVENTORI VALUES('xzNw0i','YH1eePL','mDi3RuIrGzcVAH',21278,29970);
INSERT INTO SILUTEL.PEMBELIAN_INVENTORI VALUES('mQL1tJ','kWW','uCFO14sOGtoLNAL5oDq',1738,6747);
INSERT INTO SILUTEL.PEMBELIAN_INVENTORI VALUES('Fi6isi','vC','wgsjb',26190,18457);
INSERT INTO SILUTEL.PEMBELIAN_INVENTORI VALUES('EJ5lLS','KYtPdl7UecWPjB4546Yj','NGS',136,6086);
INSERT INTO SILUTEL.PEMBELIAN_INVENTORI VALUES('0fnQ12','5tnsxvyFcFGOgD','ChXK3wcPs3LiC7',11455,20070);
INSERT INTO SILUTEL.PEMBELIAN_INVENTORI VALUES('Cwkfen','qL','O1SJnfrWwmCnrx4LE',27259,4580);
INSERT INTO SILUTEL.PEMBELIAN_INVENTORI VALUES('kbWjf9','JpjHi7Nkz1i','4lh65aXa14SiPTo',2319,2521);
INSERT INTO SILUTEL.PEMBELIAN_INVENTORI VALUES('xlxHKL','rRdtA3X8','pZ814s6M2ckEv4w',2765,13245);
INSERT INTO SILUTEL.PEMBELIAN_INVENTORI VALUES('NyKlFI','ptF','gTSZ28Ix',17554,12067);
INSERT INTO SILUTEL.PEMBELIAN_INVENTORI VALUES('b4B5Mm','5Vs2OWtsbJmVyf','erYjCIlimjTk3ax',26050,21606);
INSERT INTO SILUTEL.PEMBELIAN_INVENTORI VALUES('9JjKpK','u3Y4e','vxK',2854,11827);
INSERT INTO SILUTEL.PEMBELIAN_INVENTORI VALUES('gVb0eO','O6cg5Z8ucS5OSZu6Is','y6Evbp4532zVjm7W8AM',20941,30987);
INSERT INTO SILUTEL.PEMBELIAN_INVENTORI VALUES('A1lzvM','uNZSi7mNxl3YYT33e','M0PhBERHqdf3frJfn',30239,16473);
INSERT INTO SILUTEL.PEMBELIAN_INVENTORI VALUES('GfYHMh','HdBLMuCm6RgVfHi','GJ0Q75VIGx2Qav0n',10614,18785);
INSERT INTO SILUTEL.PEMBELIAN_INVENTORI VALUES('xOb1Xa','KZqDJ4F2tA','azoVX6u',76,23537);
INSERT INTO SILUTEL.PEMBELIAN_INVENTORI VALUES('ISsU4q','Ze2s7sHkg','p',11023,15580);
INSERT INTO SILUTEL.PEMBELIAN_INVENTORI VALUES('7KYTgW','DnFlmJgl8uTlE','2iJ21WVFH9FX9',15022,22406);
INSERT INTO SILUTEL.PEMBELIAN_INVENTORI VALUES('MlTSVi','cwAONkV2zMWRhe','cgRuZe6p0e',12456,21751);
INSERT INTO SILUTEL.PEMBELIAN_INVENTORI VALUES('cTQQYm','NtA5fgH8T','mPmYZ',6835,25484);
INSERT INTO SILUTEL.PEMBELIAN_INVENTORI VALUES('gcRJVz','OC','Qgu8UY',12181,23628);
INSERT INTO SILUTEL.PEMBELIAN_INVENTORI VALUES('AUWpEN','KZqO18','p4vN0O4FOzmwf',29384,11953);
INSERT INTO SILUTEL.PEMBELIAN_INVENTORI VALUES('moeAbl','9jybR','huQ',7164,19540);
INSERT INTO SILUTEL.PEMBELIAN_INVENTORI VALUES('1XgsRy','rQoXFhiPy6PI7m','ozW8A5VwfiVrU74',2972,21539);
INSERT INTO SILUTEL.PEMBELIAN_INVENTORI VALUES('PTr3Yy','9jybR','huQ',25576,5575);
INSERT INTO SILUTEL.PEMBELIAN_INVENTORI VALUES('48HAby','uNZSi7mNxl3YYT33e','M0PhBERHqdf3frJfn',9402,22356);
INSERT INTO SILUTEL.PEMBELIAN_INVENTORI VALUES('5LUgW5','rQoXFhiPy6PI7m','ozW8A5VwfiVrU74',31471,12326);
INSERT INTO SILUTEL.PEMBELIAN_INVENTORI VALUES('ifHt8X','vC','wgsjb',28508,12526);
INSERT INTO SILUTEL.PEMBELIAN_INVENTORI VALUES('JGBYnA','QaC3i','TvS',23817,3037);
INSERT INTO SILUTEL.PEMBELIAN_INVENTORI VALUES('1nWqWo','Lic0oPEMYV2wRs','NzfP4vv5egC',23228,21053);
INSERT INTO SILUTEL.PEMBELIAN_INVENTORI VALUES('wdXjxw','K29ILBwKGNHizbsQ5','Znqnhz',1529,9921);
INSERT INTO SILUTEL.PEMBELIAN_INVENTORI VALUES('Zw04mt','KZqO18','p4vN0O4FOzmwf',6130,29703);
INSERT INTO SILUTEL.PEMBELIAN_INVENTORI VALUES('oyMrOJ','KZqDJ4F2tA','azoVX6u',27127,19052);
INSERT INTO SILUTEL.PEMBELIAN_INVENTORI VALUES('IwBsy4','uNZSi7mNxl3YYT33e','M0PhBERHqdf3frJfn',7168,21117);
INSERT INTO SILUTEL.PEMBELIAN_INVENTORI VALUES('AFDMzX','7nHls1NiV8ri4kk','Wr7nGh31J',2333,5816);
INSERT INTO SILUTEL.PEMBELIAN_INVENTORI VALUES('bCafkG','ptF','gTSZ28Ix',30622,11541);
INSERT INTO SILUTEL.PEMBELIAN_INVENTORI VALUES('hQirkX','FbXW7WZ0B','Z',6662,2052);
INSERT INTO SILUTEL.PEMBELIAN_INVENTORI VALUES('b1fm2T','rRdtA3X8','pZ814s6M2ckEv4w',31970,8770);
INSERT INTO SILUTEL.PEMBELIAN_INVENTORI VALUES('gcRJVz','7nHls1NiV8ri4kk','Wr7nGh31J',12578,6094);
INSERT INTO SILUTEL.PEMBELIAN_INVENTORI VALUES('dxhM0B','3ElKdX9MZ3Ue','L',26127,2287);
INSERT INTO SILUTEL.PEMBELIAN_INVENTORI VALUES('isHEyi','KYtPdl7UecWPjB4546Yj','NGS',12237,4835);
INSERT INTO SILUTEL.PEMBELIAN_INVENTORI VALUES('Oab00p','rFgh0VGUb4n6','7253WtfURM',24413,12339);
INSERT INTO SILUTEL.PEMBELIAN_INVENTORI VALUES('ccTEYm','iImCGxcBhR8SXbr39W','sU3OrzYv',25070,28864);
INSERT INTO SILUTEL.PEMBELIAN_INVENTORI VALUES('SXrbpC','YH1eePL','mDi3RuIrGzcVAH',14195,9210);
INSERT INTO SILUTEL.PEMBELIAN_INVENTORI VALUES('Lgkfl2','wcWzys','9KneHwwlemEbY8MMb',2937,11262);
INSERT INTO SILUTEL.PEMBELIAN_INVENTORI VALUES('7unY2G','QaC3i','TvS',14367,23989);
INSERT INTO SILUTEL.PEMBELIAN_INVENTORI VALUES('BbdSGS','LC29sYV5qE7zxI3','mtLXy7lrV0SwmRuDi7j',29836,14709);
INSERT INTO SILUTEL.PEMBELIAN_INVENTORI VALUES('4cA2qV','OupThtfVYKzsN4','mDf7I4LQfHXG36f3',9610,19672);
INSERT INTO SILUTEL.PEMBELIAN_INVENTORI VALUES('aZfvXN','vC','wgsjb',29477,11161);
INSERT INTO SILUTEL.PEMBELIAN_INVENTORI VALUES('DoYGv1','rQoXFhiPy6PI7m','ozW8A5VwfiVrU74',4831,20077);
INSERT INTO SILUTEL.PEMBELIAN_INVENTORI VALUES('WrsLe2','O6cg5Z8ucS5OSZu6Is','y6Evbp4532zVjm7W8AM',21278,15237);
INSERT INTO SILUTEL.PEMBELIAN_INVENTORI VALUES('ua20CH','OC','Qgu8UY',5274,554);
INSERT INTO SILUTEL.PEMBELIAN_INVENTORI VALUES('Nc0VZe','398T52bflIksNDk','xRr4bbU',6637,3561);
INSERT INTO SILUTEL.PEMBELIAN_INVENTORI VALUES('WzH4Wj','FbXW7WZ0B','Z',19709,23959);
INSERT INTO SILUTEL.PEMBELIAN_INVENTORI VALUES('yMOALj','wcWzys','9KneHwwlemEbY8MMb',19534,2750);
INSERT INTO SILUTEL.PEMBELIAN_INVENTORI VALUES('RXqWYh','JkK','IG8mZxGUSqTq4s2QlrBS',3537,2537);
INSERT INTO SILUTEL.PEMBELIAN_INVENTORI VALUES('UjSW4P','NtA5fgH8T','mPmYZ',15763,4098);
INSERT INTO SILUTEL.PEMBELIAN_INVENTORI VALUES('Rt15ah','kWW','uCFO14sOGtoLNAL5oDq',14006,25199);
INSERT INTO SILUTEL.PEMBELIAN_INVENTORI VALUES('zB8DXT','celSlie','zA0qnGE2qAQEKmQVot',10388,18510);
INSERT INTO SILUTEL.PEMBELIAN_INVENTORI VALUES('w96s3G','YH1eePL','mDi3RuIrGzcVAH',23441,5155);
INSERT INTO SILUTEL.PEMBELIAN_INVENTORI VALUES('YUnIaT','O6cg5Z8ucS5OSZu6Is','y6Evbp4532zVjm7W8AM',24044,21126);
INSERT INTO SILUTEL.PEMBELIAN_INVENTORI VALUES('xlxHKL','KZqO18','p4vN0O4FOzmwf',22710,21903);
INSERT INTO SILUTEL.PEMBELIAN_INVENTORI VALUES('kL7pJO','OupThtfVYKzsN4','mDf7I4LQfHXG36f3',5259,24327);
INSERT INTO SILUTEL.PEMBELIAN_INVENTORI VALUES('IyFCCa','jEiH','Kg9BXPKUJVF7KIN',5865,12499);
INSERT INTO SILUTEL.PEMBELIAN_INVENTORI VALUES('tNFjvY','0027bITHhPJ7XAN1z','HWkdoE7EFWk2b2HpH',702,3349);
INSERT INTO SILUTEL.PEMBELIAN_INVENTORI VALUES('IpnXLy','u3Y4e','vxK',28441,17344);
INSERT INTO SILUTEL.PEMBELIAN_INVENTORI VALUES('RcppXA','sUr','IitlRqict7tA',8963,24832);
INSERT INTO SILUTEL.PEMBELIAN_INVENTORI VALUES('e4BXiw','tvZF2LWWDFJiFx1','ipW3gg5lxl9QsdwzdA',9205,13581);
INSERT INTO SILUTEL.PEMBELIAN_INVENTORI VALUES('bfZph0','uNZSi7mNxl3YYT33e','M0PhBERHqdf3frJfn',32649,9868);
INSERT INTO SILUTEL.PEMBELIAN_INVENTORI VALUES('lcUGdL','FbXW7WZ0B','Z',26802,20042);
INSERT INTO SILUTEL.PEMBELIAN_INVENTORI VALUES('f2zexz','KZqDJ4F2tA','azoVX6u',26790,30540);
INSERT INTO SILUTEL.PEMBELIAN_INVENTORI VALUES('GfYHMh','5Vs2OWtsbJmVyf','erYjCIlimjTk3ax',14743,10413);
INSERT INTO SILUTEL.PEMBELIAN_INVENTORI VALUES('IVI6M1','1vHBI1V','2bjknfjUgn2aqluASGZS',26765,14781);
INSERT INTO SILUTEL.PEMBELIAN_INVENTORI VALUES('E3nabq','Ze2s7sHkg','p',22972,7823);
INSERT INTO SILUTEL.PEMBELIAN_INVENTORI VALUES('srdI0Y','YH1eePL','mDi3RuIrGzcVAH',6072,16951);
INSERT INTO SILUTEL.PEMBELIAN_INVENTORI VALUES('c9WpSZ','OC','Qgu8UY',26440,29645);
INSERT INTO SILUTEL.PEMBELIAN_INVENTORI VALUES('f2zexz','uNZSi7mNxl3YYT33e','M0PhBERHqdf3frJfn',30655,9940);
INSERT INTO SILUTEL.PEMBELIAN_INVENTORI VALUES('bDPSJl','jEiH','Kg9BXPKUJVF7KIN',29330,7133);
INSERT INTO SILUTEL.PEMBELIAN_INVENTORI VALUES('LN1Csd','398T52bflIksNDk','xRr4bbU',18276,23558);
INSERT INTO SILUTEL.PEMBELIAN_INVENTORI VALUES('p8Vzwo','OupThtfVYKzsN4','mDf7I4LQfHXG36f3',25073,22579);
INSERT INTO SILUTEL.PEMBELIAN_INVENTORI VALUES('Gau1ZR','u3Y4e','vxK',13124,23772);
INSERT INTO SILUTEL.PEMBELIAN_INVENTORI VALUES('w96s3G','cwAONkV2zMWRhe','cgRuZe6p0e',227,31992);
INSERT INTO SILUTEL.PEMBELIAN_INVENTORI VALUES('8tRJqD','1vHBI1V','2bjknfjUgn2aqluASGZS',20055,24755);
INSERT INTO SILUTEL.PEMBELIAN_INVENTORI VALUES('zAH4Eq','7nHls1NiV8ri4kk','Wr7nGh31J',28874,8309);
INSERT INTO SILUTEL.PEMBELIAN_INVENTORI VALUES('5ZSbVJ','u3Y4e','vxK',5010,17312);
INSERT INTO SILUTEL.PEMBELIAN_INVENTORI VALUES('jXYC6P','5tnsxvyFcFGOgD','ChXK3wcPs3LiC7',23071,966);
INSERT INTO SILUTEL.PEMBELIAN_INVENTORI VALUES('RXqWYh','DnFlmJgl8uTlE','2iJ21WVFH9FX9',1785,21363);
INSERT INTO SILUTEL.PEMBELIAN_INVENTORI VALUES('xaSPIN','1vHBI1V','2bjknfjUgn2aqluASGZS',25740,9138);
INSERT INTO SILUTEL.PEMBELIAN_INVENTORI VALUES('D4X3Tt','0027bITHhPJ7XAN1z','HWkdoE7EFWk2b2HpH',29085,19656);
INSERT INTO SILUTEL.PEMBELIAN_INVENTORI VALUES('6EnO06','OC','Qgu8UY',26878,27799);
INSERT INTO SILUTEL.PEMBELIAN_INVENTORI VALUES('ce5R7p','NtA5fgH8T','mPmYZ',16650,31808);
INSERT INTO SILUTEL.PEMBELIAN_INVENTORI VALUES('mI073C','OupThtfVYKzsN4','mDf7I4LQfHXG36f3',11451,29089);
INSERT INTO SILUTEL.PEMBELIAN_INVENTORI VALUES('qM6lx0','OupThtfVYKzsN4','mDf7I4LQfHXG36f3',16115,8110);
INSERT INTO SILUTEL.PEMBELIAN_INVENTORI VALUES('utYtu9','rQoXFhiPy6PI7m','ozW8A5VwfiVrU74',7623,29460);
INSERT INTO SILUTEL.PEMBELIAN_INVENTORI VALUES('fO5S3b','Hu4HoP6BzENefp','7O1y0Tl0Sxr',9973,22925);
INSERT INTO SILUTEL.PEMBELIAN_INVENTORI VALUES('UjSW4P','qL','O1SJnfrWwmCnrx4LE',20463,17970);
INSERT INTO SILUTEL.PEMBELIAN_INVENTORI VALUES('yMOALj','ptF','gTSZ28Ix',17573,30165);
INSERT INTO SILUTEL.PEMBELIAN_INVENTORI VALUES('OXcs1j','HdBLMuCm6RgVfHi','GJ0Q75VIGx2Qav0n',12786,7346);
INSERT INTO SILUTEL.PEMBELIAN_INVENTORI VALUES('ua20CH','qL','O1SJnfrWwmCnrx4LE',17050,3639);
INSERT INTO SILUTEL.PEMBELIAN_INVENTORI VALUES('hHcJku','rRdtA3X8','pZ814s6M2ckEv4w',22669,2512);
INSERT INTO SILUTEL.PEMBELIAN_INVENTORI VALUES('l1GTsa','Hu4HoP6BzENefp','7O1y0Tl0Sxr',13287,27850);
INSERT INTO SILUTEL.PEMBELIAN_INVENTORI VALUES('U269Fh','arAEeHaEYlohRTw6q','MaCsY',16295,6254);
INSERT INTO SILUTEL.PEMBELIAN_INVENTORI VALUES('zB8DXT','NtA5fgH8T','mPmYZ',14968,25667);
INSERT INTO SILUTEL.PEMBELIAN_INVENTORI VALUES('IYcKnD','9jybR','huQ',4333,21246);
INSERT INTO SILUTEL.PEMBELIAN_INVENTORI VALUES('W53Lf9','rRdtA3X8','pZ814s6M2ckEv4w',4320,15808);
INSERT INTO SILUTEL.PEMBELIAN_INVENTORI VALUES('gcRJVz','ZWVpcgfbD3zEq','25GbgE10tBsXWf0',20085,15180);
INSERT INTO SILUTEL.PEMBELIAN_INVENTORI VALUES('Goo7xk','KZqO18','p4vN0O4FOzmwf',26445,25344);
INSERT INTO SILUTEL.PEMBELIAN_INVENTORI VALUES('c20VoE','sUr','IitlRqict7tA',24939,18800);
INSERT INTO SILUTEL.PEMBELIAN_INVENTORI VALUES('mQL1tJ','O6cg5Z8ucS5OSZu6Is','y6Evbp4532zVjm7W8AM',26826,7611);
INSERT INTO SILUTEL.PEMBELIAN_INVENTORI VALUES('Goo7xk','jEiH','Kg9BXPKUJVF7KIN',10764,1812);
INSERT INTO SILUTEL.PEMBELIAN_INVENTORI VALUES('SmsVsW','tvZF2LWWDFJiFx1','ipW3gg5lxl9QsdwzdA',17697,21663);
INSERT INTO SILUTEL.PEMBELIAN_INVENTORI VALUES('bfZph0','u3Y4e','vxK',12787,11700);
INSERT INTO SILUTEL.PEMBELIAN_INVENTORI VALUES('p8Vzwo','Lic0oPEMYV2wRs','NzfP4vv5egC',1385,10459);
INSERT INTO SILUTEL.PEMBELIAN_INVENTORI VALUES('JBcXnq','rRdtA3X8','pZ814s6M2ckEv4w',29267,13431);
INSERT INTO SILUTEL.PEMBELIAN_INVENTORI VALUES('wdXjxw','arAEeHaEYlohRTw6q','MaCsY',9320,907);
INSERT INTO SILUTEL.PEMBELIAN_INVENTORI VALUES('ZIRAvR','KZqO18','p4vN0O4FOzmwf',16412,21861);
INSERT INTO SILUTEL.PEMBELIAN_INVENTORI VALUES('utYtu9','rZRnxV','4j04GXFzmMd',22460,6797);
INSERT INTO SILUTEL.PEMBELIAN_INVENTORI VALUES('1QE3EA','vC','wgsjb',31878,25685);
INSERT INTO SILUTEL.PEMBELIAN_INVENTORI VALUES('UnEGkT','KZqDJ4F2tA','azoVX6u',26336,6380);
INSERT INTO SILUTEL.PEMBELIAN_INVENTORI VALUES('XUl06W','4UNHdJKHag8E03T43','LvqDuh1eRHqHv7F1fnnU',15182,21688);
INSERT INTO SILUTEL.PEMBELIAN_INVENTORI VALUES('XQjrEq','KYtPdl7UecWPjB4546Yj','NGS',16641,28467);
INSERT INTO SILUTEL.PEMBELIAN_INVENTORI VALUES('vB3yPb','jEiH','Kg9BXPKUJVF7KIN',2522,24881);
INSERT INTO SILUTEL.PEMBELIAN_INVENTORI VALUES('4Jl2vv','5tnsxvyFcFGOgD','ChXK3wcPs3LiC7',2413,13546);
INSERT INTO SILUTEL.PEMBELIAN_INVENTORI VALUES('bCafkG','uNZSi7mNxl3YYT33e','M0PhBERHqdf3frJfn',17764,23176);
INSERT INTO SILUTEL.PEMBELIAN_INVENTORI VALUES('1cyWtQ','OC','Qgu8UY',26694,29117);
INSERT INTO SILUTEL.PEMBELIAN_INVENTORI VALUES('KckWFw','kWW','uCFO14sOGtoLNAL5oDq',15037,4033);
INSERT INTO SILUTEL.PEMBELIAN_INVENTORI VALUES('xlxHKL','uNZSi7mNxl3YYT33e','M0PhBERHqdf3frJfn',15529,32474);
INSERT INTO SILUTEL.PEMBELIAN_INVENTORI VALUES('Cwkfen','QaC3i','TvS',11708,20908);
INSERT INTO SILUTEL.PEMBELIAN_INVENTORI VALUES('aZfvXN','7nHls1NiV8ri4kk','Wr7nGh31J',17993,26999);
INSERT INTO SILUTEL.PEMBELIAN_INVENTORI VALUES('O3hTDS','4UNHdJKHag8E03T43','LvqDuh1eRHqHv7F1fnnU',23969,6381);
INSERT INTO SILUTEL.PEMBELIAN_INVENTORI VALUES('b3KUaY','YH1eePL','mDi3RuIrGzcVAH',1338,28655);
INSERT INTO SILUTEL.PEMBELIAN_INVENTORI VALUES('7Nry75','ti2AseO','UOmUq',22326,261);
INSERT INTO SILUTEL.PEMBELIAN_INVENTORI VALUES('kbWjf9','uNZSi7mNxl3YYT33e','M0PhBERHqdf3frJfn',14357,26061);
INSERT INTO SILUTEL.PEMBELIAN_INVENTORI VALUES('E3nabq','JkK','IG8mZxGUSqTq4s2QlrBS',10799,30435);
INSERT INTO SILUTEL.PEMBELIAN_INVENTORI VALUES('hHcJku','NJuPvGF00','oslYNQBn3ycETanIl1',17093,23045);
INSERT INTO SILUTEL.PEMBELIAN_INVENTORI VALUES('XQjrEq','cwAONkV2zMWRhe','cgRuZe6p0e',20565,12957);
INSERT INTO SILUTEL.PEMBELIAN_INVENTORI VALUES('SWH3WG','KYtPdl7UecWPjB4546Yj','NGS',13735,21527);
INSERT INTO SILUTEL.PEMBELIAN_INVENTORI VALUES('LxxlFn','OC','Qgu8UY',31782,24324);
INSERT INTO SILUTEL.PEMBELIAN_INVENTORI VALUES('mI073C','Hu4HoP6BzENefp','7O1y0Tl0Sxr',21673,6443);
INSERT INTO SILUTEL.PEMBELIAN_INVENTORI VALUES('4NAQQE','rZRnxV','4j04GXFzmMd',16869,28913);
INSERT INTO SILUTEL.PEMBELIAN_INVENTORI VALUES('hyuLJ3','kWW','uCFO14sOGtoLNAL5oDq',23052,28318);
INSERT INTO SILUTEL.PEMBELIAN_INVENTORI VALUES('3t6aY9','DnFlmJgl8uTlE','2iJ21WVFH9FX9',2818,15831);
INSERT INTO SILUTEL.PEMBELIAN_INVENTORI VALUES('z35tgg','K29ILBwKGNHizbsQ5','Znqnhz',2127,26455);
INSERT INTO SILUTEL.PEMBELIAN_INVENTORI VALUES('VQmQmG','rZRnxV','4j04GXFzmMd',22360,26550);
INSERT INTO SILUTEL.PEMBELIAN_INVENTORI VALUES('myeKjH','Ze2s7sHkg','p',8011,12411);
INSERT INTO SILUTEL.PEMBELIAN_INVENTORI VALUES('kUXGrW','rZRnxV','4j04GXFzmMd',22536,4244);
INSERT INTO SILUTEL.PEMBELIAN_INVENTORI VALUES('0wDeIP','DnFlmJgl8uTlE','2iJ21WVFH9FX9',9175,12170);
INSERT INTO SILUTEL.PEMBELIAN_INVENTORI VALUES('YgZd7U','rZRnxV','4j04GXFzmMd',5064,27214);
INSERT INTO SILUTEL.PEMBELIAN_INVENTORI VALUES('VzpS10','celSlie','zA0qnGE2qAQEKmQVot',9934,5530);
INSERT INTO SILUTEL.PEMBELIAN_INVENTORI VALUES('j3RaPf','JkK','IG8mZxGUSqTq4s2QlrBS',11174,30255);
INSERT INTO SILUTEL.PEMBELIAN_INVENTORI VALUES('A1lzvM','jEiH','Kg9BXPKUJVF7KIN',12572,4018);
INSERT INTO SILUTEL.PEMBELIAN_INVENTORI VALUES('JBcXnq','tvZF2LWWDFJiFx1','ipW3gg5lxl9QsdwzdA',99,28276);
INSERT INTO SILUTEL.PEMBELIAN_INVENTORI VALUES('rY1tzi','4UNHdJKHag8E03T43','LvqDuh1eRHqHv7F1fnnU',13981,31432);
INSERT INTO SILUTEL.PEMBELIAN_INVENTORI VALUES('Goo7xk','vC','wgsjb',28551,6715);
INSERT INTO SILUTEL.PEMBELIAN_INVENTORI VALUES('bfZph0','LC29sYV5qE7zxI3','mtLXy7lrV0SwmRuDi7j',26758,506);
INSERT INTO SILUTEL.PEMBELIAN_INVENTORI VALUES('HwDn5M','FbXW7WZ0B','Z',7605,11645);
INSERT INTO SILUTEL.PEMBELIAN_INVENTORI VALUES('moG8rv','9jybR','huQ',12008,22635);
INSERT INTO SILUTEL.PEMBELIAN_INVENTORI VALUES('mI073C','cwAONkV2zMWRhe','cgRuZe6p0e',28967,21153);
INSERT INTO SILUTEL.PEMBELIAN_INVENTORI VALUES('lcUGdL','9jybR','huQ',13026,28551);
INSERT INTO SILUTEL.PEMBELIAN_INVENTORI VALUES('c9WpSZ','celSlie','zA0qnGE2qAQEKmQVot',10847,15415);
INSERT INTO SILUTEL.PEMBELIAN_INVENTORI VALUES('wOzw6q','kWW','uCFO14sOGtoLNAL5oDq',12934,7701);
INSERT INTO SILUTEL.PEMBELIAN_INVENTORI VALUES('gcRJVz','arAEeHaEYlohRTw6q','MaCsY',18012,16608);
INSERT INTO SILUTEL.PEMBELIAN_INVENTORI VALUES('IpnXLy','vC','wgsjb',25599,9079);
INSERT INTO SILUTEL.PEMBELIAN_INVENTORI VALUES('zUASUC','0027bITHhPJ7XAN1z','HWkdoE7EFWk2b2HpH',7740,31897);
INSERT INTO SILUTEL.PEMBELIAN_INVENTORI VALUES('s1HQ6H','ptF','gTSZ28Ix',20500,30099);
INSERT INTO SILUTEL.PEMBELIAN_INVENTORI VALUES('6xNRWW','qL','O1SJnfrWwmCnrx4LE',24877,19738);
INSERT INTO SILUTEL.PEMBELIAN_INVENTORI VALUES('1JesLj','KZqDJ4F2tA','azoVX6u',8761,1243);
INSERT INTO SILUTEL.STAF_MENGGANTI_INVENTORI VALUES('3ElKdX9MZ3Ue','L','ey0q@ui.ac.id','1706-12-22 0:7:26',23977,'1ezyUrwa2fVjCqY1HGMqdKsBYwH0J4U0V4pI6KTrAytScmoN6R3eV0Pbao9SxOZLCnjFlPfyq2lDm99xr7mX5ZOh8nArnouCwWJ7bxAc5PENM93VwomQFEltaPHsL8RJgWwX597S699xqqxhK23T');
INSERT INTO SILUTEL.STAF_MENGGANTI_INVENTORI VALUES('arAEeHaEYlohRTw6q','MaCsY','aosQiByEshunw@foo.bar','1519-11-14 23:1:11',19779,'TP5EcF87jaLwY4FSjaZMuUb8MLco4oy');
INSERT INTO SILUTEL.STAF_MENGGANTI_INVENTORI VALUES('rZRnxV','4j04GXFzmMd','pVDuqF2vMYcaYXtP@foo.bar','1778-06-21 4:36:16',24846,'QBXUYVg9S4HrkSNmcFUECTzipzFYMl0wujR7E8b8O4EttMVckcANtIZ7r5jXuAExqhBr8siNhyFNeWdqjGSK1fG2mcz');
INSERT INTO SILUTEL.STAF_MENGGANTI_INVENTORI VALUES('9jybR','huQ','7ny1ZHCmIGFp1Xia1Z8S@ui.ac.id','1086-01-10 3:21:38',25869,'281wkrtEVuIofykdWWl925Q50W5oXvk58y8tRuByUaaGyfIVUJu084Q3hUQZhliotb4A9pQZ18aKk3yZFHmlAY8Qn1NV8Fx5r2zXlffofoXvGTIQc8rgqtYirtFNirfx4EbJO');
INSERT INTO SILUTEL.STAF_MENGGANTI_INVENTORI VALUES('QaC3i','TvS','pmHnbQz5@lalala.com','1258-06-25 10:2:47',8739,'D2vJtkuvCe3WbzJI2HHL9UY4QAaO57JVCiT2xbOVo2WlBmi9SGj1');
INSERT INTO SILUTEL.STAF_MENGGANTI_INVENTORI VALUES('KZqDJ4F2tA','azoVX6u','V2V1Jw1f2UGZbd2@ui.ac.id','1169-02-07 10:41:57',32617,'lET7RHpqIWnDi3UKNXnydPNVXv61TWCnzcete4MKt5wZwmZYRSJ0DBI1g3plBn1XJ846o2Gge2EsARytL2yaSHiJGZG5XubudKgcXzjuZUW');
INSERT INTO SILUTEL.STAF_MENGGANTI_INVENTORI VALUES('qL','O1SJnfrWwmCnrx4LE','7ny1ZHCmIGFp1Xia1Z8S@ui.ac.id','1832-03-09 3:36:19',22201,'GwWT1VkxFHWf5QiZHiH4LEJaipmuS3CqL4yvhjQxLefXdlAIw');
INSERT INTO SILUTEL.STAF_MENGGANTI_INVENTORI VALUES('wcWzys','9KneHwwlemEbY8MMb','meIxZ8@lalala.com','1318-03-13 11:1:50',1857,'uq8Rj3rAKjxEYjSK5XJRntjLFBA81FLyaqm9bzFk3QnBZ5pRz7SAQw4Vb6KEBlRFSZc1ljYDTjXpEdmd2pEegc1viKFnGPNfv5Bdb');
INSERT INTO SILUTEL.STAF_MENGGANTI_INVENTORI VALUES('KZqDJ4F2tA','azoVX6u','xkVqDjqMjk545YGQ@ui.ac.id','1394-01-28 6:16:55',16446,'GAqx54');
INSERT INTO SILUTEL.STAF_MENGGANTI_INVENTORI VALUES('5tnsxvyFcFGOgD','ChXK3wcPs3LiC7','C9Sf4dGefEM2Zu@lalala.com','1333-05-25 6:14:54',11362,'hgSz36OuP0XG76blQZJMuUw128wxKGMk7bhGY8kMCCPCR2t4tljosb9X8wszPB2yg6V1k5Sq5Fxz1DYBmvKRoJSR3Oqs4qJJT9d5MJ5IHX2ALjl7458B4CruIHG2hLZKzKuUN41DVf6b7fZRGvqADh6jEvZgI9UYCrn3SxTZLK9HEPLgIh8vWcM8FuqjA85406oNR5T');
INSERT INTO SILUTEL.STAF_MENGGANTI_INVENTORI VALUES('0027bITHhPJ7XAN1z','HWkdoE7EFWk2b2HpH','V2V1Jw1f2UGZbd2@ui.ac.id','1134-09-09 9:18:50',31284,'YiqgYG1KbWqbOG8e4zNNJOuJC70kep49LeXRC89CHlGa6n2HP3TAXFl6KxiUsXgJ1PcBKVpmeBitsVcKQKEPUnc5KkGu');
INSERT INTO SILUTEL.STAF_MENGGANTI_INVENTORI VALUES('KZqO18','p4vN0O4FOzmwf','7ny1ZHCmIGFp1Xia1Z8S@ui.ac.id','1702-03-20 18:33:53',27788,'2jLW1yy1tmwERu6nqvqMCgzku3mSuUqRqWZNv7oDyMDfYpgRJKr4ZhDhzkk45mUGwDk37ZDLT0nv6fplgvBPdyzfYvdLZU');
INSERT INTO SILUTEL.STAF_MENGGANTI_INVENTORI VALUES('ti2AseO','UOmUq','ey0q@ui.ac.id','1773-11-09 10:10:59',26818,'538U7okQbptNnznurMdT9mb6Oy22J5');
INSERT INTO SILUTEL.STAF_MENGGANTI_INVENTORI VALUES('KYtPdl7UecWPjB4546Yj','NGS','mWfrUHmy57nElgrsH066@lalala.com','1872-11-05 17:7:27',10683,'dNlPA1YV8UhbXh87bBhiep0CV2ZIkRGUdZNeKocEYZvTlj0CZajVO8C1JVUJF4coBaJwgLw5mZIyMFZ3i1nkWDPFPTlRxCwDvo2bTz7ykFIGYEXIZdbXnoZCw8KQtw2ThCvYZMuAInOc7QqKRbkc8sLdsi859BsgG8osMpJoYyTQPqWwxapPTE1c');
INSERT INTO SILUTEL.STAF_MENGGANTI_INVENTORI VALUES('HdBLMuCm6RgVfHi','GJ0Q75VIGx2Qav0n','aosQiByEshunw@foo.bar','1574-11-15 19:3:17',12351,'fDWEZ9H8UzLJm8CIQvUiFQol2zgWmV1Ugb2uGo6UZRZBG4SKDgSosszpb9odoBz3qMtRLXbBTI5HbEpg7uJEhXjA0ETHY');
INSERT INTO SILUTEL.STAF_MENGGANTI_INVENTORI VALUES('tvZF2LWWDFJiFx1','ipW3gg5lxl9QsdwzdA','meIxZ8@lalala.com','1999-02-19 19:45:18',13676,'5CvbyK1zoDej');
INSERT INTO SILUTEL.STAF_MENGGANTI_INVENTORI VALUES('O6cg5Z8ucS5OSZu6Is','y6Evbp4532zVjm7W8AM','pVDuqF2vMYcaYXtP@foo.bar','1731-03-26 23:8:16',22433,'lRuNw83LQHB1f9ZO0sllOS6QehqDDQood1Xyqmxb9qNNM6Kz');
INSERT INTO SILUTEL.STAF_MENGGANTI_INVENTORI VALUES('NtA5fgH8T','mPmYZ','mWfrUHmy57nElgrsH066@lalala.com','1825-08-26 0:12:27',13978,'piNDGHTFaGaHDmaRn19clwPrqaS8mToa8XCltsH5MikuZiCYLd8GcRM5svKUWltjCxVVVYrRzLvMxuPQUfdhf9pu0boeK1TDnpq0xJORCJmA');
INSERT INTO SILUTEL.STAF_MENGGANTI_INVENTORI VALUES('OupThtfVYKzsN4','mDf7I4LQfHXG36f3','eMGb4PL1GaPF4hhqQ@lalala.com','1233-08-03 7:53:24',17573,'5U0PgcQXo9yVuQtELuH6Z4ZGJktACQG8e9odn5qh0dsQDDKN6MfJa9ZgpGS4LHyviFEsPLLV6REFCv7lpccxwKvCu');
INSERT INTO SILUTEL.STAF_MENGGANTI_INVENTORI VALUES('LC29sYV5qE7zxI3','mtLXy7lrV0SwmRuDi7j','pVDuqF2vMYcaYXtP@foo.bar','1774-05-18 13:50:26',20299,'Wh7NBVW04axWUdYcoEDUVpnBea0gZYYipU4yMCFInCGkybe06Em8pTFSLgjHRiXFaWafpBQ7bXMwVML9GPZx5h8QuBfDfKpMWQZwl97zcsjmHYK0zjpt1CzBmRMIoNOp');
INSERT INTO SILUTEL.STAF_MENGGANTI_INVENTORI VALUES('rQoXFhiPy6PI7m','ozW8A5VwfiVrU74','7ny1ZHCmIGFp1Xia1Z8S@ui.ac.id','1386-05-26 13:37:23',16250,'PZ6X7YmyNXUyBwy0ZggeUyPFfZXKITWJ1dtNDpXGbGmqRFpA');
INSERT INTO SILUTEL.STAF_MENGGANTI_INVENTORI VALUES('NtA5fgH8T','mPmYZ','R2pM@lalala.com','1121-07-14 23:59:5',1398,'STlYD2rZRZKbZrw4otBZGMASGzDP0WVAjJicitq4DBS17BCZqc7rXldfotAADOaibdGygvL2WMBrIX6paE0CYi1xBGdPuSuSwG2p');
INSERT INTO SILUTEL.STAF_MENGGANTI_INVENTORI VALUES('wcWzys','9KneHwwlemEbY8MMb','IXyRwuTK1@ui.ac.id','1874-02-06 7:43:54',15659,'4seKnd2wnI9EzSg4ItCnzc3ELX3hxv1eJrbfW90ca4so9MkQVtwCEi62UbqdVQakZ3PYTc7');
INSERT INTO SILUTEL.STAF_MENGGANTI_INVENTORI VALUES('cwAONkV2zMWRhe','cgRuZe6p0e','5NSaSlE8CQWa@foo.bar','1063-05-19 5:29:56',24536,'iDSKrcsOvXNA9zl0iIXSau3HWv');
INSERT INTO SILUTEL.STAF_MENGGANTI_INVENTORI VALUES('DnFlmJgl8uTlE','2iJ21WVFH9FX9','pVDuqF2vMYcaYXtP@foo.bar','1968-12-17 18:21:59',15078,'YqJJ82q8mLZ7Jopq8JXcMa6SLeyyCpG6CFnHd7CH4ePXhYAs5ylor0Qt9cpPL1w7wkNe2iHPOpW');
INSERT INTO SILUTEL.STAF_MENGGANTI_INVENTORI VALUES('K29ILBwKGNHizbsQ5','Znqnhz','V2V1Jw1f2UGZbd2@ui.ac.id','1850-02-11 20:40:42',25534,'fMQo9Ky9f7ORgzRDL9N3ptiqMeHUhuaqyp1jlAFq4MoM8YPSUFeEly0CC4');
INSERT INTO SILUTEL.STAF_MENGGANTI_INVENTORI VALUES('arAEeHaEYlohRTw6q','MaCsY','knYFMbY@ui.ac.id','1834-12-30 6:49:22',13074,'7d');
INSERT INTO SILUTEL.STAF_MENGGANTI_INVENTORI VALUES('HdBLMuCm6RgVfHi','GJ0Q75VIGx2Qav0n','1z1n0@lalala.com','1968-07-01 12:36:29',17169,'mjw1nmEEyuZE9JuzabIZfcdZaMSA6fYNoyp7RvpxxrDjM6j244I43EiJulmqC9g8mtP1uGJtwbmMrViO7LOcMqUFVjBl4L5xmDZmHiPuQjCVAdj5mtk4BJ5F1l3L2Sj6Gj50gY3GipM9rJMXvHOtgDJxUWmByyGfYDn3pER51y3SbCs5i2oEd');
INSERT INTO SILUTEL.STAF_MENGGANTI_INVENTORI VALUES('O6cg5Z8ucS5OSZu6Is','y6Evbp4532zVjm7W8AM','5NSaSlE8CQWa@foo.bar','1941-08-07 21:26:43',21306,'AjysqWV');
INSERT INTO SILUTEL.STAF_MENGGANTI_INVENTORI VALUES('ptF','gTSZ28Ix','sgwNEXlIFth3Ho@ui.ac.id','1443-04-27 2:26:12',32133,'7xKbIjky18kYdr1Wgf2CVvsYQGcKGDzYQkJ');
INSERT INTO SILUTEL.STAF_MENGGANTI_INVENTORI VALUES('QaC3i','TvS','sgwNEXlIFth3Ho@ui.ac.id','1802-01-17 12:41:11',4718,'hrW5EA5vEYgv9fC5NDjtKXn4N5q8bWwneTg9a0O5ezIzeUB8LeS779krSgYi62b1oiYC9CApcGY9l3XxKZRzl5K0C6UtHQE1E88IqaS3LLgpRgHTtwmKInHt3XldTurnwDc6MlCdY95yNw');
INSERT INTO SILUTEL.STAF_MENGGANTI_INVENTORI VALUES('jEiH','Kg9BXPKUJVF7KIN','mWfrUHmy57nElgrsH066@lalala.com','1031-12-20 12:11:25',28491,'K1vcPcI5qkWhkjzbKzLx6V9HECr9ZNZ9vv1F0k7l');
INSERT INTO SILUTEL.STAF_MENGGANTI_INVENTORI VALUES('kWW','uCFO14sOGtoLNAL5oDq','R2pM@lalala.com','1744-05-04 6:38:11',17056,'XhabdkmizeS30tw95XVJNGXKONgrbTlSJe815A39RT1Gq2ZIpVodG2tD149BbaaA2jrcYR2jJashnRdKURsebaDHzGtchoNvFQ29Lo9oaIhSookTXevKl8xhpM');
INSERT INTO SILUTEL.STAF_MENGGANTI_INVENTORI VALUES('celSlie','zA0qnGE2qAQEKmQVot','ey0q@ui.ac.id','1634-08-23 9:52:48',25021,'SfCCLWrQLi8ZplT273AP3sUwQpx9ftjOQ69oHrerpHf6nFrvYr4MxB5upN2lvbkSuGjrqUfMSa1z6eCcCPvq4e3RZ6q1rj2XQPrImh5ZKwRGDf4jTiL7e0whurcaFcENjKq');
INSERT INTO SILUTEL.STAF_MENGGANTI_INVENTORI VALUES('3ElKdX9MZ3Ue','L','5NSaSlE8CQWa@foo.bar','1050-09-16 4:43:52',10765,'KiorlzyX4Bkoe8u46YnVI83Ma8YrchCeuFtiqk9RlZy19mN1eEv');
INSERT INTO SILUTEL.STAF_MENGGANTI_INVENTORI VALUES('QaC3i','TvS','C9Sf4dGefEM2Zu@lalala.com','1023-09-20 22:38:53',15955,'dd7UJRGgFA1YpWo6VO3EWbWquTG3dvdmjitmPJRzkUsrNlOdxFhkmuHRjxh3vvOiRkKpmspL24izSFnVlL07tD1qWoZYWUDEdouN0e1Yrk5z54CAhzBNTxCG7OOhgsuxTS4iBsLInvSYLd4wPVOf8lVpp6cjmc2wUlhqVbnAlUk0s');
INSERT INTO SILUTEL.STAF_MENGGANTI_INVENTORI VALUES('7nHls1NiV8ri4kk','Wr7nGh31J','pmHnbQz5@lalala.com','1330-03-24 11:18:39',17895,'3jrc6YBiykZNnXLIXTI3IIExvX4GpK9dxo1JRKJ8OgeOfRC5bz9Gq5');
INSERT INTO SILUTEL.STAF_MENGGANTI_INVENTORI VALUES('tvZF2LWWDFJiFx1','ipW3gg5lxl9QsdwzdA','C9Sf4dGefEM2Zu@lalala.com','1555-09-22 15:47:58',2764,'pRZ387bOp1dG0XAFPNT2Lk9DVnfuFoG7PkBYUXgp7zG7sRROrEaHPt93Y1le6FRXaPixTYxelwcXstsleSYJWetyul7A6yXhYXVgSGH0u5oj77KoaSQck1SN2iFwKRw3dkEM');
INSERT INTO SILUTEL.STAF_MENGGANTI_INVENTORI VALUES('cwAONkV2zMWRhe','cgRuZe6p0e','WqlPc@ui.ac.id','1582-02-02 16:34:52',29525,'4Ew0maQtmsQHfdyElgouVReGyE');
INSERT INTO SILUTEL.STAF_MENGGANTI_INVENTORI VALUES('KYtPdl7UecWPjB4546Yj','NGS','V2V1Jw1f2UGZbd2@ui.ac.id','1470-10-08 3:25:29',29672,'CIHhoxx34kSNymkU');
INSERT INTO SILUTEL.STAF_MENGGANTI_INVENTORI VALUES('iImCGxcBhR8SXbr39W','sU3OrzYv','WqlPc@ui.ac.id','1981-12-16 8:48:53',27060,'l43Jbq7yAxa0PMwsAZs4wViB9WtYo');
INSERT INTO SILUTEL.STAF_MENGGANTI_INVENTORI VALUES('5tnsxvyFcFGOgD','ChXK3wcPs3LiC7','pmHnbQz5@lalala.com','1561-05-10 13:1:6',3118,'cJfikYKzmUlk5SfzPkKdUUZhXTuxJxaEyTjCQDslvMtOsWDMhnz2kGrX9hSEuMfBRTLrUfD8wpgEnSrHMG0yLyYrANHox4B0IWTQvKlqnHJ4iL0aXEnugVi98xfrXMr583yyd1Aj9kEQSBGdiwfXh9V2MZKMHx7qnhbPYX9dVwtFSwMv4vIuLhFBS4sfq5TGqk');
INSERT INTO SILUTEL.STAF_MENGGANTI_INVENTORI VALUES('1vHBI1V','2bjknfjUgn2aqluASGZS','knYFMbY@ui.ac.id','1239-10-19 13:45:47',5331,'he8WU7IzB9qYIY1OExgbNLJzLdQYtlKrAMUnigCvdUD92ULFlp0KC');
INSERT INTO SILUTEL.STAF_MENGGANTI_INVENTORI VALUES('KYtPdl7UecWPjB4546Yj','NGS','z18AvImuDqr@ui.ac.id','1796-10-27 15:50:36',27474,'I9CXHRc6DRexyOAvrdAQHUPm89JtaPt8kLv');
INSERT INTO SILUTEL.STAF_MENGGANTI_INVENTORI VALUES('YH1eePL','mDi3RuIrGzcVAH','pyY0OlQI7n@foo.bar','1164-12-19 22:29:45',652,'RIXuz5Ta2PtbNWRnmG9B0UY3wlt20cSbMfvgvIAV2HjvOPGDK5kDB8RPYUl0duJeM2vjmIZmazkjr4Hu1UlPdmREXGBEWsjf0SZb');
INSERT INTO SILUTEL.STAF_MENGGANTI_INVENTORI VALUES('qL','O1SJnfrWwmCnrx4LE','eMGb4PL1GaPF4hhqQ@lalala.com','1119-09-16 9:11:30',26283,'1QbqX7dr7tFYluWYA3wAQosbEb7E1N1pfYWY7OFAI5izRytwAEjcpgWJTej90EgjQXDn9u46EbPkhhRi9X44ju0d5ZxVmUPgm4mNo9C00JJyfNwgNCwimDvOCVQYfplBrsbGhSkerAB4qbDYKybtVZsM5F2nqHlfupKioXLqdEW48LayZHYgK');
INSERT INTO SILUTEL.STAF_MENGGANTI_INVENTORI VALUES('7nHls1NiV8ri4kk','Wr7nGh31J','U@ui.ac.id','1666-03-05 5:23:40',19443,'MSr3MIfIWi5Mb5tmBhrNbMc61tCwbU9mfF6Aqanf30k2F9kBlDqlPplLJJsUQEjcD09kyuya006qHfMNnNbSpkl1RxD3UEHwhOi9FsvUb8Vs4dNaj3CPEZlD8i9XG4cOmQjquqED5iSIlGnMU4M4m');
INSERT INTO SILUTEL.STAF_MENGGANTI_INVENTORI VALUES('0027bITHhPJ7XAN1z','HWkdoE7EFWk2b2HpH','IXyRwuTK1@ui.ac.id','1121-10-04 0:21:9',15591,'e50LvFf6h7CVDBbNNYlIlloYROA069AoYlzQ7qRS2RT86RaMZpUGa16yM7gt1EGC4O1OpsE65O50VQPwbEroxp2YULXxCgNLUIKiJbGwHnDDC1TGBk3LklVGvoaZDtqlyaiHztYZvoWr3C');
INSERT INTO SILUTEL.STAF_MENGGANTI_INVENTORI VALUES('LC29sYV5qE7zxI3','mtLXy7lrV0SwmRuDi7j','eMGb4PL1GaPF4hhqQ@lalala.com','1897-08-15 8:7:23',26448,'3mGrmf7tykphlOy19JJh6aTyMDfvzTF6muIQpu0uemvvOvYKVMsGqjEby76CW');
INSERT INTO SILUTEL.STAF_MENGGANTI_INVENTORI VALUES('jEiH','Kg9BXPKUJVF7KIN','WqlPc@ui.ac.id','1174-08-22 18:15:43',23972,'ianUGsra6jMRuiMlHPjz6TLcM4XM7GsAjX81ECKkHV50JbF5uNYYYyPxMxqRdsKsnO4K3VsoNWflVdVCKMg1fMQ4C4bFqjzjdi48');




