INSERT INTO SILUTEL.USER VALUES('3w9U6xKgA@foo.bar','hFKerw0sO5zDAvWmJTNOR1oPmg','ucsqtRSFEGvjaUPR7wWQ6YNFOm3ln8sf8wFGmsboeGNC6OUYgxB9r0se7LGgz9ieG4VL5QEBfbkDCxOo1Vj','O8Dec5Pq679FvI','IN');
INSERT INTO SILUTEL.USER VALUES('jIfVP9FDszzAnjMdG1@lalala.com','4AE3O7Tz0','qlgQ2wTj31mOB4rDwjbiV9vOTlvmP92ejVy8FSJ6TTfEsfvh40US7Lyu11m7t4HmYoGblnzipTwsESxocGBqQVye9j','yU6','DA');
INSERT INTO SILUTEL.USER VALUES('8uy0d@lalala.com','lAbmJJ5','yHeOXiyOWi8jjpOcRqpTO6oYi8szZsWAh49kz4FMUOtxmq5SZMC8Jo','iGGCjWSIntnLwHsI','LA');
INSERT INTO SILUTEL.USER VALUES('hAwkZKKTDUcnwO@ui.ac.id','KxAxDqRjs0Mvf','j','DXbVtrzF26hfeK0B9','LA');
INSERT INTO SILUTEL.USER VALUES('Mcbvan3Zon5@foo.bar','BcsHswUVrv9u67DtZpc','wscyypLL6sTRqAqyFpFAT5brJimtAKjGOz7Sq5Y0nIjHyy3RRmZZUGTHyYuwpxtEP','WMt1','MG');
INSERT INTO SILUTEL.USER VALUES('JpE6m@foo.bar','9AWCIRD6qiLDNPIgDnakpV','wdWuQtKCwMYVCIA936xR4oATER52EywXJx2HYeyxplkrmwF3pEYf2srGT9tYqyEFS9zscUJujRCJrB27RpJDCcU','p7TOraeAtmF9n2Xgr','IN');
INSERT INTO SILUTEL.USER VALUES('h@foo.bar','C3mMrAyy3ZKZx','E1sLQiDsEJlwLbwYxSuQqq3NaAbOstvLNu6LTfB2ixkOZgD0bZQm8FY','skJBXH0iJ6','IN');
INSERT INTO SILUTEL.USER VALUES('SbdtGY3lJ47sdQ@ui.ac.id','SQrCXPYOGool7','sGMSftzYmvZ2I5DLW4khEFzAjwPGUuDSMrBfK3VnHv4MbL6sOgajf1','BJ33INrphFR1fbB','IN');
INSERT INTO SILUTEL.USER VALUES('bDm1xu9l0Jf9fxA1gF2@lalala.com','M85JoKFqD7yi4','nCZ3WZLkUlCXDEDax6z4GEk807RkpXdkjYRo2TALVjJ','P8wkDjlw','LA');
INSERT INTO SILUTEL.USER VALUES('YLYwT4W4r@lalala.com','5W0aU','QKIPPVoJRMJjIXukusYQfyoRgvdHJJt7Y4JQESDvDouZ9gXm7oVU8Obm5TQZg9qNhhZkx7OI1iWDXCFpAoU','KeVwEx','DA');
INSERT INTO SILUTEL.USER VALUES('qHlqWS3Qkaj@foo.bar','enan3Y2NW1SxK8g','Iux30Zkk1zyuSkCSunUlIF0fAYy8','Y56tS9M3','IN');
INSERT INTO SILUTEL.USER VALUES('rPkuDZ@foo.bar','n3vSd90rD6GREr9jbyt0XJn5PVWXdUAe','g7ZRmqdCodO1LIqluCfo3kj0O','M7','LA');
INSERT INTO SILUTEL.USER VALUES('FheGNvBifCpSYAX32@foo.bar','91fOhW','sO5Cr72JwM565rEGisVvEgCLUn152j5h9MHAlX6cLVmjl0HyLNmnXZLLSeepUAOfN9Zk2XhyqRv','2v6X6WeW2Qzr','LA');
INSERT INTO SILUTEL.USER VALUES('8PiwouJO4zo3IRIloQ9@ui.ac.id','DlC56h1yXfnB10gzEfDt0R9pDK6YalBY','dHWH9jBf0XKlYy5RfxjreQjVxGY1ObbDkHrJNnWgnUPyBkpLR4w9oeJeySIYAvvpxgmC6ppiK3PMWMO1jRvsaVBtEGi4Q','DHt','LA');
INSERT INTO SILUTEL.USER VALUES('tUZLLcDvahkhg@lalala.com','ywXl1uVfYJO3d6OTCzvKqZs','5f16Tq4Gp6bsF48ikMA4t9cfK7EOcLSuBm9uNUyW','h4Txn1AftvY','DA');
INSERT INTO SILUTEL.USER VALUES('YQ1eZ2Zjq5Jyk@foo.bar','Stf92uRwPo2sNwbtEKZNNX2y9AlYru','tfJuXqE00Xu3q6Q97R8TlF1ThvnlDt7nkmMTpKp15eAnqqpKPpWso1TucG61i8Wx7McC9hnuCTvvAs2ZR7DIc8CZFqm5zNy','S9vmzeBfL5DPwyO2','IN');
INSERT INTO SILUTEL.USER VALUES('NvyWkmZI0@lalala.com','P0MCtyMR4xVFgR6zucRs015SWFoRMa','O3sIBaGWcIJStaudCBcyxIPqhFl4i6ouVVBxetC5','4ZMjAVcgmzXt7SU','IN');
INSERT INTO SILUTEL.USER VALUES('7z4qP@ui.ac.id','aNLK833MNk','P9lGZO3tB9izjUV3D4nCKA0mQWU8diemgWyXQrpZkxC1mXDZLrQbyjchoS61ok7RIBzShNOZXlcSa5b0','s6J','LA');
INSERT INTO SILUTEL.USER VALUES('bptR@foo.bar','lFkGHEhFkE4DfXx3375tJJ14umb4ZgY','6scrbqIHYe0VsmAeViUc5aDF','1N8JyiKpll65','IN');
INSERT INTO SILUTEL.USER VALUES('sIjlDdoANTWkFlaqanUw@ui.ac.id','8uZ4NdeSQz8NnD3zam6UYzHJz','XgqhDedg5WwPBH3CaP65vX1jPnEBrY7moDHjfP5fci3VlPY0uxIvQwsBLFzgttd5HrjIjYdBRbbTQlHl4s3cMHxDc','YR','IN');
INSERT INTO SILUTEL.USER VALUES('BysizVLw1BUeEe@lalala.com','siL','34g91tCem','OTPH1QJ','LA');
INSERT INTO SILUTEL.USER VALUES('9H@ui.ac.id','he0MmIFWaAulbOjdJUEMSzsrMsr9aT','dqF8bAOeAej0kg8SqJbOOIHeCoNTQ1Jp2vbFD3Ns','prIu6sG43A7aVNef','LA');
INSERT INTO SILUTEL.USER VALUES('02Y@ui.ac.id','BtgGNtOGxcj8GDyztw184F5P','8mS1lHuReO9XrPwH6Y0G4lGM2QSeqHpfZpTHoEYAo1Iok3wtyaucbDxr2GEH3gfPWNtJ3Mu87W1QgfvSGU','kGfgCrzGgDFi3LMeNxNx','IN');
INSERT INTO SILUTEL.USER VALUES('VumMWlsZuZPg@lalala.com','YVb','5pQaqvjXGNbUHigRRu3ZRWxI3uESUxDbyiFBE4uGmC7svMkg33NlyHSTOfdTmUS6LYee5whGzoYq5gO3U7esChYYMx','jQIM9d7zbBUHfd4zOL','LA');
INSERT INTO SILUTEL.USER VALUES('xznAXBSfa@ui.ac.id','b1','OdL5jet1xeXxoIjPalT4vVhpJ2TTSXheADKbkD3ErgZZYCyBOPN43zOaO2CmOGcsOR3wkyjk','1qp9vRb4DS','IN');
INSERT INTO SILUTEL.USER VALUES('OzZI3km9WYRSH@foo.bar','I0Q4QrbbasjuSXP','GerZKTg2szlyRMQ4CoiaeHbYoNgV0vdd2lg8McSnyUpl84AkJnE1aRhAJulcDpabHD','idTHqFKvx9','LA');
INSERT INTO SILUTEL.USER VALUES('pPHsnliBH@ui.ac.id','fgKsaT2pNaBsR3QGjhXuI','NT9xnU7hnF17gt4cHtVdobxanFx6UCVcPSFHw60q0UTG','QfxrY','IN');
INSERT INTO SILUTEL.USER VALUES('Ckr9PSUeGIc@lalala.com','tfzB7lmolwAV12qONB1hI','tFf2CmX8tUwbK9yZJyjpBTGU5YFvDP2aIHAMDXHpMcut8GtzstykDPS7l6G8U9Faq0Djfj1l7TegX4NFwHzF6Bbcu9mz6mW','DX4xGnfW4nV','IN');
INSERT INTO SILUTEL.USER VALUES('6XgoVP8@lalala.com','OYTMcftu7PmsEU','SES3ot8pcSjs3bQYfxecwRivJPSOVU9oXL2AC9nuqO1ajAsrYdE4s5gMC4JDSNpRc2N','n4MflqF0o','LA');
INSERT INTO SILUTEL.USER VALUES('dspBSfhEw1Rw@foo.bar','9pElcjQxLt9FlsZ3MkDFvu7qPDshpp','MIPp5nENux1uomxMb7OlGuGht4xit9jP7oIgQN1EIzMfwCptLiYkHAqhI65iJnoKI8GArl9YS0oqAb1qKvwjN6E1ZdnADXNwQT','SUGi','IN');
INSERT INTO SILUTEL.USER VALUES('IM4NJRB50nVN9Td9nnF@foo.bar','qeyz3yMXZH0OF90s01oKhImXSx6ZCmQ','FuYvYorlzjiAEtYZ3daKUO4JzmbDn5E1B4lusrcjltLKUtxKXA6QTVEKQy7J0P9H0','8bZCT19cW','IN');
INSERT INTO SILUTEL.USER VALUES('obt56AA4MEk@foo.bar','Tm','qLOMmJtFX8a4MgyE96LlFwfhb9LDrw5Xd2peRRtG3kUlsohQ8MGE1BGxhX','YaCxbX','DA');
INSERT INTO SILUTEL.USER VALUES('zXnL1Yv@lalala.com','quoV5eN75urnKf2aeRNRX','92F9fu0rnHsr41JgF6OYpJ8ys4z1cI8jZhVNxRxDqpYKmScrJquOZ2EfyHCj4E1f','81zQF6R4aGpd','IN');
INSERT INTO SILUTEL.USER VALUES('iBktM@lalala.com','DTyPsJuFcmtEgVhfZHwAB30TR','NzEMP9nZeh4c4Sr973iIfTPRQ6o0VmqiqSWMwbFnKN1R722ZzZAD5taOh8L145Cn','pxIrvAyAaM','LA');
INSERT INTO SILUTEL.USER VALUES('P8M2D3ffirRGVazZZj@foo.bar','nfRuaI6T4','KrUJFQJqQgWDmuAUqjTgNh8ax2ffmyniOUGmLny9','j','LA');
INSERT INTO SILUTEL.USER VALUES('wjbhyOxR8wxs@ui.ac.id','xrpaP5zuVrpLCPFPZjTc6fQvyVN1gm','fXxkJWGlbKuywu7E9','oFM','LA');
INSERT INTO SILUTEL.USER VALUES('u8YEKw@foo.bar','gv9la9uKbkESCwddwaUGjwa0Kg','UmPPdLYNWrced65KoGVSkWS9SXMR1zn5kS6y9jN4RJYiFGFmtNq0BE41vjKydw1sc5dB','00LtYdFQOPbEcD8xAKh','DA');
INSERT INTO SILUTEL.USER VALUES('9CcEeXXCM0RBYbairI@foo.bar','vnONuiybzc9FRRyWnTUx','oncHvFj70VqX5lfT0zsXYPa1zVENUwU6nZHgjfW0qCOwUO5xNMmy0lQ9yL6','RMtfoKW5f3Yj','IN');
INSERT INTO SILUTEL.USER VALUES('oX9L3@ui.ac.id','onD3uTSytg5wqYBSFBkatQcyQMT','uA9YqepaeMj3SzEx1vBnTAHGGBvj14bgmjTo5EkJQ2kird4dX','5qexST','IN');
INSERT INTO SILUTEL.USER VALUES('wAs3@lalala.com','C62VynRQPOY49wrXq97','GuR1sUGkg3QUk7D','Vwb65WhFl9m1jSICQlms','LA');
INSERT INTO SILUTEL.USER VALUES('n6hk0y9iXrmJQJhYK10@lalala.com','6jHYdGEh6rNLbhFoGrgR8Qi5jEe0KL2v','RdC7RT2WQzC07aYfEqrj7Ro1kN8aUj7vS4noA7Ajhosy1xR','9dAzYnihhS8af57G','IN');
INSERT INTO SILUTEL.USER VALUES('szhETeAw0@lalala.com','Cf','eUyGCTZUCpg4z3xr2uc9jIv2OPrdCBBIX2T','VBXvoDTOMA','MG');
INSERT INTO SILUTEL.USER VALUES('kZFu5YpgC@ui.ac.id','vQJSQb4amtPJoXUovviWciEkAP55OjDW','51OgkvKqcAYEX9wAkgydbrg3PzGjTdWDcXQSuj6I8pyiQW1kZqZrTpXYXVSK8LKR0Odd28TfzotCSHjF658O5','i1piZXenlvBQ83Exi','IN');
INSERT INTO SILUTEL.USER VALUES('x6@ui.ac.id','TktxJR5iX9tC7lEy','1D74pUU2yACJXqYKpjAXE73pTEVx9Iti8tlzZXayzE7p','4Rkf6LJJnlOkkZZbxX','LA');
INSERT INTO SILUTEL.USER VALUES('icF@lalala.com','egircUP1rYUmTxgUzGcXN2eEBtgW8Lqbx0K','2RPmuuR9kUpJ0Yg0BjkMIrswYpv1287LrPXvOAHhcSFrc','F8','IN');
INSERT INTO SILUTEL.USER VALUES('aaEx2yGv5Nvqj@lalala.com','w3tGpXyWRz2','VDKrDPKQEhV1gBUZXRwKiEek8zuaHybeE17I1kL3P35','wM18A1umiCDKsB46wN','LA');
INSERT INTO SILUTEL.USER VALUES('K7eakxSuB01YNLOzDnxV@lalala.com','0WLngxP5qP','qGHTZWsa68','fOyIYT41xZ','LA');
INSERT INTO SILUTEL.USER VALUES('TqyFfnMxvjBfRA31p@lalala.com','rOpHv0vCAx4R92RiPXmbYUf12WC4y0J','esI','LUIvdffN0fDsq','DA');
INSERT INTO SILUTEL.USER VALUES('0KM@foo.bar','KU6hTtLkCOY5w8dTSZzOZ','oyJGbN6UWQHlee6wJCMBvHTHoq7qCvFOzexgqZh7QirLukPzO9r6lRKKaLHdUJaAOhO','SP','LA');
INSERT INTO SILUTEL.USER VALUES('Xk1yq@foo.bar','Tn','ylWuezT1gbPUgiAffzw1ROgHmx0SD61QfXlsMEcao4TBsCXNNZqKe9kGQFZfU8vUq5BF3','0wDPnJ','IN');
INSERT INTO SILUTEL.USER VALUES('iRKZw@foo.bar','s19N8cRybgOY1ae','betZ0lFDZkQ','HWyBrqCM','DA');
INSERT INTO SILUTEL.USER VALUES('LsTxvmhGYey@lalala.com','43q2','liTtIbzUwtOFxRLUJs','aw2qnmy4a5jrOCUODP','LA');
INSERT INTO SILUTEL.USER VALUES('CYLAiQrY@lalala.com','PwavH0Y','rFnQHjISFlRpoSWdQOdfD2hWuPHI6mOpjbu6RCoSutet5WpfP29nQbkIZyGF4bNztZP1','Pu1yYWLpcbCvXdY','LA');
INSERT INTO SILUTEL.USER VALUES('zHIEIdS@lalala.com','efcwXWKUt5S053bnf','ybyhJf2M819bsO99H3HrAVFUAo493MER7BVBEEJ9lILRpx9NnbekEYEiLMhd6cWYm39X4','ZyIMkJSciN','LA');
INSERT INTO SILUTEL.USER VALUES('EbBVOZ9cS7yl4Pw@ui.ac.id','WlT8awn3t','2oNdinuKd','gcHWR75LpqlGR','LA');
INSERT INTO SILUTEL.USER VALUES('RiAxn@foo.bar','wfbswd6mXllMIfsfpaLwf65NN8','hRFWzlrjMLQ0p21geugpk5hxJRevTqew2gVL2j1BhHsCK','uKlBOC1','LA');
INSERT INTO SILUTEL.USER VALUES('ppGsD9JSeW9oQqriEod@lalala.com','iBvmu0ZCmkMx4f','tqxCBMnVA7A2','uTTgwwazaye8YloJ','IN');
INSERT INTO SILUTEL.USER VALUES('UXeSsAnjyxQZA9VDz@ui.ac.id','cP0F0RC9TJb3J4D7D','7aB94YKvywqOJeOcyT9BcqMWbaQ024DIO4rP8BnFLYLHMMWlnq3OWbwm7cucWHyhhpGm3H847V0U2','VerNO6JHP8fED4','IN');
INSERT INTO SILUTEL.USER VALUES('SBQfwYvM1iA@lalala.com','JhOXru6kMRuekXcy1N3d5wh0F','I2nFQ7nXSkzGO1riMAVQIGzubEjt0Snf8PkRDn','Tn2','DA');
INSERT INTO SILUTEL.USER VALUES('yEktRp0nsEpodfo6@lalala.com','whhMPYZRhLY1kiGdT2QUAqwXet7zWSH','SJKdCBmPaGuT8NjlankCbQYt9zcldqZogzigXqPp8cypf2JCFDRK8XkFWYgVWMtCYYYTHbHo','HzX67u','IN');
INSERT INTO SILUTEL.USER_TELEPON VALUES('0KM@foo.bar','3599914906138736655');
INSERT INTO SILUTEL.USER_TELEPON VALUES('LsTxvmhGYey@lalala.com','3351');
INSERT INTO SILUTEL.USER_TELEPON VALUES('NvyWkmZI0@lalala.com','88881194596476609');
INSERT INTO SILUTEL.USER_TELEPON VALUES('YQ1eZ2Zjq5Jyk@foo.bar','8235484422130');
INSERT INTO SILUTEL.USER_TELEPON VALUES('bptR@foo.bar','284926');
INSERT INTO SILUTEL.USER_TELEPON VALUES('hAwkZKKTDUcnwO@ui.ac.id','2826');
INSERT INTO SILUTEL.USER_TELEPON VALUES('SbdtGY3lJ47sdQ@ui.ac.id','04');
INSERT INTO SILUTEL.USER_TELEPON VALUES('7z4qP@ui.ac.id','65749862');
INSERT INTO SILUTEL.USER_TELEPON VALUES('BysizVLw1BUeEe@lalala.com','6687720');
INSERT INTO SILUTEL.USER_TELEPON VALUES('x6@ui.ac.id','582302896003314');
INSERT INTO SILUTEL.USER_TELEPON VALUES('tUZLLcDvahkhg@lalala.com','6737570958152637184');
INSERT INTO SILUTEL.USER_TELEPON VALUES('TqyFfnMxvjBfRA31p@lalala.com','06');
INSERT INTO SILUTEL.USER_TELEPON VALUES('n6hk0y9iXrmJQJhYK10@lalala.com','903832626656852558');
INSERT INTO SILUTEL.USER_TELEPON VALUES('Xk1yq@foo.bar','7');
INSERT INTO SILUTEL.USER_TELEPON VALUES('xznAXBSfa@ui.ac.id','932660301454276842');
INSERT INTO SILUTEL.USER_TELEPON VALUES('JpE6m@foo.bar','0220222064885672732');
INSERT INTO SILUTEL.USER_TELEPON VALUES('yEktRp0nsEpodfo6@lalala.com','386549463636');
INSERT INTO SILUTEL.USER_TELEPON VALUES('P8M2D3ffirRGVazZZj@foo.bar','69774362732626946306');
INSERT INTO SILUTEL.USER_TELEPON VALUES('ppGsD9JSeW9oQqriEod@lalala.com','12351');
INSERT INTO SILUTEL.USER_TELEPON VALUES('szhETeAw0@lalala.com','833885243030815689');
INSERT INTO SILUTEL.USER_TELEPON VALUES('wjbhyOxR8wxs@ui.ac.id','61563141781280259913');
INSERT INTO SILUTEL.USER_TELEPON VALUES('K7eakxSuB01YNLOzDnxV@lalala.com','0828039584196083344');
INSERT INTO SILUTEL.USER_TELEPON VALUES('wAs3@lalala.com','824524');
INSERT INTO SILUTEL.USER_TELEPON VALUES('kZFu5YpgC@ui.ac.id','156165788775595');
INSERT INTO SILUTEL.USER_TELEPON VALUES('dspBSfhEw1Rw@foo.bar','4533');
INSERT INTO SILUTEL.USER_TELEPON VALUES('u8YEKw@foo.bar','57373306816');
INSERT INTO SILUTEL.USER_TELEPON VALUES('9H@ui.ac.id','2');
INSERT INTO SILUTEL.USER_TELEPON VALUES('jIfVP9FDszzAnjMdG1@lalala.com','5617916944646115589');
INSERT INTO SILUTEL.USER_TELEPON VALUES('6XgoVP8@lalala.com','526');
INSERT INTO SILUTEL.USER_TELEPON VALUES('IM4NJRB50nVN9Td9nnF@foo.bar','46386162105');
INSERT INTO SILUTEL.USER_TELEPON VALUES('yEktRp0nsEpodfo6@lalala.com','7865951');
INSERT INTO SILUTEL.USER_TELEPON VALUES('Ckr9PSUeGIc@lalala.com','1');
INSERT INTO SILUTEL.USER_TELEPON VALUES('YLYwT4W4r@lalala.com','9029379235349590');
INSERT INTO SILUTEL.USER_TELEPON VALUES('RiAxn@foo.bar','3093905');
INSERT INTO SILUTEL.USER_TELEPON VALUES('aaEx2yGv5Nvqj@lalala.com','2064095');
INSERT INTO SILUTEL.USER_TELEPON VALUES('qHlqWS3Qkaj@foo.bar','3462');
INSERT INTO SILUTEL.USER_TELEPON VALUES('wjbhyOxR8wxs@ui.ac.id','53100819345');
INSERT INTO SILUTEL.USER_TELEPON VALUES('iBktM@lalala.com','026110249207790');
INSERT INTO SILUTEL.USER_TELEPON VALUES('bDm1xu9l0Jf9fxA1gF2@lalala.com','7878');
INSERT INTO SILUTEL.USER_TELEPON VALUES('OzZI3km9WYRSH@foo.bar','1583709718');
INSERT INTO SILUTEL.USER_TELEPON VALUES('Ckr9PSUeGIc@lalala.com','7600280876801');
INSERT INTO SILUTEL.USER_TELEPON VALUES('02Y@ui.ac.id','4');
INSERT INTO SILUTEL.USER_TELEPON VALUES('EbBVOZ9cS7yl4Pw@ui.ac.id','60');
INSERT INTO SILUTEL.USER_TELEPON VALUES('Mcbvan3Zon5@foo.bar','83641094514219');
INSERT INTO SILUTEL.USER_TELEPON VALUES('pPHsnliBH@ui.ac.id','8490');
INSERT INTO SILUTEL.USER_TELEPON VALUES('CYLAiQrY@lalala.com','469832581');
INSERT INTO SILUTEL.USER_TELEPON VALUES('u8YEKw@foo.bar','8031415');
INSERT INTO SILUTEL.USER_TELEPON VALUES('sIjlDdoANTWkFlaqanUw@ui.ac.id','7023199723');
INSERT INTO SILUTEL.USER_TELEPON VALUES('oX9L3@ui.ac.id','6030607764378');
INSERT INTO SILUTEL.USER_TELEPON VALUES('rPkuDZ@foo.bar','95418');
INSERT INTO SILUTEL.USER_TELEPON VALUES('CYLAiQrY@lalala.com','1092754362');
INSERT INTO SILUTEL.USER_TELEPON VALUES('zXnL1Yv@lalala.com','2778159');
INSERT INTO SILUTEL.USER_TELEPON VALUES('8uy0d@lalala.com','4016');
INSERT INTO SILUTEL.USER_TELEPON VALUES('iBktM@lalala.com','16947835385828');
INSERT INTO SILUTEL.USER_TELEPON VALUES('UXeSsAnjyxQZA9VDz@ui.ac.id','42084833209985320612');
INSERT INTO SILUTEL.USER_TELEPON VALUES('P8M2D3ffirRGVazZZj@foo.bar','655742919497923342');
INSERT INTO SILUTEL.USER_TELEPON VALUES('iRKZw@foo.bar','8351662997638916142');
INSERT INTO SILUTEL.USER_TELEPON VALUES('VumMWlsZuZPg@lalala.com','426873852083');
INSERT INTO SILUTEL.USER_TELEPON VALUES('h@foo.bar','565761353943886306');
INSERT INTO SILUTEL.USER_TELEPON VALUES('icF@lalala.com','79041724022245818057');
INSERT INTO SILUTEL.USER_TELEPON VALUES('obt56AA4MEk@foo.bar','302068846443766');
INSERT INTO SILUTEL.USER_TELEPON VALUES('zHIEIdS@lalala.com','36756966661');
INSERT INTO SILUTEL.USER_TELEPON VALUES('K7eakxSuB01YNLOzDnxV@lalala.com','583512131574442228');
INSERT INTO SILUTEL.USER_TELEPON VALUES('SBQfwYvM1iA@lalala.com','7127358');
INSERT INTO SILUTEL.USER_TELEPON VALUES('FheGNvBifCpSYAX32@foo.bar','28537184074496');
INSERT INTO SILUTEL.USER_TELEPON VALUES('8PiwouJO4zo3IRIloQ9@ui.ac.id','7914406090222');
INSERT INTO SILUTEL.USER_TELEPON VALUES('3w9U6xKgA@foo.bar','996');
INSERT INTO SILUTEL.USER_TELEPON VALUES('8PiwouJO4zo3IRIloQ9@ui.ac.id','3535071165320188');
INSERT INTO SILUTEL.USER_TELEPON VALUES('8uy0d@lalala.com','670338408137902104');
INSERT INTO SILUTEL.USER_TELEPON VALUES('9CcEeXXCM0RBYbairI@foo.bar','097291952955007898');
INSERT INTO SILUTEL.STAF_LAUNDRY VALUES('bDm1xu9l0Jf9fxA1gF2@lalala.com',17914);
INSERT INTO SILUTEL.STAF_LAUNDRY VALUES('OzZI3km9WYRSH@foo.bar',5659);
INSERT INTO SILUTEL.STAF_LAUNDRY VALUES('wAs3@lalala.com',470);
INSERT INTO SILUTEL.STAF_LAUNDRY VALUES('P8M2D3ffirRGVazZZj@foo.bar',2780);
INSERT INTO SILUTEL.STAF_LAUNDRY VALUES('rPkuDZ@foo.bar',19750);
INSERT INTO SILUTEL.STAF_LAUNDRY VALUES('RiAxn@foo.bar',9550);
INSERT INTO SILUTEL.STAF_LAUNDRY VALUES('0KM@foo.bar',11913);
INSERT INTO SILUTEL.STAF_LAUNDRY VALUES('hAwkZKKTDUcnwO@ui.ac.id',16376);
INSERT INTO SILUTEL.STAF_LAUNDRY VALUES('6XgoVP8@lalala.com',26253);
INSERT INTO SILUTEL.STAF_LAUNDRY VALUES('LsTxvmhGYey@lalala.com',14945);
INSERT INTO SILUTEL.STAF_LAUNDRY VALUES('iBktM@lalala.com',22921);
INSERT INTO SILUTEL.STAF_LAUNDRY VALUES('9H@ui.ac.id',27966);
INSERT INTO SILUTEL.STAF_LAUNDRY VALUES('FheGNvBifCpSYAX32@foo.bar',7690);
INSERT INTO SILUTEL.STAF_LAUNDRY VALUES('VumMWlsZuZPg@lalala.com',23566);
INSERT INTO SILUTEL.STAF_LAUNDRY VALUES('zHIEIdS@lalala.com',19957);
INSERT INTO SILUTEL.STAF_LAUNDRY VALUES('aaEx2yGv5Nvqj@lalala.com',7705);
INSERT INTO SILUTEL.STAF_LAUNDRY VALUES('K7eakxSuB01YNLOzDnxV@lalala.com',20867);
INSERT INTO SILUTEL.STAF_LAUNDRY VALUES('wjbhyOxR8wxs@ui.ac.id',11379);
INSERT INTO SILUTEL.STAF_LAUNDRY VALUES('BysizVLw1BUeEe@lalala.com',2333);
INSERT INTO SILUTEL.STAF_LAUNDRY VALUES('EbBVOZ9cS7yl4Pw@ui.ac.id',9590);
INSERT INTO SILUTEL.STAF_LAUNDRY VALUES('7z4qP@ui.ac.id',30884);
INSERT INTO SILUTEL.STAF_LAUNDRY VALUES('x6@ui.ac.id',13269);
INSERT INTO SILUTEL.STAF_LAUNDRY VALUES('8PiwouJO4zo3IRIloQ9@ui.ac.id',31052);
INSERT INTO SILUTEL.STAF_LAUNDRY VALUES('CYLAiQrY@lalala.com',31174);
INSERT INTO SILUTEL.STAF_LAUNDRY VALUES('8uy0d@lalala.com',10761);
INSERT INTO SILUTEL.STAF_INVENTORI_KAMAR VALUES('ppGsD9JSeW9oQqriEod@lalala.com',7096);
INSERT INTO SILUTEL.STAF_INVENTORI_KAMAR VALUES('oX9L3@ui.ac.id',31449);
INSERT INTO SILUTEL.STAF_INVENTORI_KAMAR VALUES('zXnL1Yv@lalala.com',7440);
INSERT INTO SILUTEL.STAF_INVENTORI_KAMAR VALUES('icF@lalala.com',25224);
INSERT INTO SILUTEL.STAF_INVENTORI_KAMAR VALUES('dspBSfhEw1Rw@foo.bar',5335);
INSERT INTO SILUTEL.STAF_INVENTORI_KAMAR VALUES('Xk1yq@foo.bar',7165);
INSERT INTO SILUTEL.STAF_INVENTORI_KAMAR VALUES('JpE6m@foo.bar',14593);
INSERT INTO SILUTEL.STAF_INVENTORI_KAMAR VALUES('YQ1eZ2Zjq5Jyk@foo.bar',26872);
INSERT INTO SILUTEL.STAF_INVENTORI_KAMAR VALUES('UXeSsAnjyxQZA9VDz@ui.ac.id',174);
INSERT INTO SILUTEL.STAF_INVENTORI_KAMAR VALUES('qHlqWS3Qkaj@foo.bar',16996);
INSERT INTO SILUTEL.STAF_INVENTORI_KAMAR VALUES('Ckr9PSUeGIc@lalala.com',26106);
INSERT INTO SILUTEL.STAF_INVENTORI_KAMAR VALUES('sIjlDdoANTWkFlaqanUw@ui.ac.id',4969);
INSERT INTO SILUTEL.STAF_INVENTORI_KAMAR VALUES('IM4NJRB50nVN9Td9nnF@foo.bar',31570);
INSERT INTO SILUTEL.STAF_INVENTORI_KAMAR VALUES('bptR@foo.bar',13345);
INSERT INTO SILUTEL.STAF_INVENTORI_KAMAR VALUES('9CcEeXXCM0RBYbairI@foo.bar',10348);
INSERT INTO SILUTEL.STAF_INVENTORI_KAMAR VALUES('3w9U6xKgA@foo.bar',8681);
INSERT INTO SILUTEL.STAF_INVENTORI_KAMAR VALUES('kZFu5YpgC@ui.ac.id',28993);
INSERT INTO SILUTEL.STAF_INVENTORI_KAMAR VALUES('pPHsnliBH@ui.ac.id',32382);
INSERT INTO SILUTEL.STAF_INVENTORI_KAMAR VALUES('NvyWkmZI0@lalala.com',17106);
INSERT INTO SILUTEL.STAF_INVENTORI_KAMAR VALUES('n6hk0y9iXrmJQJhYK10@lalala.com',27372);
INSERT INTO SILUTEL.STAF_INVENTORI_KAMAR VALUES('yEktRp0nsEpodfo6@lalala.com',28450);
INSERT INTO SILUTEL.STAF_INVENTORI_KAMAR VALUES('xznAXBSfa@ui.ac.id',5576);
INSERT INTO SILUTEL.STAF_INVENTORI_KAMAR VALUES('SbdtGY3lJ47sdQ@ui.ac.id',10712);
INSERT INTO SILUTEL.STAF_INVENTORI_KAMAR VALUES('h@foo.bar',30936);
INSERT INTO SILUTEL.STAF_INVENTORI_KAMAR VALUES('02Y@ui.ac.id',13395);
INSERT INTO SILUTEL.LAUNDRY_STAF_LAUNDRY VALUES('x6@ui.ac.id','2016-05-28 4:5:25',0);
INSERT INTO SILUTEL.LAUNDRY_STAF_LAUNDRY VALUES('LsTxvmhGYey@lalala.com','2016-04-23 1:59:24',0);
INSERT INTO SILUTEL.LAUNDRY_STAF_LAUNDRY VALUES('OzZI3km9WYRSH@foo.bar','2016-05-14 10:12:3',0);
INSERT INTO SILUTEL.LAUNDRY_STAF_LAUNDRY VALUES('x6@ui.ac.id','2016-05-06 19:20:20',0);
INSERT INTO SILUTEL.LAUNDRY_STAF_LAUNDRY VALUES('aaEx2yGv5Nvqj@lalala.com','2016-05-12 1:3:6',0);
INSERT INTO SILUTEL.LAUNDRY_STAF_LAUNDRY VALUES('wjbhyOxR8wxs@ui.ac.id','2016-04-16 19:43:30',0);
INSERT INTO SILUTEL.LAUNDRY_STAF_LAUNDRY VALUES('iBktM@lalala.com','2016-05-08 10:1:20',0);
INSERT INTO SILUTEL.LAUNDRY_STAF_LAUNDRY VALUES('iBktM@lalala.com','2016-05-10 20:18:7',0);
INSERT INTO SILUTEL.LAUNDRY_STAF_LAUNDRY VALUES('7z4qP@ui.ac.id','2016-04-18 23:37:47',0);
INSERT INTO SILUTEL.LAUNDRY_STAF_LAUNDRY VALUES('wjbhyOxR8wxs@ui.ac.id','2016-04-17 10:18:58',0);
INSERT INTO SILUTEL.LAUNDRY_STAF_LAUNDRY VALUES('P8M2D3ffirRGVazZZj@foo.bar','2016-05-22 17:1:16',0);
INSERT INTO SILUTEL.LAUNDRY_STAF_LAUNDRY VALUES('9H@ui.ac.id','2016-05-30 6:7:52',0);
INSERT INTO SILUTEL.LAUNDRY_STAF_LAUNDRY VALUES('VumMWlsZuZPg@lalala.com','2016-04-25 14:29:16',0);
INSERT INTO SILUTEL.LAUNDRY_STAF_LAUNDRY VALUES('wjbhyOxR8wxs@ui.ac.id','2016-05-27 22:56:6',0);
INSERT INTO SILUTEL.LAUNDRY_STAF_LAUNDRY VALUES('7z4qP@ui.ac.id','2016-05-06 0:59:47',0);
INSERT INTO SILUTEL.LAUNDRY_STAF_LAUNDRY VALUES('bDm1xu9l0Jf9fxA1gF2@lalala.com','2016-05-10 7:6:59',0);
INSERT INTO SILUTEL.LAUNDRY_STAF_LAUNDRY VALUES('6XgoVP8@lalala.com','2016-05-22 8:14:19',0);
INSERT INTO SILUTEL.LAUNDRY_STAF_LAUNDRY VALUES('iBktM@lalala.com','2016-05-02 14:2:43',0);
INSERT INTO SILUTEL.LAUNDRY_STAF_LAUNDRY VALUES('CYLAiQrY@lalala.com','2016-05-02 5:38:16',0);
INSERT INTO SILUTEL.LAUNDRY_STAF_LAUNDRY VALUES('0KM@foo.bar','2016-04-26 1:48:43',0);
INSERT INTO SILUTEL.LAUNDRY_STAF_LAUNDRY VALUES('0KM@foo.bar','2016-04-25 14:48:36',0);
INSERT INTO SILUTEL.LAUNDRY_STAF_LAUNDRY VALUES('hAwkZKKTDUcnwO@ui.ac.id','2016-04-04 8:22:29',0);
INSERT INTO SILUTEL.LAUNDRY_STAF_LAUNDRY VALUES('VumMWlsZuZPg@lalala.com','2016-04-09 15:29:8',0);
INSERT INTO SILUTEL.LAUNDRY_STAF_LAUNDRY VALUES('0KM@foo.bar','2016-05-04 5:52:28',0);
INSERT INTO SILUTEL.LAUNDRY_STAF_LAUNDRY VALUES('x6@ui.ac.id','2016-04-08 7:41:42',0);
INSERT INTO SILUTEL.LAUNDRY_STAF_LAUNDRY VALUES('RiAxn@foo.bar','2016-05-28 1:53:48',0);
INSERT INTO SILUTEL.LAUNDRY_STAF_LAUNDRY VALUES('9H@ui.ac.id','2016-04-12 15:21:56',0);
INSERT INTO SILUTEL.LAUNDRY_STAF_LAUNDRY VALUES('rPkuDZ@foo.bar','2016-05-26 10:15:52',0);
INSERT INTO SILUTEL.LAUNDRY_STAF_LAUNDRY VALUES('K7eakxSuB01YNLOzDnxV@lalala.com','2016-05-19 11:45:47',0);
INSERT INTO SILUTEL.LAUNDRY_STAF_LAUNDRY VALUES('8uy0d@lalala.com','2016-05-20 21:1:34',0);
INSERT INTO SILUTEL.LAUNDRY_STAF_LAUNDRY VALUES('zHIEIdS@lalala.com','2016-04-22 21:46:13',0);
INSERT INTO SILUTEL.LAUNDRY_STAF_LAUNDRY VALUES('iBktM@lalala.com','2016-04-23 15:0:51',0);
INSERT INTO SILUTEL.LAUNDRY_STAF_LAUNDRY VALUES('CYLAiQrY@lalala.com','2016-04-06 19:40:24',0);
INSERT INTO SILUTEL.LAUNDRY_STAF_LAUNDRY VALUES('6XgoVP8@lalala.com','2016-04-16 3:6:34',0);
INSERT INTO SILUTEL.LAUNDRY_STAF_LAUNDRY VALUES('RiAxn@foo.bar','2016-05-06 19:48:7',0);
INSERT INTO SILUTEL.LAUNDRY_STAF_LAUNDRY VALUES('OzZI3km9WYRSH@foo.bar','2016-05-09 21:39:36',0);
INSERT INTO SILUTEL.LAUNDRY_STAF_LAUNDRY VALUES('x6@ui.ac.id','2016-05-26 6:56:25',0);
INSERT INTO SILUTEL.LAUNDRY_STAF_LAUNDRY VALUES('iBktM@lalala.com','2016-04-13 20:9:49',0);
INSERT INTO SILUTEL.LAUNDRY_STAF_LAUNDRY VALUES('wjbhyOxR8wxs@ui.ac.id','2016-04-04 22:16:36',0);
INSERT INTO SILUTEL.LAUNDRY_STAF_LAUNDRY VALUES('8PiwouJO4zo3IRIloQ9@ui.ac.id','2016-05-17 2:54:36',0);
INSERT INTO SILUTEL.LAUNDRY_STAF_LAUNDRY VALUES('x6@ui.ac.id','2016-04-18 2:19:34',0);
INSERT INTO SILUTEL.LAUNDRY_STAF_LAUNDRY VALUES('BysizVLw1BUeEe@lalala.com','2016-04-24 0:43:55',0);
INSERT INTO SILUTEL.LAUNDRY_STAF_LAUNDRY VALUES('BysizVLw1BUeEe@lalala.com','2016-04-19 15:44:4',0);
INSERT INTO SILUTEL.LAUNDRY_STAF_LAUNDRY VALUES('FheGNvBifCpSYAX32@foo.bar','2016-05-20 6:53:0',0);
INSERT INTO SILUTEL.LAUNDRY_STAF_LAUNDRY VALUES('K7eakxSuB01YNLOzDnxV@lalala.com','2016-04-17 5:34:26',0);
INSERT INTO SILUTEL.LAUNDRY_STAF_LAUNDRY VALUES('0KM@foo.bar','2016-04-21 7:12:20',0);
INSERT INTO SILUTEL.LAUNDRY_STAF_LAUNDRY VALUES('CYLAiQrY@lalala.com','2016-04-14 10:24:24',0);
INSERT INTO SILUTEL.LAUNDRY_STAF_LAUNDRY VALUES('VumMWlsZuZPg@lalala.com','2016-04-20 15:43:33',0);
INSERT INTO SILUTEL.LAUNDRY_STAF_LAUNDRY VALUES('x6@ui.ac.id','2016-05-10 21:6:11',0);
INSERT INTO SILUTEL.LAUNDRY_STAF_LAUNDRY VALUES('0KM@foo.bar','2016-05-29 20:44:4',0);
INSERT INTO SILUTEL.TAMU VALUES('wI1jYQzgsdOFX','Wx580Bg9LztriMqfCKo0mal','gLXyQkB7h5kbvnKa0ZfZgdKlkMEHcS8V4s4FEveMr3QdAimTOWfpz35rLdL');
INSERT INTO SILUTEL.TAMU VALUES('36gqOz','bz3YEX','44d688ZYCmdtXNpO9gErAOwx2R4GOLj0QAWrDv8f38zcg2xaTcYOWkAqPhHKH3SZPmTDaP');
INSERT INTO SILUTEL.TAMU VALUES('ppB','6fl20FCTgz5oMPQYdSSTDo','XncAziaSeu5mIKRA4ozzAmRgyzrmOainbNeRlkANI0qFjJwFG0287CmXmGhcUxVAVdqwI9XhsFSh');
INSERT INTO SILUTEL.TAMU VALUES('NZVn5','I5BYBSOeo7luCyeDO8R6v5vS3C8pBKlO','o1geb0WgSlnXPtG7qlY7Z6oOq7XvcOAeyOF26J3gwiAKDPCgHHiv3bmeWSHUTZoztuPq2BJJCMR1GSJE');
INSERT INTO SILUTEL.TAMU VALUES('Nvfndr0','3ih2fLCCsQURl6bosJDmEK4JCrpI','mr4gkuB8xTiPiH8uqBlz63QN8y5IQN20B4Hr3xN2MCHAK73809C6NOGO3ZB8M7d65EuhXjfRSZVRz2JH8t7QEW62NZ5Lq');
INSERT INTO SILUTEL.TAMU VALUES('oo89fgNDuyer2KcB','7teQTiwWV3XT','ReFFebn4sBp2ZmnLRpiS9ydKeXwHf2HV1JbsdKzVcR8CUVzXD88HNde4ZNjp2VjL');
INSERT INTO SILUTEL.TAMU VALUES('rSVezwcFNWbuQcA','ZLlt53HreFDLxk8swA6gUom','c97t59gXODRXYxPlJsRdmRbh7dHr');
INSERT INTO SILUTEL.TAMU VALUES('TMud7NvzPaV1EA1L','fwu3nY3iPSCVCrm','BPMLNV34SDFlBehL5N3y0wbHYzlMZRx9kKGKLBcu2g');
INSERT INTO SILUTEL.TAMU VALUES('e1tZsuHBPLc4','y1weF85hs5pfWzaq9tw','k2Xl8290wIGXO5lgmeH24gAYfKJD3Uyko');
INSERT INTO SILUTEL.TAMU VALUES('bS1gb1JU0','lPdpz','wXnRmTUtMzKxLJfiPfAlK7VvLPh2F5KPIv1zYqe3hcvEy45bCfcB6ZjLH1xur1jzF4iFDFp4SByEoYyRxeyNC3');
INSERT INTO SILUTEL.TAMU VALUES('iatjjSXh8miGwqfg79','5g8FYZESI64rxVqijV9sLT8X0TVG','g1P0kJVozJNU9G');
INSERT INTO SILUTEL.TAMU VALUES('6yJJ2v','oI1dS5jOZfJEPPvxLvK','fX6EaFz8epiUrH7CtQpxA3CFF0eGf5zrjIO61R0TtbdIL09siNc');
INSERT INTO SILUTEL.TAMU VALUES('IdtLSNm7DfhP','BrdRlfC5Nm3ND0yl','q4Yg0he1qPAso0wnPdnu5Neuc9AST1GP');
INSERT INTO SILUTEL.TAMU VALUES('1YPAwy00CsEigVRUO7','cvUahTaH','UhD5VMXM');
INSERT INTO SILUTEL.TAMU VALUES('zIYPtX58J0YnA4b','IcIi7ZpvhF','ive0qD7MQmwanhtD10FNn33C2ktpyrqVsIzvUID0nqw5NixmzMJTfPmZi5TIkqXsZ2aceGy1cVKf7p1wQrbWOIAHi1oN');
INSERT INTO SILUTEL.TAMU VALUES('ca6v3','rZkUBXdgmxjMP1tR9M5EuiT9ALs','yYVDkgKHj9uaoOvsndp2xNZMZqBsJcSe2mXdNwl5pUutyv8pP4Hkig5NN7sY5rVlOY08XAkZK3');
INSERT INTO SILUTEL.TAMU VALUES('xtcoFVtRhK','pdQP1EKuKpYgnYbvLT6jEgn2O3WpSy','VDl4YsE1QD5fPXAPWjT6WNcpHjK1ohBbm');
INSERT INTO SILUTEL.TAMU VALUES('seY1YL7TRMuaW8gf','LJnvPEUPgjQqKw8It','SRkKoFRpGDuMeSenqTZv');
INSERT INTO SILUTEL.TAMU VALUES('k4PAcqOoG0oHu0ep75q','UOtjlE2TgAHVaztPSHPDuo1UmqcVpj6DSra','smAqCZooOEh4rOrzQG3KDNOCieBauIb7bEeJlhp8FBRsNZAT8xi');
INSERT INTO SILUTEL.TAMU VALUES('NhmtmwEx','NSaBuk0oO4','OfsL8X9M8aeLdw0T5TKlxUMTj8itpFqBX3qpS3RlZsqlPXL4iRyvjnNKUHQSHW0bpAWv8');
INSERT INTO SILUTEL.TAMU VALUES('X1','XHQCp','kzjLo8Tq9NG21Gei1HVvtI');
INSERT INTO SILUTEL.TAMU VALUES('FTWx','n4V','lAvM5krLUGL8XopfUq76PgOIeEjuXXFp0NLPk9PorAL7PGY0Ju8OxzHof8h3VJYm2l5bdj6SIg64TCaZQHOnh0wgao');
INSERT INTO SILUTEL.TAMU VALUES('NqClAiup6Rb6m2d','1p2Qq9jiCe1dXKGhwvusZO0','aVftmKUyz1OZHMO5JxrQCE8R985lSHZf6YvKg1ZLpSQZUCJFLCTO95XoCUe4yb2Ep0gcwFRRS5Op');
INSERT INTO SILUTEL.TAMU VALUES('aJff1FzNYeG4p9Qbemn','pYlLB2VPgHUaDHNyJUTHSyJiTlapG','YZa4T2muv3GtDp8Lp7');
INSERT INTO SILUTEL.TAMU VALUES('6','MFs9O9i9avET7ASONl','cVyoU1xwc1NjD4CWCfLOYVA2gAZhBo');
INSERT INTO SILUTEL.TAMU VALUES('IfBxmbid6S9t','2ln9syPOsmgr4rfrW9nxHmlhrMdxL','PEAtUKV8ayvY3Y');
INSERT INTO SILUTEL.TAMU VALUES('j6tR5tBs','PqGXWKMvnPC3OM','stS2dj9ViIuhx3bg4qdX7Y1D3nE6V66iaiy5EU317KGGexgcjQB4IW7i');
INSERT INTO SILUTEL.TAMU VALUES('szT','u7PYJWXHM8HB37t7','BGTdMXw3w1MIEFSHRcVlIVlRaCUgSXlR2g158QOVmTzodl7WkJjE1OmaSh7GY4GwGgafhYQk74kBDlP6UE7aKPivCYksJO3btKh');
INSERT INTO SILUTEL.TAMU VALUES('ij','fWtxTIBC1eRR8KQalFV7NJM','uQc4j2BW7DrbIPYVqY');
INSERT INTO SILUTEL.TAMU VALUES('JhLRMM','Z5B5VDxlPUAiVMdTRjtfTtxrRn9o3UpV','aGRpgWHDQjbZswIVmi9je');
INSERT INTO SILUTEL.TAMU VALUES('de8X','B6eshFSGMjoAa1TXWhB','llyXjmxX');
INSERT INTO SILUTEL.TAMU VALUES('Hxl','RHyyZMj8BxNYW','XwSFHnohXtmlVm97JGdnKXloYdFV2rqOtMxcNz7RLiGakXw8GGmamoVNXvmhZo2s6');
INSERT INTO SILUTEL.TAMU VALUES('HLNhCX','pxh2VZ47F32c','aLs0yfd');
INSERT INTO SILUTEL.TAMU VALUES('xDvn6','7TrPu76TIP1IrAoAn','WiiXkNQ9yIa8wb6Hb2Ogt9Xjd0yVytYqnboKBTwFcGh');
INSERT INTO SILUTEL.TAMU VALUES('GifCQqjnXA9DKh','Ky7aJruB5flgsRE0NXjAWMjD3IyeX','ECPMMGMC8ujoBfOF1TCaQiuxeP3VtD25hJfz');
INSERT INTO SILUTEL.TAMU VALUES('RMtvRl','8hkbrC919u194tC0g','3xnqtkCZ3C0xcZFez4lCUvdTq3onSX0sCm0rKM6LTuejW0ZqjAv82HmE7rNdWiDZcS3dsGQ4FI3C');
INSERT INTO SILUTEL.TAMU VALUES('poSckjreCNW2h','dCpnXqZUXEjMH','79DwnLigGzRdER5HNRzYKsewbZfWyWi9LcqJR3k8qBwOlGTt8HhWtq');
INSERT INTO SILUTEL.TAMU VALUES('jCAUd30OMO8','RphTApw7XgnE4X','R4tV4PAq1bwWe82Zl4xD753Q2CXSed0Ug3Ozx5RctjpJu09rhNsHXEHXR3VWuHIGZSpDoZmiZl0c2QWhw61OtoPVpyhPXc9mvJd');
INSERT INTO SILUTEL.TAMU VALUES('6BJycu2','PeE5ZGxmtLa','9hMX4Z0HULwG2ynO0of6zWhw3R51ih5a4LmYPgGNxpD5haD7vOFF4qAFpQHr');
INSERT INTO SILUTEL.TAMU VALUES('RQ5sVdU','L1z7jijw2','iZ7w7zhktfmoNgYuelE4yTHEZTgHxhKOcDWQKzdBFp02t0wzn7SqMM9Foc5CFAN69pmmeXCqKbX4IdXKkMzkoSYT9');
INSERT INTO SILUTEL.TAMU VALUES('GZ','WY98Ul5wfR3L2OsrQ8HkSI','ysKofnKWpXUh6O20PLwgcbUZ4aNEC3PTZa7CabdbZjl5u5GbOFzk5UtBAONk3oJaZpRmqprQi');
INSERT INTO SILUTEL.TAMU VALUES('uLTUhhmK','a7eiYQfdFX6RKyJKboVCP5WQutcSCq','n17CJuTOspiJvuRtwQvlE0iXIi0fSYzy9HzxxH5FqRRSoUqmxoI7oB5iZAdnIAdbWKkSZxSJspY8VwlMiRDoUOHuFq');
INSERT INTO SILUTEL.TAMU VALUES('dpw9u5nzwsto','0kv1Ep6SmWaf4X4v8','7URdVNiG6VDt5SMoQFUJP1uoMHfHBkgw7uz1NNRasThRdUTB5dErVqevCfWGMncEwWFmu9YTEir3lryCXQtovV');
INSERT INTO SILUTEL.TAMU VALUES('19G7M8Ag9c','wuQQapjDFhXY','aL09hxKKL4uxOLl6LpDwp3Cw2oW9RNKLaZEiKkI1Zmlr3gOnvlhleSJKm06EylRpAK');
INSERT INTO SILUTEL.TAMU VALUES('Qgs','wuKpQG5qaB','9OVCYBrj152DDIcM6WAGPeTswlOPGdPiAUWnOzUbx3w7By7pp4CMnHjZjAwvADDm0gFU3Doz10YBgIURNUdiXZYW2mf2sqC');
INSERT INTO SILUTEL.TAMU VALUES('HQcpsmeweaJCeSS','PIIs53joT8B1AYNEapEyR','Qpdfhgi7RLWLmA8vVyiii');
INSERT INTO SILUTEL.TAMU VALUES('XmYiVTprSWM','JLgNB9WeAbgt7zK7m8R7sa0lCGf9','eiBCROShej');
INSERT INTO SILUTEL.TAMU VALUES('pyYYYpjuxA','3','ZWN8JxfJdDOy5VcdbbvUeAmf3JXwbF1QrtR9ohuAoYYzVwYgQPbuKmXOoJmVU');
INSERT INTO SILUTEL.TAMU VALUES('WhLh2g','UVTU9ZrLRiFeFPEcEx1gb','ZYddYwAFInPukY9NMhH5UkHL5VXBdVCEcwjbrcScU');
INSERT INTO SILUTEL.TAMU VALUES('YXf4fC','F6odkH0vbem','pPY99X3vz3JRz6h6z1tgHYZVhEXviZhtkYjQVOOHahSEP7KIMjKtvi5eX3QePZ0b');
INSERT INTO SILUTEL.TAMU_TELEPON VALUES('bS1gb1JU0','75216727028440497');
INSERT INTO SILUTEL.TAMU_TELEPON VALUES('xDvn6','8930699518425');
INSERT INTO SILUTEL.TAMU_TELEPON VALUES('6BJycu2','1961153');
INSERT INTO SILUTEL.TAMU_TELEPON VALUES('xtcoFVtRhK','9207645380943486');
INSERT INTO SILUTEL.TAMU_TELEPON VALUES('ij','01846808206');
INSERT INTO SILUTEL.TAMU_TELEPON VALUES('IfBxmbid6S9t','899123866');
INSERT INTO SILUTEL.TAMU_TELEPON VALUES('IdtLSNm7DfhP','7753990891314532975');
INSERT INTO SILUTEL.TAMU_TELEPON VALUES('dpw9u5nzwsto','3016461280246007');
INSERT INTO SILUTEL.TAMU_TELEPON VALUES('NhmtmwEx','1');
INSERT INTO SILUTEL.TAMU_TELEPON VALUES('RMtvRl','8003057520311477');
INSERT INTO SILUTEL.TAMU_TELEPON VALUES('IfBxmbid6S9t','34615035');
INSERT INTO SILUTEL.TAMU_TELEPON VALUES('NqClAiup6Rb6m2d','96018748092756371');
INSERT INTO SILUTEL.TAMU_TELEPON VALUES('1YPAwy00CsEigVRUO7','923391216939293');
INSERT INTO SILUTEL.TAMU_TELEPON VALUES('RQ5sVdU','0348113246');
INSERT INTO SILUTEL.TAMU_TELEPON VALUES('6yJJ2v','82135171408');
INSERT INTO SILUTEL.TAMU_TELEPON VALUES('de8X','09066339906151380498');
INSERT INTO SILUTEL.TAMU_TELEPON VALUES('jCAUd30OMO8','3431891454929747376');
INSERT INTO SILUTEL.TAMU_TELEPON VALUES('HQcpsmeweaJCeSS','62');
INSERT INTO SILUTEL.TAMU_TELEPON VALUES('wI1jYQzgsdOFX','7076959784256253');
INSERT INTO SILUTEL.TAMU_TELEPON VALUES('ppB','973646840185856759');
INSERT INTO SILUTEL.TAMU_TELEPON VALUES('6','93');
INSERT INTO SILUTEL.TAMU_TELEPON VALUES('poSckjreCNW2h','006');
INSERT INTO SILUTEL.TAMU_TELEPON VALUES('GifCQqjnXA9DKh','51685943');
INSERT INTO SILUTEL.TAMU_TELEPON VALUES('GifCQqjnXA9DKh','050283793129');
INSERT INTO SILUTEL.TAMU_TELEPON VALUES('Qgs','324139210022');
INSERT INTO SILUTEL.TAMU_TELEPON VALUES('iatjjSXh8miGwqfg79','1085');
INSERT INTO SILUTEL.TAMU_TELEPON VALUES('aJff1FzNYeG4p9Qbemn','893004272482399313');
INSERT INTO SILUTEL.TAMU_TELEPON VALUES('Hxl','020788');
INSERT INTO SILUTEL.TAMU_TELEPON VALUES('GZ','412');
INSERT INTO SILUTEL.TAMU_TELEPON VALUES('oo89fgNDuyer2KcB','2347896781');
INSERT INTO SILUTEL.TAMU_TELEPON VALUES('IdtLSNm7DfhP','21960541337122');
INSERT INTO SILUTEL.TAMU_TELEPON VALUES('uLTUhhmK','3023822622827779680');
INSERT INTO SILUTEL.TAMU_TELEPON VALUES('pyYYYpjuxA','504529980685');
INSERT INTO SILUTEL.TAMU_TELEPON VALUES('X1','403967');
INSERT INTO SILUTEL.TAMU_TELEPON VALUES('6BJycu2','5789863342310');
INSERT INTO SILUTEL.TAMU_TELEPON VALUES('ca6v3','498150647374451');
INSERT INTO SILUTEL.TAMU_TELEPON VALUES('XmYiVTprSWM','280479699552207565');
INSERT INTO SILUTEL.TAMU_TELEPON VALUES('YXf4fC','5145543915674389522');
INSERT INTO SILUTEL.TAMU_TELEPON VALUES('szT','3373958677');
INSERT INTO SILUTEL.TAMU_TELEPON VALUES('e1tZsuHBPLc4','1164494776529');
INSERT INTO SILUTEL.TAMU_TELEPON VALUES('rSVezwcFNWbuQcA','33');
INSERT INTO SILUTEL.TAMU_TELEPON VALUES('WhLh2g','97310');
INSERT INTO SILUTEL.TAMU_TELEPON VALUES('j6tR5tBs','090392');
INSERT INTO SILUTEL.TAMU_TELEPON VALUES('36gqOz','52903143658392');
INSERT INTO SILUTEL.TAMU_TELEPON VALUES('seY1YL7TRMuaW8gf','4140848846');
INSERT INTO SILUTEL.TAMU_TELEPON VALUES('JhLRMM','99430589724');
INSERT INTO SILUTEL.TAMU_TELEPON VALUES('TMud7NvzPaV1EA1L','1644578120');
INSERT INTO SILUTEL.TAMU_TELEPON VALUES('de8X','95164');
INSERT INTO SILUTEL.TAMU_TELEPON VALUES('Nvfndr0','87619122085892273');
INSERT INTO SILUTEL.TAMU_TELEPON VALUES('NZVn5','080246233167');
INSERT INTO SILUTEL.TAMU_TELEPON VALUES('GifCQqjnXA9DKh','81361249');
INSERT INTO SILUTEL.TAMU_TELEPON VALUES('j6tR5tBs','077521');
INSERT INTO SILUTEL.TAMU_TELEPON VALUES('FTWx','5765430182054147');
INSERT INTO SILUTEL.TAMU_TELEPON VALUES('19G7M8Ag9c','554702886390523');
INSERT INTO SILUTEL.TAMU_TELEPON VALUES('HLNhCX','4060705450896673665');
INSERT INTO SILUTEL.TAMU_TELEPON VALUES('k4PAcqOoG0oHu0ep75q','780346385');
INSERT INTO SILUTEL.TAMU_TELEPON VALUES('YXf4fC','170');
INSERT INTO SILUTEL.TAMU_TELEPON VALUES('rSVezwcFNWbuQcA','4169340946773029');
INSERT INTO SILUTEL.TAMU_TELEPON VALUES('zIYPtX58J0YnA4b','4093');
INSERT INTO SILUTEL.TAMU_TELEPON VALUES('j6tR5tBs','15465581');
INSERT INTO SILUTEL.INVOICE VALUES('hMm2NU','2016-05-13 17:4:32','2016-05-24 2:42:3',25182,'oo89fgNDuyer2KcB',0,0);
INSERT INTO SILUTEL.INVOICE VALUES('rUdjR7','2016-05-27 19:4:56','2016-05-29 10:42:49',11112,'j6tR5tBs',0,0);
INSERT INTO SILUTEL.INVOICE VALUES('JFWDWn','2016-04-29 15:39:50','2016-04-29 17:37:13',26861,'xDvn6',0,0);
INSERT INTO SILUTEL.INVOICE VALUES('Yn1Dt8','2016-04-11 2:7:41','2016-04-17 11:7:51',2872,'1YPAwy00CsEigVRUO7',0,0);
INSERT INTO SILUTEL.INVOICE VALUES('eMioDq','2016-04-21 22:34:45','2016-05-22 0:12:15',9902,'NqClAiup6Rb6m2d',0,0);
INSERT INTO SILUTEL.INVOICE VALUES('rchNa6','2016-04-20 3:0:59','2016-04-28 8:47:21',5104,'ij',0,0);
INSERT INTO SILUTEL.INVOICE VALUES('kSgPL5','2016-05-07 17:45:9','2016-05-07 22:48:39',8489,'36gqOz',0,0);
INSERT INTO SILUTEL.INVOICE VALUES('vBl7Za','2016-04-20 1:26:3','2016-04-28 11:5:42',18068,'aJff1FzNYeG4p9Qbemn',0,0);
INSERT INTO SILUTEL.INVOICE VALUES('BXWdTz','2016-04-23 11:25:36','2016-05-23 14:59:56',20178,'aJff1FzNYeG4p9Qbemn',0,0);
INSERT INTO SILUTEL.INVOICE VALUES('ZSump9','2016-04-13 6:2:40','2016-04-26 22:5:19',13690,'seY1YL7TRMuaW8gf',0,0);
INSERT INTO SILUTEL.INVOICE VALUES('pM9Tlm','2016-05-15 18:36:5','2016-05-26 18:40:27',5831,'wI1jYQzgsdOFX',0,0);
INSERT INTO SILUTEL.INVOICE VALUES('Ao19nX','2016-05-05 16:41:54','2016-05-07 3:44:28',14407,'6',0,0);
INSERT INTO SILUTEL.INVOICE VALUES('gvVwnO','2016-04-28 15:59:17','2016-04-28 20:42:36',31107,'1YPAwy00CsEigVRUO7',0,0);
INSERT INTO SILUTEL.INVOICE VALUES('t4vatv','2016-05-24 23:1:13','2016-05-24 21:29:16',19607,'poSckjreCNW2h',0,0);
INSERT INTO SILUTEL.INVOICE VALUES('RRlBIU','2016-04-07 20:28:38','2016-04-08 7:44:21',4816,'X1',0,0);
INSERT INTO SILUTEL.INVOICE VALUES('lmnylV','2016-05-20 10:20:23','2016-05-30 22:4:45',3092,'pyYYYpjuxA',0,0);
INSERT INTO SILUTEL.INVOICE VALUES('YxF528','2016-05-20 14:35:27','2016-05-21 12:36:50',19055,'19G7M8Ag9c',0,0);
INSERT INTO SILUTEL.INVOICE VALUES('Pa4c3z','2016-04-05 5:58:37','2016-05-29 19:49:11',31638,'iatjjSXh8miGwqfg79',0,0);
INSERT INTO SILUTEL.INVOICE VALUES('cvn4BI','2016-04-14 15:54:35','2016-04-29 20:49:19',27010,'GifCQqjnXA9DKh',0,0);
INSERT INTO SILUTEL.INVOICE VALUES('acFIEu','2016-05-24 2:25:19','2016-05-29 8:23:54',3928,'seY1YL7TRMuaW8gf',0,0);
INSERT INTO SILUTEL.INVOICE VALUES('Ayp1dC','2016-05-26 0:56:35','2016-05-28 5:1:23',23933,'RQ5sVdU',0,0);
INSERT INTO SILUTEL.INVOICE VALUES('QDNH3g','2016-05-15 23:38:31','2016-05-25 20:35:55',26168,'xtcoFVtRhK',0,0);
INSERT INTO SILUTEL.INVOICE VALUES('q4163I','2016-05-26 0:52:46','2016-05-26 19:16:18',31943,'ca6v3',0,0);
INSERT INTO SILUTEL.INVOICE VALUES('TdtkCg','2016-05-30 16:17:48','2016-05-30 10:2:10',27199,'uLTUhhmK',0,0);
INSERT INTO SILUTEL.INVOICE VALUES('0lIOy0','2016-04-10 10:11:56','2016-05-11 13:52:21',17949,'XmYiVTprSWM',0,0);
INSERT INTO SILUTEL.INVOICE VALUES('2QYVTd','2016-05-20 21:7:59','2016-05-28 9:49:57',24059,'RQ5sVdU',0,0);
INSERT INTO SILUTEL.INVOICE VALUES('z1cH1W','2016-04-27 19:0:6','2016-05-28 5:7:43',14713,'j6tR5tBs',0,0);
INSERT INTO SILUTEL.INVOICE VALUES('k88EjR','2016-04-18 20:52:25','2016-04-19 20:48:59',15618,'Qgs',0,0);
INSERT INTO SILUTEL.INVOICE VALUES('5AEvWi','2016-05-06 5:20:15','2016-05-08 15:47:34',4133,'pyYYYpjuxA',0,0);
INSERT INTO SILUTEL.INVOICE VALUES('CXrGW4','2016-04-24 10:12:0','2016-04-24 22:47:47',14429,'FTWx',0,0);
INSERT INTO SILUTEL.INVOICE VALUES('bIPl9d','2016-04-23 6:54:28','2016-05-23 12:46:45',5991,'jCAUd30OMO8',0,0);
INSERT INTO SILUTEL.INVOICE VALUES('LOWGoX','2016-04-18 14:32:22','2016-04-29 9:4:46',23006,'pyYYYpjuxA',0,0);
INSERT INTO SILUTEL.INVOICE VALUES('e20K5U','2016-05-14 18:6:32','2016-05-19 9:8:40',25106,'IdtLSNm7DfhP',0,0);
INSERT INTO SILUTEL.INVOICE VALUES('QrIYD8','2016-04-25 12:59:18','2016-05-26 1:51:50',15275,'bS1gb1JU0',0,0);
INSERT INTO SILUTEL.INVOICE VALUES('9n4dyk','2016-04-18 13:30:42','2016-04-18 10:30:39',30452,'Hxl',0,0);
INSERT INTO SILUTEL.INVOICE VALUES('vkGb0N','2016-05-19 5:51:14','2016-05-29 20:54:32',16282,'e1tZsuHBPLc4',0,0);
INSERT INTO SILUTEL.INVOICE VALUES('nCBYSO','2016-05-14 4:28:55','2016-05-14 5:8:1',3917,'k4PAcqOoG0oHu0ep75q',0,0);
INSERT INTO SILUTEL.INVOICE VALUES('nTGRXc','2016-04-12 21:42:1','2016-04-16 7:50:35',23414,'X1',0,0);
INSERT INTO SILUTEL.INVOICE VALUES('fZNiBH','2016-05-29 4:48:12','2016-05-29 21:30:39',7319,'NqClAiup6Rb6m2d',0,0);
INSERT INTO SILUTEL.INVOICE VALUES('pqNor3','2016-05-22 22:47:16','2016-05-27 7:25:38',23917,'Qgs',0,0);
INSERT INTO SILUTEL.INVOICE VALUES('uauitp','2016-05-05 14:57:1','2016-05-19 20:11:50',27341,'JhLRMM',0,0);
INSERT INTO SILUTEL.INVOICE VALUES('cSP8lR','2016-04-28 10:13:12','2016-04-29 23:54:22',27469,'NqClAiup6Rb6m2d',0,0);
INSERT INTO SILUTEL.INVOICE VALUES('WmJnHo','2016-04-11 3:52:47','2016-04-21 7:53:22',28026,'1YPAwy00CsEigVRUO7',0,0);
INSERT INTO SILUTEL.INVOICE VALUES('P2xty8','2016-05-09 5:46:44','2016-05-19 5:12:13',9617,'e1tZsuHBPLc4',0,0);
INSERT INTO SILUTEL.INVOICE VALUES('ka9CjQ','2016-05-17 9:9:1','2016-05-29 0:46:30',31013,'bS1gb1JU0',0,0);
INSERT INTO SILUTEL.INVOICE VALUES('IA2RcI','2016-04-29 0:7:55','2016-05-29 3:48:25',632,'Qgs',0,0);
INSERT INTO SILUTEL.INVOICE VALUES('yNqgh4','2016-05-10 23:29:50','2016-05-27 9:49:46',22449,'NZVn5',0,0);
INSERT INTO SILUTEL.INVOICE VALUES('t64Kxl','2016-04-27 2:6:8','2016-05-28 18:22:37',30863,'6BJycu2',0,0);
INSERT INTO SILUTEL.INVOICE VALUES('aWrGXz','2016-05-27 23:30:9','2016-05-27 8:59:21',22574,'ij',0,0);
INSERT INTO SILUTEL.INVOICE VALUES('OCQcUm','2016-05-07 22:33:31','2016-05-07 2:36:44',26370,'IfBxmbid6S9t',0,0);
INSERT INTO SILUTEL.INVOICE VALUES('SQKfeT','2016-04-26 5:36:5','2016-05-27 9:53:29',12121,'k4PAcqOoG0oHu0ep75q',0,0);
INSERT INTO SILUTEL.INVOICE VALUES('WX6Cmy','2016-05-30 19:38:28','2016-05-30 19:37:57',4868,'NhmtmwEx',0,0);
INSERT INTO SILUTEL.INVOICE VALUES('Sw13Nf','2016-04-14 19:55:27','2016-05-15 0:13:15',10583,'jCAUd30OMO8',0,0);
INSERT INTO SILUTEL.INVOICE VALUES('gScskR','2016-04-06 8:10:27','2016-05-16 10:24:26',11579,'IfBxmbid6S9t',0,0);
INSERT INTO SILUTEL.INVOICE VALUES('M1OCEQ','2016-05-07 3:26:36','2016-05-09 15:38:5',25078,'ppB',0,0);
INSERT INTO SILUTEL.INVOICE VALUES('Mh1BFY','2016-04-23 23:17:57','2016-05-23 1:50:37',21467,'jCAUd30OMO8',0,0);
INSERT INTO SILUTEL.INVOICE VALUES('xhjTfc','2016-05-23 19:28:53','2016-05-28 21:1:58',22937,'dpw9u5nzwsto',0,0);
INSERT INTO SILUTEL.INVOICE VALUES('ov7Np7','2016-04-12 21:52:48','2016-05-17 22:56:26',3350,'GifCQqjnXA9DKh',0,0);
INSERT INTO SILUTEL.INVOICE VALUES('5AXgHQ','2016-05-21 16:41:38','2016-05-26 13:56:56',28543,'j6tR5tBs',0,0);
INSERT INTO SILUTEL.INVOICE VALUES('ANp2E0','2016-04-21 16:54:41','2016-05-25 11:13:31',31752,'Hxl',0,0);
INSERT INTO SILUTEL.INVOICE VALUES('DWigPt','2016-04-02 16:46:5','2016-04-29 11:31:59',24675,'YXf4fC',0,0);
INSERT INTO SILUTEL.INVOICE VALUES('tisUtq','2016-05-14 21:0:51','2016-05-26 4:2:8',816,'zIYPtX58J0YnA4b',0,0);
INSERT INTO SILUTEL.INVOICE VALUES('68qVmU','2016-05-23 13:44:57','2016-05-29 23:7:44',15461,'wI1jYQzgsdOFX',0,0);
INSERT INTO SILUTEL.INVOICE VALUES('O6vkfU','2016-04-20 22:21:24','2016-05-21 8:14:48',9795,'jCAUd30OMO8',0,0);
INSERT INTO SILUTEL.INVOICE VALUES('sVeLtF','2016-05-24 5:39:27','2016-05-24 2:5:25',29194,'6yJJ2v',0,0);
INSERT INTO SILUTEL.INVOICE VALUES('P9Od3v','2016-05-27 8:38:3','2016-05-28 16:39:40',4867,'JhLRMM',0,0);
INSERT INTO SILUTEL.INVOICE VALUES('4liWZD','2016-05-21 19:40:55','2016-05-29 8:58:10',31257,'GZ',0,0);
INSERT INTO SILUTEL.INVOICE VALUES('q4KDew','2016-04-15 21:26:28','2016-05-17 3:12:28',9933,'poSckjreCNW2h',0,0);
INSERT INTO SILUTEL.INVOICE VALUES('rYxhTo','2016-04-12 9:34:29','2016-05-26 16:22:35',18053,'IfBxmbid6S9t',0,0);
INSERT INTO SILUTEL.INVOICE VALUES('XiV9NJ','2016-04-14 9:16:48','2016-04-26 18:10:32',13178,'NqClAiup6Rb6m2d',0,0);
INSERT INTO SILUTEL.INVOICE VALUES('Fjvesj','2016-05-09 23:58:39','2016-05-29 1:38:40',10456,'GZ',0,0);
INSERT INTO SILUTEL.INVOICE VALUES('eoSymn','2016-05-02 13:57:50','2016-05-06 23:30:9',30251,'HLNhCX',0,0);
INSERT INTO SILUTEL.INVOICE VALUES('WQw4ij','2016-04-13 6:0:2','2016-04-18 19:54:27',14721,'zIYPtX58J0YnA4b',0,0);
INSERT INTO SILUTEL.INVOICE VALUES('iUrWsc','2016-05-28 2:47:55','2016-05-29 19:43:48',31876,'jCAUd30OMO8',0,0);
INSERT INTO SILUTEL.INVOICE VALUES('AVMlmh','2016-04-02 17:40:18','2016-05-18 2:50:19',4666,'Nvfndr0',0,0);
INSERT INTO SILUTEL.INVOICE VALUES('xGPPV1','2016-05-24 1:11:33','2016-05-24 9:58:8',24100,'aJff1FzNYeG4p9Qbemn',0,0);
INSERT INTO SILUTEL.INVOICE VALUES('rlNe0q','2016-04-26 9:38:29','2016-05-27 22:12:24',11320,'jCAUd30OMO8',0,0);
INSERT INTO SILUTEL.INVOICE VALUES('ZAojhZ','2016-04-24 13:8:0','2016-04-26 2:1:23',1401,'rSVezwcFNWbuQcA',0,0);
INSERT INTO SILUTEL.INVOICE VALUES('4ZWz3H','2016-05-28 0:38:45','2016-05-28 17:53:18',16027,'uLTUhhmK',0,0);
INSERT INTO SILUTEL.INVOICE VALUES('bnOzIE','2016-05-06 22:55:38','2016-05-29 1:25:45',30727,'zIYPtX58J0YnA4b',0,0);
INSERT INTO SILUTEL.INVOICE VALUES('9OlKdn','2016-05-09 15:44:42','2016-05-29 14:10:3',19864,'e1tZsuHBPLc4',0,0);
INSERT INTO SILUTEL.INVOICE VALUES('pfJ01Y','2016-04-04 9:0:37','2016-04-19 3:15:49',3624,'dpw9u5nzwsto',0,0);
INSERT INTO SILUTEL.INVOICE VALUES('FmBabP','2016-04-15 10:47:28','2016-05-18 9:18:34',1569,'ppB',0,0);
INSERT INTO SILUTEL.INVOICE VALUES('tGPEzt','2016-05-17 15:18:10','2016-05-28 5:52:51',24845,'TMud7NvzPaV1EA1L',0,0);
INSERT INTO SILUTEL.INVOICE VALUES('5bfTNM','2016-04-04 23:19:48','2016-05-27 21:24:7',12951,'seY1YL7TRMuaW8gf',0,0);
INSERT INTO SILUTEL.INVOICE VALUES('V0nELV','2016-04-21 19:27:37','2016-04-24 19:51:37',14281,'HLNhCX',0,0);
INSERT INTO SILUTEL.INVOICE VALUES('MAYhTk','2016-05-03 15:29:12','2016-05-07 9:2:26',20170,'X1',0,0);
INSERT INTO SILUTEL.INVOICE VALUES('N8aCKH','2016-04-08 14:6:22','2016-05-18 13:8:56',31201,'HQcpsmeweaJCeSS',0,0);
INSERT INTO SILUTEL.INVOICE VALUES('ggBrDx','2016-04-22 0:15:31','2016-04-22 8:17:36',21924,'bS1gb1JU0',0,0);
INSERT INTO SILUTEL.INVOICE VALUES('VV3xuJ','2016-04-04 17:18:44','2016-04-04 16:47:46',3810,'xDvn6',0,0);
INSERT INTO SILUTEL.INVOICE VALUES('c6CniL','2016-04-23 21:27:42','2016-04-23 1:43:54',27023,'RQ5sVdU',0,0);
INSERT INTO SILUTEL.INVOICE VALUES('5VvFiE','2016-05-12 5:6:59','2016-05-13 10:1:18',19424,'jCAUd30OMO8',0,0);
INSERT INTO SILUTEL.INVOICE VALUES('wdnGsS','2016-04-01 12:10:33','2016-04-13 18:37:19',26309,'pyYYYpjuxA',0,0);
INSERT INTO SILUTEL.INVOICE VALUES('VSHsxv','2016-05-11 4:20:31','2016-05-16 11:54:52',447,'GifCQqjnXA9DKh',0,0);
INSERT INTO SILUTEL.INVOICE VALUES('XurGRs','2016-05-25 0:49:44','2016-05-25 16:37:31',1601,'rSVezwcFNWbuQcA',0,0);
INSERT INTO SILUTEL.INVOICE VALUES('DjGFA3','2016-05-04 0:50:17','2016-05-09 23:5:31',5562,'wI1jYQzgsdOFX',0,0);
INSERT INTO SILUTEL.INVOICE VALUES('1LRcT5','2016-04-04 13:53:15','2016-04-18 13:30:51',14282,'FTWx',0,0);
INSERT INTO SILUTEL.INVOICE VALUES('0YvDTA','2016-05-29 2:22:40','2016-05-29 1:42:24',6894,'RMtvRl',0,0);
INSERT INTO SILUTEL.INVOICE VALUES('dhTJFI','2016-05-02 18:56:55','2016-05-26 0:52:37',11853,'pyYYYpjuxA',0,0);
INSERT INTO SILUTEL.INVOICE VALUES('7mzcIB','2016-05-19 19:9:48','2016-05-19 14:37:56',11508,'j6tR5tBs',0,0);
INSERT INTO SILUTEL.INVOICE VALUES('Tuu5m6','2016-04-06 3:5:20','2016-05-28 12:51:17',28963,'wI1jYQzgsdOFX',0,0);
INSERT INTO SILUTEL.INVOICE VALUES('0FKMr0','2016-05-27 3:15:3','2016-05-29 17:19:16',1986,'zIYPtX58J0YnA4b',0,0);
INSERT INTO SILUTEL.INVOICE VALUES('MzvlEH','2016-05-09 16:45:20','2016-05-09 3:7:44',15629,'XmYiVTprSWM',0,0);
INSERT INTO SILUTEL.INVOICE VALUES('33L6qz','2016-04-08 7:43:58','2016-05-08 2:13:49',23963,'NqClAiup6Rb6m2d',0,0);
INSERT INTO SILUTEL.INVOICE VALUES('unOugV','2016-04-20 10:51:26','2016-04-28 3:9:53',5574,'GZ',0,0);
INSERT INTO SILUTEL.INVOICE VALUES('vQxEtN','2016-05-01 22:0:47','2016-05-13 7:32:46',20802,'6BJycu2',0,0);
INSERT INTO SILUTEL.INVOICE VALUES('ovPTog','2016-05-25 14:54:17','2016-05-25 19:24:28',16216,'de8X',0,0);
INSERT INTO SILUTEL.INVOICE VALUES('gm7OIA','2016-04-22 12:10:51','2016-04-25 7:9:40',8496,'1YPAwy00CsEigVRUO7',0,0);
INSERT INTO SILUTEL.INVOICE VALUES('u5EyIc','2016-05-21 11:1:3','2016-05-27 5:31:12',2759,'X1',0,0);
INSERT INTO SILUTEL.INVOICE VALUES('e87It9','2016-05-21 13:11:23','2016-05-29 17:46:24',3524,'JhLRMM',0,0);
INSERT INTO SILUTEL.INVOICE VALUES('Go4Lm1','2016-04-15 14:55:50','2016-04-15 19:7:15',30955,'6BJycu2',0,0);
INSERT INTO SILUTEL.INVOICE VALUES('IpY0ku','2016-04-03 7:5:16','2016-04-16 16:22:31',25876,'6',0,0);
INSERT INTO SILUTEL.INVOICE VALUES('DPCdaW','2016-04-24 1:55:50','2016-04-27 19:41:46',13874,'FTWx',0,0);
INSERT INTO SILUTEL.INVOICE VALUES('8jQvpi','2016-04-28 1:45:26','2016-04-29 21:32:35',256,'aJff1FzNYeG4p9Qbemn',0,0);
INSERT INTO SILUTEL.INVOICE VALUES('3giDKo','2016-04-14 23:33:50','2016-05-26 8:51:47',23142,'oo89fgNDuyer2KcB',0,0);
INSERT INTO SILUTEL.INVOICE VALUES('wQMXoj','2016-05-05 16:57:33','2016-05-19 3:58:9',21655,'rSVezwcFNWbuQcA',0,0);
INSERT INTO SILUTEL.INVOICE VALUES('Ss25S4','2016-05-15 7:29:4','2016-05-17 13:21:59',22048,'36gqOz',0,0);
INSERT INTO SILUTEL.INVOICE VALUES('gKrKEF','2016-04-08 20:25:59','2016-04-18 8:57:13',21745,'uLTUhhmK',0,0);
INSERT INTO SILUTEL.INVOICE VALUES('5oK8e8','2016-05-04 16:45:52','2016-05-28 9:38:56',31420,'19G7M8Ag9c',0,0);
INSERT INTO SILUTEL.INVOICE VALUES('cn45O5','2016-05-05 19:50:14','2016-05-15 21:53:21',3038,'NZVn5',0,0);
INSERT INTO SILUTEL.INVOICE VALUES('dRQPtP','2016-05-02 4:56:22','2016-05-25 6:12:43',6584,'GifCQqjnXA9DKh',0,0);
INSERT INTO SILUTEL.INVOICE VALUES('nXJ2xn','2016-04-25 19:44:43','2016-05-27 4:0:17',27879,'e1tZsuHBPLc4',0,0);
INSERT INTO SILUTEL.INVOICE VALUES('EYquRx','2016-05-10 15:32:4','2016-05-19 17:45:18',18256,'GZ',0,0);
INSERT INTO SILUTEL.INVOICE VALUES('DScTKv','2016-05-11 5:8:48','2016-05-14 9:19:22',17493,'36gqOz',0,0);
INSERT INTO SILUTEL.INVOICE VALUES('Vwo4Hw','2016-05-22 8:42:58','2016-05-23 1:34:4',6340,'jCAUd30OMO8',0,0);
INSERT INTO SILUTEL.INVOICE VALUES('7pbDmZ','2016-04-28 9:17:8','2016-05-29 9:14:1',28699,'RMtvRl',0,0);
INSERT INTO SILUTEL.INVOICE VALUES('rBAkj8','2016-05-16 18:46:22','2016-05-27 16:29:30',23792,'rSVezwcFNWbuQcA',0,0);
INSERT INTO SILUTEL.INVOICE VALUES('zn1gkY','2016-04-19 8:37:48','2016-05-19 12:29:5',23242,'rSVezwcFNWbuQcA',0,0);
INSERT INTO SILUTEL.INVOICE VALUES('2VShPy','2016-05-09 3:2:6','2016-05-19 2:23:54',14187,'NhmtmwEx',0,0);
INSERT INTO SILUTEL.INVOICE VALUES('nmnhON','2016-05-12 14:39:33','2016-05-18 22:37:39',2126,'szT',0,0);
INSERT INTO SILUTEL.INVOICE VALUES('lo021x','2016-04-05 14:11:23','2016-04-27 0:44:32',26635,'JhLRMM',0,0);
INSERT INTO SILUTEL.INVOICE VALUES('RI2eLZ','2016-04-24 13:58:18','2016-05-29 13:9:43',31498,'xtcoFVtRhK',0,0);
INSERT INTO SILUTEL.INVOICE VALUES('0fjTX2','2016-04-28 18:36:26','2016-04-28 11:17:12',17972,'WhLh2g',0,0);
INSERT INTO SILUTEL.INVOICE VALUES('iyhcWj','2016-05-29 6:33:41','2016-05-29 0:15:52',4022,'ij',0,0);
INSERT INTO SILUTEL.INVOICE VALUES('iQ6xf8','2016-04-23 18:21:41','2016-04-27 10:50:6',31944,'iatjjSXh8miGwqfg79',0,0);
INSERT INTO SILUTEL.INVOICE VALUES('SWz45Y','2016-04-04 22:44:6','2016-05-16 21:58:33',3011,'zIYPtX58J0YnA4b',0,0);
INSERT INTO SILUTEL.INVOICE VALUES('tqEZGO','2016-05-18 16:36:56','2016-05-28 0:53:32',4025,'xDvn6',0,0);
INSERT INTO SILUTEL.INVOICE VALUES('urj4rv','2016-04-16 6:33:14','2016-05-18 3:39:8',23872,'seY1YL7TRMuaW8gf',0,0);
INSERT INTO SILUTEL.INVOICE VALUES('bgGIOV','2016-05-06 5:29:55','2016-05-17 6:57:34',31473,'JhLRMM',0,0);
INSERT INTO SILUTEL.INVOICE VALUES('WXfbsI','2016-04-05 21:38:16','2016-05-15 4:18:20',18956,'XmYiVTprSWM',0,0);
INSERT INTO SILUTEL.INVOICE VALUES('i9M2rX','2016-05-06 20:57:45','2016-05-28 0:16:50',21763,'NqClAiup6Rb6m2d',0,0);
INSERT INTO SILUTEL.INVOICE VALUES('z7Dopr','2016-05-03 12:36:47','2016-05-26 18:58:0',5144,'IdtLSNm7DfhP',0,0);
INSERT INTO SILUTEL.INVOICE VALUES('N4ZxXC','2016-05-07 20:31:23','2016-05-07 10:42:19',30484,'de8X',0,0);
INSERT INTO SILUTEL.INVOICE VALUES('3RIfK2','2016-05-14 8:23:11','2016-05-19 19:51:54',21864,'HLNhCX',0,0);
INSERT INTO SILUTEL.INVOICE VALUES('pLOmAf','2016-04-13 23:9:43','2016-04-28 0:20:20',31958,'xtcoFVtRhK',0,0);
INSERT INTO SILUTEL.INVOICE VALUES('dbDus3','2016-05-13 15:47:17','2016-05-24 17:28:4',9808,'6yJJ2v',0,0);
INSERT INTO SILUTEL.INVOICE VALUES('GWAOMS','2016-05-12 16:26:49','2016-05-15 11:8:6',164,'NZVn5',0,0);
INSERT INTO SILUTEL.INVOICE VALUES('iH36wd','2016-05-07 14:43:45','2016-05-27 20:3:10',14768,'dpw9u5nzwsto',0,0);
INSERT INTO SILUTEL.INVOICE VALUES('tT7pNk','2016-04-22 6:0:30','2016-04-24 3:46:25',4504,'xDvn6',0,0);
INSERT INTO SILUTEL.INVOICE VALUES('u0i5L3','2016-05-25 16:0:58','2016-05-27 20:8:8',31184,'6BJycu2',0,0);
INSERT INTO SILUTEL.TIPE_KAMAR VALUES('H',19831,'W7jTD6MnqBk6KbZV7RJWNswmXMQP3ZSbe8MmHXQMui',20656,16258);
INSERT INTO SILUTEL.TIPE_KAMAR VALUES('awuHc93lM',17631,'3BT7UM7wx7yaLPs1rJQIAKRhr6UaxLFiiMDB2Cary9DgwZCf4tsMl',11334,22198);
INSERT INTO SILUTEL.TIPE_KAMAR VALUES('KKc8FuEGuttaINkQfL',27350,'xKn8zFyKGadnILtceRFVke',3028,30577);
INSERT INTO SILUTEL.TIPE_KAMAR VALUES('woLdvPT6LMD7cD',25883,'5otfN9dxdmqXCJ5ueMiaqTOLH2KeARZJgVjVKRzfU8KolYx8nn7H5inuqeKbCNzp9SrJF',25821,29661);
INSERT INTO SILUTEL.TIPE_KAMAR VALUES('9Rn64CsTL2PeBabc7QDc',27316,'QkpClQnh1M9fl8jE6UadncJxyOCMGQZJDik0jaXZGqWH18xLohftbZfX2e0RnPUSXW9POnM0C7sAtoCKLjpBsYi2Bw',6920,32432);
INSERT INTO SILUTEL.TIPE_KAMAR VALUES('YdrYyB7WEmZFInTWH5P',6615,'CNw0TCSr568odpzUDJiJXcEnUNU8LdgmaM28Zl4feupD2iBnbXEoBeZTSXSjho5XdN9nxleu4GrQgAMe4',25649,12236);
INSERT INTO SILUTEL.TIPE_KAMAR VALUES('UFW3Cu',6087,'EExM9xyih7m2uUsuteXB8AdpJKkxmWMUz',22217,7459);
INSERT INTO SILUTEL.TIPE_KAMAR VALUES('bzXsz0YiI',32365,'t1oJPhP7LT0btLVONmHif5CnKRmG361zPuTjYNZROsrnvOB2yURVhAzmaHZ6N2iyIIy1ZyP0HJnEJMnIScqmIvgfRI',27184,15651);
INSERT INTO SILUTEL.TIPE_KAMAR VALUES('mKxF2QVtqilSSAiOn',4777,'q1u5OnkwLO5KyXdE8IOINwukS2VeSyGp90i8MSJfZQjt5RYwBHyrsEIvhO1DHtiIlP0uCm0L8QidbkzqCk4biOxY',5118,30101);
INSERT INTO SILUTEL.TIPE_KAMAR VALUES('GL5FXH',3287,'9AUVn2jdCOMXglL26WWV8GXwoXgH4h2mYbL8BpjeW4YgPsJJ30L4otNgpdj6QipVR3G7T1cRXs6cuP6LRrgLrQ406uy2lQDUFH',31417,9522);
INSERT INTO SILUTEL.KAMAR VALUES(3052,22751,'GL5FXH');
INSERT INTO SILUTEL.KAMAR VALUES(21311,26776,'bzXsz0YiI');
INSERT INTO SILUTEL.KAMAR VALUES(547,22130,'KKc8FuEGuttaINkQfL');
INSERT INTO SILUTEL.KAMAR VALUES(17274,18539,'UFW3Cu');
INSERT INTO SILUTEL.KAMAR VALUES(29681,7796,'bzXsz0YiI');
INSERT INTO SILUTEL.KAMAR VALUES(5379,2486,'UFW3Cu');
INSERT INTO SILUTEL.KAMAR VALUES(30199,25611,'woLdvPT6LMD7cD');
INSERT INTO SILUTEL.KAMAR VALUES(21322,31562,'bzXsz0YiI');
INSERT INTO SILUTEL.KAMAR VALUES(21108,8941,'KKc8FuEGuttaINkQfL');
INSERT INTO SILUTEL.KAMAR VALUES(4813,21513,'9Rn64CsTL2PeBabc7QDc');
INSERT INTO SILUTEL.KAMAR VALUES(30259,104,'GL5FXH');
INSERT INTO SILUTEL.KAMAR VALUES(17187,2911,'YdrYyB7WEmZFInTWH5P');
INSERT INTO SILUTEL.KAMAR VALUES(24433,25540,'bzXsz0YiI');
INSERT INTO SILUTEL.KAMAR VALUES(421,30412,'9Rn64CsTL2PeBabc7QDc');
INSERT INTO SILUTEL.KAMAR VALUES(17778,19284,'bzXsz0YiI');
INSERT INTO SILUTEL.KAMAR VALUES(19554,6662,'H');
INSERT INTO SILUTEL.KAMAR VALUES(28924,362,'mKxF2QVtqilSSAiOn');
INSERT INTO SILUTEL.KAMAR VALUES(14177,14082,'KKc8FuEGuttaINkQfL');
INSERT INTO SILUTEL.KAMAR VALUES(26185,28532,'9Rn64CsTL2PeBabc7QDc');
INSERT INTO SILUTEL.KAMAR VALUES(30736,24701,'GL5FXH');
INSERT INTO SILUTEL.KAMAR VALUES(755,11770,'bzXsz0YiI');
INSERT INTO SILUTEL.KAMAR VALUES(32086,14277,'GL5FXH');
INSERT INTO SILUTEL.KAMAR VALUES(25188,13887,'woLdvPT6LMD7cD');
INSERT INTO SILUTEL.KAMAR VALUES(3202,31609,'mKxF2QVtqilSSAiOn');
INSERT INTO SILUTEL.KAMAR VALUES(9768,32301,'awuHc93lM');
INSERT INTO SILUTEL.KAMAR VALUES(22079,27841,'mKxF2QVtqilSSAiOn');
INSERT INTO SILUTEL.KAMAR VALUES(2940,5898,'9Rn64CsTL2PeBabc7QDc');
INSERT INTO SILUTEL.KAMAR VALUES(19453,17796,'9Rn64CsTL2PeBabc7QDc');
INSERT INTO SILUTEL.KAMAR VALUES(24176,29441,'UFW3Cu');
INSERT INTO SILUTEL.KAMAR VALUES(8943,23844,'bzXsz0YiI');
INSERT INTO SILUTEL.KAMAR VALUES(3150,29962,'GL5FXH');
INSERT INTO SILUTEL.KAMAR VALUES(12314,15639,'YdrYyB7WEmZFInTWH5P');
INSERT INTO SILUTEL.KAMAR VALUES(28837,28809,'UFW3Cu');
INSERT INTO SILUTEL.KAMAR VALUES(19170,28449,'YdrYyB7WEmZFInTWH5P');
INSERT INTO SILUTEL.KAMAR VALUES(26935,4689,'KKc8FuEGuttaINkQfL');
INSERT INTO SILUTEL.KAMAR VALUES(5127,10955,'H');
INSERT INTO SILUTEL.KAMAR VALUES(21488,22642,'9Rn64CsTL2PeBabc7QDc');
INSERT INTO SILUTEL.KAMAR VALUES(27561,28042,'9Rn64CsTL2PeBabc7QDc');
INSERT INTO SILUTEL.KAMAR VALUES(9570,185,'mKxF2QVtqilSSAiOn');
INSERT INTO SILUTEL.KAMAR VALUES(2679,16328,'GL5FXH');
INSERT INTO SILUTEL.KAMAR VALUES(1710,29240,'YdrYyB7WEmZFInTWH5P');
INSERT INTO SILUTEL.KAMAR VALUES(4371,25421,'GL5FXH');
INSERT INTO SILUTEL.KAMAR VALUES(7959,23996,'H');
INSERT INTO SILUTEL.KAMAR VALUES(29470,22975,'woLdvPT6LMD7cD');
INSERT INTO SILUTEL.KAMAR VALUES(26855,9209,'awuHc93lM');
INSERT INTO SILUTEL.KAMAR VALUES(23106,890,'bzXsz0YiI');
INSERT INTO SILUTEL.KAMAR VALUES(22929,8172,'9Rn64CsTL2PeBabc7QDc');
INSERT INTO SILUTEL.KAMAR VALUES(18408,27074,'mKxF2QVtqilSSAiOn');
INSERT INTO SILUTEL.KAMAR VALUES(19705,3811,'awuHc93lM');
INSERT INTO SILUTEL.KAMAR VALUES(1283,30378,'H');
INSERT INTO SILUTEL.INVOICE_KAMAR VALUES('7mzcIB',32086,14277);
INSERT INTO SILUTEL.INVOICE_KAMAR VALUES('gScskR',23106,890);
INSERT INTO SILUTEL.INVOICE_KAMAR VALUES('rchNa6',26185,28532);
INSERT INTO SILUTEL.INVOICE_KAMAR VALUES('dhTJFI',17187,2911);
INSERT INTO SILUTEL.INVOICE_KAMAR VALUES('Pa4c3z',421,30412);
INSERT INTO SILUTEL.INVOICE_KAMAR VALUES('7pbDmZ',27561,28042);
INSERT INTO SILUTEL.INVOICE_KAMAR VALUES('xGPPV1',19554,6662);
INSERT INTO SILUTEL.INVOICE_KAMAR VALUES('SWz45Y',25188,13887);
INSERT INTO SILUTEL.INVOICE_KAMAR VALUES('ggBrDx',21322,31562);
INSERT INTO SILUTEL.INVOICE_KAMAR VALUES('pLOmAf',19170,28449);
INSERT INTO SILUTEL.INVOICE_KAMAR VALUES('XurGRs',17187,2911);
INSERT INTO SILUTEL.INVOICE_KAMAR VALUES('IpY0ku',21322,31562);
INSERT INTO SILUTEL.INVOICE_KAMAR VALUES('IA2RcI',12314,15639);
INSERT INTO SILUTEL.INVOICE_KAMAR VALUES('M1OCEQ',25188,13887);
INSERT INTO SILUTEL.INVOICE_KAMAR VALUES('gScskR',19170,28449);
INSERT INTO SILUTEL.INVOICE_KAMAR VALUES('wdnGsS',19554,6662);
INSERT INTO SILUTEL.INVOICE_KAMAR VALUES('33L6qz',26855,9209);
INSERT INTO SILUTEL.INVOICE_KAMAR VALUES('5oK8e8',29470,22975);
INSERT INTO SILUTEL.INVOICE_KAMAR VALUES('vBl7Za',27561,28042);
INSERT INTO SILUTEL.INVOICE_KAMAR VALUES('Sw13Nf',17274,18539);
INSERT INTO SILUTEL.INVOICE_KAMAR VALUES('ov7Np7',1710,29240);
INSERT INTO SILUTEL.INVOICE_KAMAR VALUES('N8aCKH',26855,9209);
INSERT INTO SILUTEL.INVOICE_KAMAR VALUES('t64Kxl',8943,23844);
INSERT INTO SILUTEL.INVOICE_KAMAR VALUES('wQMXoj',29470,22975);
INSERT INTO SILUTEL.INVOICE_KAMAR VALUES('QDNH3g',421,30412);
INSERT INTO SILUTEL.INVOICE_KAMAR VALUES('EYquRx',22079,27841);
INSERT INTO SILUTEL.INVOICE_KAMAR VALUES('e87It9',547,22130);
INSERT INTO SILUTEL.INVOICE_KAMAR VALUES('ANp2E0',3052,22751);
INSERT INTO SILUTEL.INVOICE_KAMAR VALUES('cvn4BI',21108,8941);
INSERT INTO SILUTEL.INVOICE_KAMAR VALUES('xhjTfc',17187,2911);
INSERT INTO SILUTEL.INVOICE_KAMAR VALUES('c6CniL',28837,28809);
INSERT INTO SILUTEL.INVOICE_KAMAR VALUES('lmnylV',21311,26776);
INSERT INTO SILUTEL.INVOICE_KAMAR VALUES('fZNiBH',22079,27841);
INSERT INTO SILUTEL.INVOICE_KAMAR VALUES('pM9Tlm',17778,19284);
INSERT INTO SILUTEL.INVOICE_KAMAR VALUES('Mh1BFY',4813,21513);
INSERT INTO SILUTEL.INVOICE_KAMAR VALUES('Ao19nX',26185,28532);
INSERT INTO SILUTEL.INVOICE_KAMAR VALUES('EYquRx',2679,16328);
INSERT INTO SILUTEL.INVOICE_KAMAR VALUES('DjGFA3',26855,9209);
INSERT INTO SILUTEL.INVOICE_KAMAR VALUES('XiV9NJ',14177,14082);
INSERT INTO SILUTEL.INVOICE_KAMAR VALUES('8jQvpi',17187,2911);
INSERT INTO SILUTEL.INVOICE_KAMAR VALUES('VSHsxv',17778,19284);
INSERT INTO SILUTEL.INVOICE_KAMAR VALUES('5AXgHQ',30736,24701);
INSERT INTO SILUTEL.INVOICE_KAMAR VALUES('pLOmAf',1710,29240);
INSERT INTO SILUTEL.INVOICE_KAMAR VALUES('IA2RcI',17778,19284);
INSERT INTO SILUTEL.INVOICE_KAMAR VALUES('iyhcWj',29470,22975);
INSERT INTO SILUTEL.INVOICE_KAMAR VALUES('9n4dyk',28837,28809);
INSERT INTO SILUTEL.INVOICE_KAMAR VALUES('t4vatv',8943,23844);
INSERT INTO SILUTEL.INVOICE_KAMAR VALUES('gm7OIA',28924,362);
INSERT INTO SILUTEL.INVOICE_KAMAR VALUES('P9Od3v',1283,30378);
INSERT INTO SILUTEL.INVOICE_KAMAR VALUES('nCBYSO',12314,15639);
INSERT INTO SILUTEL.INVOICE_KAMAR VALUES('0lIOy0',14177,14082);
INSERT INTO SILUTEL.INVOICE_KAMAR VALUES('FmBabP',3052,22751);
INSERT INTO SILUTEL.INVOICE_KAMAR VALUES('cSP8lR',21322,31562);
INSERT INTO SILUTEL.INVOICE_KAMAR VALUES('cn45O5',1710,29240);
INSERT INTO SILUTEL.INVOICE_KAMAR VALUES('dhTJFI',29681,7796);
INSERT INTO SILUTEL.INVOICE_KAMAR VALUES('tisUtq',1710,29240);
INSERT INTO SILUTEL.INVOICE_KAMAR VALUES('ZAojhZ',755,11770);
INSERT INTO SILUTEL.INVOICE_KAMAR VALUES('4ZWz3H',2679,16328);
INSERT INTO SILUTEL.INVOICE_KAMAR VALUES('0fjTX2',14177,14082);
INSERT INTO SILUTEL.INVOICE_KAMAR VALUES('Ss25S4',5127,10955);
INSERT INTO SILUTEL.INVOICE_KAMAR VALUES('5bfTNM',12314,15639);
INSERT INTO SILUTEL.INVOICE_KAMAR VALUES('ZAojhZ',3202,31609);
INSERT INTO SILUTEL.INVOICE_KAMAR VALUES('SQKfeT',12314,15639);
INSERT INTO SILUTEL.INVOICE_KAMAR VALUES('WQw4ij',26855,9209);
INSERT INTO SILUTEL.INVOICE_KAMAR VALUES('7pbDmZ',30199,25611);
INSERT INTO SILUTEL.INVOICE_KAMAR VALUES('t64Kxl',3202,31609);
INSERT INTO SILUTEL.INVOICE_KAMAR VALUES('iQ6xf8',547,22130);
INSERT INTO SILUTEL.INVOICE_KAMAR VALUES('5oK8e8',24176,29441);
INSERT INTO SILUTEL.INVOICE_KAMAR VALUES('3giDKo',5127,10955);
INSERT INTO SILUTEL.INVOICE_KAMAR VALUES('5oK8e8',421,30412);
INSERT INTO SILUTEL.INVOICE_KAMAR VALUES('q4163I',21311,26776);
INSERT INTO SILUTEL.INVOICE_KAMAR VALUES('O6vkfU',547,22130);
INSERT INTO SILUTEL.INVOICE_KAMAR VALUES('u5EyIc',17778,19284);
INSERT INTO SILUTEL.INVOICE_KAMAR VALUES('vkGb0N',3052,22751);
INSERT INTO SILUTEL.INVOICE_KAMAR VALUES('QrIYD8',21108,8941);
INSERT INTO SILUTEL.INVOICE_KAMAR VALUES('ka9CjQ',4371,25421);
INSERT INTO SILUTEL.INVOICE_KAMAR VALUES('Pa4c3z',547,22130);
INSERT INTO SILUTEL.INVOICE_KAMAR VALUES('urj4rv',2679,16328);
INSERT INTO SILUTEL.INVOICE_KAMAR VALUES('gm7OIA',30259,104);
INSERT INTO SILUTEL.INVOICE_KAMAR VALUES('sVeLtF',32086,14277);
INSERT INTO SILUTEL.INVOICE_KAMAR VALUES('5AEvWi',23106,890);
INSERT INTO SILUTEL.INVOICE_KAMAR VALUES('Yn1Dt8',21322,31562);
INSERT INTO SILUTEL.INVOICE_KAMAR VALUES('RI2eLZ',17274,18539);
INSERT INTO SILUTEL.INVOICE_KAMAR VALUES('9OlKdn',17187,2911);
INSERT INTO SILUTEL.INVOICE_KAMAR VALUES('WmJnHo',3202,31609);
INSERT INTO SILUTEL.INVOICE_KAMAR VALUES('68qVmU',26935,4689);
INSERT INTO SILUTEL.INVOICE_KAMAR VALUES('2QYVTd',3202,31609);
INSERT INTO SILUTEL.INVOICE_KAMAR VALUES('c6CniL',5379,2486);
INSERT INTO SILUTEL.INVOICE_KAMAR VALUES('N4ZxXC',24433,25540);
INSERT INTO SILUTEL.INVOICE_KAMAR VALUES('eoSymn',5127,10955);
INSERT INTO SILUTEL.INVOICE_KAMAR VALUES('tqEZGO',2940,5898);
INSERT INTO SILUTEL.INVOICE_KAMAR VALUES('gKrKEF',19554,6662);
INSERT INTO SILUTEL.INVOICE_KAMAR VALUES('gKrKEF',22929,8172);
INSERT INTO SILUTEL.INVOICE_KAMAR VALUES('nTGRXc',21322,31562);
INSERT INTO SILUTEL.INVOICE_KAMAR VALUES('q4KDew',1710,29240);
INSERT INTO SILUTEL.INVOICE_KAMAR VALUES('rlNe0q',3052,22751);
INSERT INTO SILUTEL.INVOICE_KAMAR VALUES('ZSump9',4371,25421);
INSERT INTO SILUTEL.INVOICE_KAMAR VALUES('nXJ2xn',19453,17796);
INSERT INTO SILUTEL.INVOICE_KAMAR VALUES('wQMXoj',12314,15639);
INSERT INTO SILUTEL.INVOICE_KAMAR VALUES('0FKMr0',4371,25421);
INSERT INTO SILUTEL.INVOICE_KAMAR VALUES('68qVmU',17778,19284);
INSERT INTO SILUTEL.INVOICE_KAMAR VALUES('DWigPt',4371,25421);
INSERT INTO SILUTEL.INVOICE_KAMAR VALUES('vQxEtN',21108,8941);
INSERT INTO SILUTEL.INVOICE_KAMAR VALUES('dRQPtP',30199,25611);
INSERT INTO SILUTEL.INVOICE_KAMAR VALUES('vkGb0N',547,22130);
INSERT INTO SILUTEL.INVOICE_KAMAR VALUES('nCBYSO',547,22130);
INSERT INTO SILUTEL.INVOICE_KAMAR VALUES('aWrGXz',3202,31609);
INSERT INTO SILUTEL.INVOICE_KAMAR VALUES('c6CniL',19170,28449);
INSERT INTO SILUTEL.INVOICE_KAMAR VALUES('pqNor3',8943,23844);
INSERT INTO SILUTEL.INVOICE_KAMAR VALUES('DPCdaW',8943,23844);
INSERT INTO SILUTEL.INVOICE_KAMAR VALUES('rBAkj8',755,11770);
INSERT INTO SILUTEL.INVOICE_KAMAR VALUES('AVMlmh',3202,31609);
INSERT INTO SILUTEL.INVOICE_KAMAR VALUES('bIPl9d',3150,29962);
INSERT INTO SILUTEL.INVOICE_KAMAR VALUES('rBAkj8',2940,5898);
INSERT INTO SILUTEL.INVOICE_KAMAR VALUES('tT7pNk',21311,26776);
INSERT INTO SILUTEL.INVOICE_KAMAR VALUES('ZAojhZ',2940,5898);
INSERT INTO SILUTEL.INVOICE_KAMAR VALUES('LOWGoX',26935,4689);
INSERT INTO SILUTEL.INVOICE_KAMAR VALUES('kSgPL5',23106,890);
INSERT INTO SILUTEL.INVOICE_KAMAR VALUES('4liWZD',3052,22751);
INSERT INTO SILUTEL.INVOICE_KAMAR VALUES('Ayp1dC',17187,2911);
INSERT INTO SILUTEL.INVOICE_KAMAR VALUES('MAYhTk',9768,32301);
INSERT INTO SILUTEL.INVOICE_KAMAR VALUES('rlNe0q',4371,25421);
INSERT INTO SILUTEL.INVOICE_KAMAR VALUES('0YvDTA',21488,22642);
INSERT INTO SILUTEL.INVOICE_KAMAR VALUES('WX6Cmy',2679,16328);
INSERT INTO SILUTEL.INVOICE_KAMAR VALUES('hMm2NU',17187,2911);
INSERT INTO SILUTEL.INVOICE_KAMAR VALUES('Fjvesj',3202,31609);
INSERT INTO SILUTEL.INVOICE_KAMAR VALUES('nmnhON',29470,22975);
INSERT INTO SILUTEL.INVOICE_KAMAR VALUES('TdtkCg',4371,25421);
INSERT INTO SILUTEL.INVOICE_KAMAR VALUES('gvVwnO',1710,29240);
INSERT INTO SILUTEL.INVOICE_KAMAR VALUES('IpY0ku',12314,15639);
INSERT INTO SILUTEL.INVOICE_KAMAR VALUES('QDNH3g',30259,104);
INSERT INTO SILUTEL.INVOICE_KAMAR VALUES('LOWGoX',3052,22751);
INSERT INTO SILUTEL.INVOICE_KAMAR VALUES('cvn4BI',32086,14277);
INSERT INTO SILUTEL.INVOICE_KAMAR VALUES('3giDKo',17778,19284);
INSERT INTO SILUTEL.INVOICE_KAMAR VALUES('5VvFiE',5379,2486);
INSERT INTO SILUTEL.INVOICE_KAMAR VALUES('ovPTog',2679,16328);
INSERT INTO SILUTEL.INVOICE_KAMAR VALUES('Yn1Dt8',3150,29962);
INSERT INTO SILUTEL.INVOICE_KAMAR VALUES('eMioDq',2679,16328);
INSERT INTO SILUTEL.INVOICE_KAMAR VALUES('acFIEu',12314,15639);
INSERT INTO SILUTEL.INVOICE_KAMAR VALUES('tGPEzt',19705,3811);
INSERT INTO SILUTEL.INVOICE_KAMAR VALUES('Fjvesj',7959,23996);
INSERT INTO SILUTEL.INVOICE_KAMAR VALUES('pfJ01Y',2940,5898);
INSERT INTO SILUTEL.INVOICE_KAMAR VALUES('iUrWsc',1283,30378);
INSERT INTO SILUTEL.INVOICE_KAMAR VALUES('iH36wd',18408,27074);
INSERT INTO SILUTEL.INVOICE_KAMAR VALUES('yNqgh4',17187,2911);
INSERT INTO SILUTEL.INVOICE_KAMAR VALUES('Vwo4Hw',19705,3811);
INSERT INTO SILUTEL.INVOICE_KAMAR VALUES('q4163I',30199,25611);
INSERT INTO SILUTEL.INVOICE_KAMAR VALUES('RRlBIU',1283,30378);
INSERT INTO SILUTEL.INVOICE_KAMAR VALUES('uauitp',21108,8941);
INSERT INTO SILUTEL.INVOICE_KAMAR VALUES('zn1gkY',21488,22642);
INSERT INTO SILUTEL.INVOICE_KAMAR VALUES('0lIOy0',21108,8941);
INSERT INTO SILUTEL.INVOICE_KAMAR VALUES('MAYhTk',27561,28042);
INSERT INTO SILUTEL.INVOICE_KAMAR VALUES('V0nELV',24433,25540);
INSERT INTO SILUTEL.INVOICE_KAMAR VALUES('k88EjR',8943,23844);
INSERT INTO SILUTEL.INVOICE_KAMAR VALUES('i9M2rX',32086,14277);
INSERT INTO SILUTEL.INVOICE_KAMAR VALUES('WQw4ij',18408,27074);
INSERT INTO SILUTEL.INVOICE_KAMAR VALUES('GWAOMS',17187,2911);
INSERT INTO SILUTEL.INVOICE_KAMAR VALUES('3RIfK2',19170,28449);
INSERT INTO SILUTEL.INVOICE_KAMAR VALUES('z1cH1W',19170,28449);
INSERT INTO SILUTEL.INVOICE_KAMAR VALUES('P2xty8',4371,25421);
INSERT INTO SILUTEL.INVOICE_KAMAR VALUES('unOugV',21322,31562);
INSERT INTO SILUTEL.INVOICE_KAMAR VALUES('rYxhTo',7959,23996);
INSERT INTO SILUTEL.INVOICE_KAMAR VALUES('dbDus3',5379,2486);
INSERT INTO SILUTEL.INVOICE_KAMAR VALUES('2VShPy',26855,9209);
INSERT INTO SILUTEL.INVOICE_KAMAR VALUES('WXfbsI',19453,17796);
INSERT INTO SILUTEL.INVOICE_KAMAR VALUES('YxF528',547,22130);
INSERT INTO SILUTEL.INVOICE_KAMAR VALUES('lo021x',8943,23844);
INSERT INTO SILUTEL.INVOICE_KAMAR VALUES('CXrGW4',27561,28042);
INSERT INTO SILUTEL.INVOICE_KAMAR VALUES('5AXgHQ',547,22130);
INSERT INTO SILUTEL.INVOICE_KAMAR VALUES('i9M2rX',8943,23844);
INSERT INTO SILUTEL.INVOICE_KAMAR VALUES('z7Dopr',17778,19284);
INSERT INTO SILUTEL.INVOICE_KAMAR VALUES('1LRcT5',14177,14082);
INSERT INTO SILUTEL.INVOICE_KAMAR VALUES('BXWdTz',32086,14277);
INSERT INTO SILUTEL.INVOICE_KAMAR VALUES('0YvDTA',1710,29240);
INSERT INTO SILUTEL.INVOICE_KAMAR VALUES('Ao19nX',28924,362);
INSERT INTO SILUTEL.INVOICE_KAMAR VALUES('MzvlEH',22929,8172);
INSERT INTO SILUTEL.INVOICE_KAMAR VALUES('e20K5U',22079,27841);
INSERT INTO SILUTEL.INVOICE_KAMAR VALUES('JFWDWn',17187,2911);
INSERT INTO SILUTEL.INVOICE_KAMAR VALUES('Tuu5m6',7959,23996);
INSERT INTO SILUTEL.INVOICE_KAMAR VALUES('DScTKv',22079,27841);
INSERT INTO SILUTEL.INVOICE_KAMAR VALUES('tisUtq',19453,17796);
INSERT INTO SILUTEL.INVOICE_KAMAR VALUES('JFWDWn',25188,13887);
INSERT INTO SILUTEL.INVOICE_KAMAR VALUES('sVeLtF',2940,5898);
INSERT INTO SILUTEL.INVOICE_KAMAR VALUES('3giDKo',24433,25540);
INSERT INTO SILUTEL.INVOICE_KAMAR VALUES('V0nELV',547,22130);
INSERT INTO SILUTEL.INVOICE_KAMAR VALUES('OCQcUm',22929,8172);
INSERT INTO SILUTEL.INVOICE_KAMAR VALUES('RI2eLZ',30199,25611);
INSERT INTO SILUTEL.INVOICE_KAMAR VALUES('u0i5L3',26185,28532);
INSERT INTO SILUTEL.INVOICE_KAMAR VALUES('Go4Lm1',3052,22751);
INSERT INTO SILUTEL.INVOICE_KAMAR VALUES('rUdjR7',4371,25421);
INSERT INTO SILUTEL.INVOICE_KAMAR VALUES('0FKMr0',21488,22642);
INSERT INTO SILUTEL.INVOICE_KAMAR VALUES('tGPEzt',1283,30378);
INSERT INTO SILUTEL.INVOICE_KAMAR VALUES('rchNa6',21311,26776);
INSERT INTO SILUTEL.INVOICE_KAMAR VALUES('rYxhTo',755,11770);
INSERT INTO SILUTEL.INVOICE_KAMAR VALUES('EYquRx',4371,25421);
INSERT INTO SILUTEL.INVOICE_KAMAR VALUES('bnOzIE',19705,3811);
INSERT INTO SILUTEL.INVOICE_KAMAR VALUES('bgGIOV',9570,185);
INSERT INTO SILUTEL.INVOICE_KAMAR VALUES('VV3xuJ',2940,5898);
INSERT INTO SILUTEL.INVOICE_KAMAR VALUES('tisUtq',23106,890);
INSERT INTO SILUTEL.INVOICE_KAMAR VALUES('Sw13Nf',8943,23844);
INSERT INTO SILUTEL.INVENTORI VALUES('8RaK7q3b2mw','LFPOKUQwGin69',0);
INSERT INTO SILUTEL.INVENTORI VALUES('rwcAsi','kwOpNgcR23HtdPAqym',0);
INSERT INTO SILUTEL.INVENTORI VALUES('dDvv6BhfcEfSajCVRNm','JBr9q8eIXslem',0);
INSERT INTO SILUTEL.INVENTORI VALUES('ePeH67kpMpmB0','kaDS6wbA9hMmoAIlqNO',0);
INSERT INTO SILUTEL.INVENTORI VALUES('IjwiHLLlWdHJQKlVkly','T2LeWms5',0);
INSERT INTO SILUTEL.INVENTORI VALUES('XPmD0run','7E',0);
INSERT INTO SILUTEL.INVENTORI VALUES('jAwWxg','VTe',0);
INSERT INTO SILUTEL.INVENTORI VALUES('GaJW90ZC2GNkeLIOXF','rD2RM',0);
INSERT INTO SILUTEL.INVENTORI VALUES('h','FExePEG4lYViRCUdyFc',0);
INSERT INTO SILUTEL.INVENTORI VALUES('KfVouOM52','JYYOs',0);
INSERT INTO SILUTEL.INVENTORI VALUES('N0gsD2sfRmHEEAX4sPc','tb',0);
INSERT INTO SILUTEL.INVENTORI VALUES('0pNWi2dX','1XwO4uy6g',0);
INSERT INTO SILUTEL.INVENTORI VALUES('TxT4Fv2YA9g5','OJ8oyXCAhOX4QeZ',0);
INSERT INTO SILUTEL.INVENTORI VALUES('0','Dow3WPiK8nn4',0);
INSERT INTO SILUTEL.INVENTORI VALUES('oL1FwVQxzl9','ScxiYCK8llm60X',0);
INSERT INTO SILUTEL.INVENTORI VALUES('2H06QC0f9RPYNhbZgLQ','78kOZ',0);
INSERT INTO SILUTEL.INVENTORI VALUES('eY','mNXGwBIb2',0);
INSERT INTO SILUTEL.INVENTORI VALUES('B0yR','GIb',0);
INSERT INTO SILUTEL.INVENTORI VALUES('j1SYLp5HQVx0toJFylT','0',0);
INSERT INTO SILUTEL.INVENTORI VALUES('LJRyMb4mq6j3M','vEg',0);
INSERT INTO SILUTEL.INVENTORI VALUES('8mzV','AQfBocSa6C',0);
INSERT INTO SILUTEL.INVENTORI VALUES('ku8OBuaytX','U',0);
INSERT INTO SILUTEL.INVENTORI VALUES('IxAxckLz49','etQYPzZOKo',0);
INSERT INTO SILUTEL.INVENTORI VALUES('DnZh2','7DAgoWd8D28u',0);
INSERT INTO SILUTEL.INVENTORI VALUES('8VFcK7TX1','a7ZAR29NQUy7HH92mJbH',0);
INSERT INTO SILUTEL.INVENTORI VALUES('7xkLFHaGFKVlQVuKg7','B',0);
INSERT INTO SILUTEL.INVENTORI VALUES('DCYsDbSC0bcunCCPmvuu','8sltSlWD9HWJiCtGKkj',0);
INSERT INTO SILUTEL.INVENTORI VALUES('jfpePrTP5g7xkJz48','e71C3Ldcx4K1pw6',0);
INSERT INTO SILUTEL.INVENTORI VALUES('pWkdv8NKvfLMi2qv','Yo6X7',0);
INSERT INTO SILUTEL.INVENTORI VALUES('FNSl7','IJDsWNiy5C2',0);
INSERT INTO SILUTEL.INVENTORI VALUES('Y2uHlbT','6tj3Ob',0);
INSERT INTO SILUTEL.INVENTORI VALUES('4noXhOha79qEL','RcY8TZUgBm6',0);
INSERT INTO SILUTEL.INVENTORI VALUES('vvu9L88NTb','Ult',0);
INSERT INTO SILUTEL.INVENTORI VALUES('hMpu66COS9','sP52jqvTf3pVjE1v',0);
INSERT INTO SILUTEL.INVENTORI VALUES('gDS08O3hY5OzT4','l7q7sQ4CLz3oLDL',0);
INSERT INTO SILUTEL.INVENTORI VALUES('TVLemu7NGt','vzCT9',0);
INSERT INTO SILUTEL.INVENTORI VALUES('xPtpGRONFTRy1','sHAWHuwwFxS5QJxXhd',0);
INSERT INTO SILUTEL.INVENTORI VALUES('3TBw','BXAX',0);
INSERT INTO SILUTEL.INVENTORI VALUES('nwffOG','9tNq8tH04',0);
INSERT INTO SILUTEL.INVENTORI VALUES('NHO3Fgt3','we1k4FhkS1K0vNimdp',0);
INSERT INTO SILUTEL.INVENTORI VALUES('KNcI','FNy4kK88Sp3RJiMTCP',0);
INSERT INTO SILUTEL.INVENTORI VALUES('8OW8rA3m7Oiykq1','Kvq18q50vR8dygSd72jY',0);
INSERT INTO SILUTEL.INVENTORI VALUES('3MPpIpCYQH6dUXLs7StF','DrfqYi49BN1JL',0);
INSERT INTO SILUTEL.INVENTORI VALUES('XZQ','stTMIkKuNBl5uD6',0);
INSERT INTO SILUTEL.INVENTORI VALUES('dnAJy1u6Pzm6dSQ','bjPb72j4t3M6lcSIAd8a',0);
INSERT INTO SILUTEL.INVENTORI VALUES('YI1e2qMaWcnbHK','E4lNNTpeFLTjryEUQSh',0);
INSERT INTO SILUTEL.INVENTORI VALUES('Zg79P8mgv','GSRtEvzRlNVCk',0);
INSERT INTO SILUTEL.INVENTORI VALUES('3','4hphctugoQGkyzp4',0);
INSERT INTO SILUTEL.INVENTORI VALUES('QMTlqJsUF05n9g3WBd','lw7h9ZwbCF7FHB2',0);
INSERT INTO SILUTEL.INVENTORI VALUES('PKfD8F3M1t','QFdpUXY2o9Hh2Hjca',0);
INSERT INTO SILUTEL.INVENTORI_TIPE_KAMAR VALUES('bzXsz0YiI','oL1FwVQxzl9','ScxiYCK8llm60X',9763);
INSERT INTO SILUTEL.INVENTORI_TIPE_KAMAR VALUES('YdrYyB7WEmZFInTWH5P','rwcAsi','kwOpNgcR23HtdPAqym',25699);
INSERT INTO SILUTEL.INVENTORI_TIPE_KAMAR VALUES('woLdvPT6LMD7cD','Zg79P8mgv','GSRtEvzRlNVCk',12666);
INSERT INTO SILUTEL.INVENTORI_TIPE_KAMAR VALUES('UFW3Cu','YI1e2qMaWcnbHK','E4lNNTpeFLTjryEUQSh',23843);
INSERT INTO SILUTEL.INVENTORI_TIPE_KAMAR VALUES('H','Y2uHlbT','6tj3Ob',16186);
INSERT INTO SILUTEL.INVENTORI_TIPE_KAMAR VALUES('bzXsz0YiI','8RaK7q3b2mw','LFPOKUQwGin69',38);
INSERT INTO SILUTEL.INVENTORI_TIPE_KAMAR VALUES('awuHc93lM','N0gsD2sfRmHEEAX4sPc','tb',3077);
INSERT INTO SILUTEL.INVENTORI_TIPE_KAMAR VALUES('woLdvPT6LMD7cD','YI1e2qMaWcnbHK','E4lNNTpeFLTjryEUQSh',10981);
INSERT INTO SILUTEL.INVENTORI_TIPE_KAMAR VALUES('mKxF2QVtqilSSAiOn','TVLemu7NGt','vzCT9',24185);
INSERT INTO SILUTEL.INVENTORI_TIPE_KAMAR VALUES('mKxF2QVtqilSSAiOn','dnAJy1u6Pzm6dSQ','bjPb72j4t3M6lcSIAd8a',19117);
INSERT INTO SILUTEL.INVENTORI_TIPE_KAMAR VALUES('GL5FXH','j1SYLp5HQVx0toJFylT','0',20179);
INSERT INTO SILUTEL.INVENTORI_TIPE_KAMAR VALUES('woLdvPT6LMD7cD','vvu9L88NTb','Ult',23041);
INSERT INTO SILUTEL.INVENTORI_TIPE_KAMAR VALUES('awuHc93lM','2H06QC0f9RPYNhbZgLQ','78kOZ',15782);
INSERT INTO SILUTEL.INVENTORI_TIPE_KAMAR VALUES('UFW3Cu','ePeH67kpMpmB0','kaDS6wbA9hMmoAIlqNO',24006);
INSERT INTO SILUTEL.INVENTORI_TIPE_KAMAR VALUES('bzXsz0YiI','xPtpGRONFTRy1','sHAWHuwwFxS5QJxXhd',17114);
INSERT INTO SILUTEL.INVENTORI_TIPE_KAMAR VALUES('awuHc93lM','QMTlqJsUF05n9g3WBd','lw7h9ZwbCF7FHB2',8061);
INSERT INTO SILUTEL.INVENTORI_TIPE_KAMAR VALUES('KKc8FuEGuttaINkQfL','IjwiHLLlWdHJQKlVkly','T2LeWms5',32634);
INSERT INTO SILUTEL.INVENTORI_TIPE_KAMAR VALUES('9Rn64CsTL2PeBabc7QDc','NHO3Fgt3','we1k4FhkS1K0vNimdp',18808);
INSERT INTO SILUTEL.INVENTORI_TIPE_KAMAR VALUES('UFW3Cu','gDS08O3hY5OzT4','l7q7sQ4CLz3oLDL',19060);
INSERT INTO SILUTEL.INVENTORI_TIPE_KAMAR VALUES('9Rn64CsTL2PeBabc7QDc','ePeH67kpMpmB0','kaDS6wbA9hMmoAIlqNO',25167);
INSERT INTO SILUTEL.INVENTORI_TIPE_KAMAR VALUES('woLdvPT6LMD7cD','3TBw','BXAX',23112);
INSERT INTO SILUTEL.INVENTORI_TIPE_KAMAR VALUES('UFW3Cu','8VFcK7TX1','a7ZAR29NQUy7HH92mJbH',17672);
INSERT INTO SILUTEL.INVENTORI_TIPE_KAMAR VALUES('woLdvPT6LMD7cD','ku8OBuaytX','U',207);
INSERT INTO SILUTEL.INVENTORI_TIPE_KAMAR VALUES('YdrYyB7WEmZFInTWH5P','ku8OBuaytX','U',14985);
INSERT INTO SILUTEL.INVENTORI_TIPE_KAMAR VALUES('KKc8FuEGuttaINkQfL','xPtpGRONFTRy1','sHAWHuwwFxS5QJxXhd',19281);
INSERT INTO SILUTEL.INVENTORI_TIPE_KAMAR VALUES('mKxF2QVtqilSSAiOn','0pNWi2dX','1XwO4uy6g',26268);
INSERT INTO SILUTEL.INVENTORI_TIPE_KAMAR VALUES('9Rn64CsTL2PeBabc7QDc','8mzV','AQfBocSa6C',26937);
INSERT INTO SILUTEL.INVENTORI_TIPE_KAMAR VALUES('awuHc93lM','3','4hphctugoQGkyzp4',27123);
INSERT INTO SILUTEL.INVENTORI_TIPE_KAMAR VALUES('awuHc93lM','nwffOG','9tNq8tH04',26798);
INSERT INTO SILUTEL.INVENTORI_TIPE_KAMAR VALUES('YdrYyB7WEmZFInTWH5P','pWkdv8NKvfLMi2qv','Yo6X7',7743);
INSERT INTO SILUTEL.INVENTORI_TIPE_KAMAR VALUES('YdrYyB7WEmZFInTWH5P','3MPpIpCYQH6dUXLs7StF','DrfqYi49BN1JL',6398);
INSERT INTO SILUTEL.INVENTORI_TIPE_KAMAR VALUES('9Rn64CsTL2PeBabc7QDc','jfpePrTP5g7xkJz48','e71C3Ldcx4K1pw6',14692);
INSERT INTO SILUTEL.INVENTORI_TIPE_KAMAR VALUES('UFW3Cu','vvu9L88NTb','Ult',5605);
INSERT INTO SILUTEL.INVENTORI_TIPE_KAMAR VALUES('UFW3Cu','hMpu66COS9','sP52jqvTf3pVjE1v',24554);
INSERT INTO SILUTEL.INVENTORI_TIPE_KAMAR VALUES('KKc8FuEGuttaINkQfL','8mzV','AQfBocSa6C',8358);
INSERT INTO SILUTEL.INVENTORI_TIPE_KAMAR VALUES('9Rn64CsTL2PeBabc7QDc','h','FExePEG4lYViRCUdyFc',10405);
INSERT INTO SILUTEL.INVENTORI_TIPE_KAMAR VALUES('awuHc93lM','Y2uHlbT','6tj3Ob',7653);
INSERT INTO SILUTEL.INVENTORI_TIPE_KAMAR VALUES('woLdvPT6LMD7cD','8OW8rA3m7Oiykq1','Kvq18q50vR8dygSd72jY',26134);
INSERT INTO SILUTEL.INVENTORI_TIPE_KAMAR VALUES('mKxF2QVtqilSSAiOn','FNSl7','IJDsWNiy5C2',28416);
INSERT INTO SILUTEL.INVENTORI_TIPE_KAMAR VALUES('bzXsz0YiI','DnZh2','7DAgoWd8D28u',22944);
INSERT INTO SILUTEL.INVENTORI_TIPE_KAMAR VALUES('awuHc93lM','KfVouOM52','JYYOs',24817);
INSERT INTO SILUTEL.INVENTORI_TIPE_KAMAR VALUES('bzXsz0YiI','FNSl7','IJDsWNiy5C2',10076);
INSERT INTO SILUTEL.INVENTORI_TIPE_KAMAR VALUES('9Rn64CsTL2PeBabc7QDc','XPmD0run','7E',29586);
INSERT INTO SILUTEL.INVENTORI_TIPE_KAMAR VALUES('GL5FXH','3MPpIpCYQH6dUXLs7StF','DrfqYi49BN1JL',7372);
INSERT INTO SILUTEL.INVENTORI_TIPE_KAMAR VALUES('bzXsz0YiI','eY','mNXGwBIb2',17896);
INSERT INTO SILUTEL.INVENTORI_TIPE_KAMAR VALUES('9Rn64CsTL2PeBabc7QDc','3','4hphctugoQGkyzp4',1788);
INSERT INTO SILUTEL.INVENTORI_TIPE_KAMAR VALUES('awuHc93lM','KNcI','FNy4kK88Sp3RJiMTCP',30533);
INSERT INTO SILUTEL.INVENTORI_TIPE_KAMAR VALUES('woLdvPT6LMD7cD','LJRyMb4mq6j3M','vEg',22160);
INSERT INTO SILUTEL.INVENTORI_TIPE_KAMAR VALUES('GL5FXH','GaJW90ZC2GNkeLIOXF','rD2RM',17770);
INSERT INTO SILUTEL.INVENTORI_TIPE_KAMAR VALUES('woLdvPT6LMD7cD','XPmD0run','7E',16930);
INSERT INTO SILUTEL.INVENTORI_TIPE_KAMAR VALUES('GL5FXH','XZQ','stTMIkKuNBl5uD6',22612);
INSERT INTO SILUTEL.INVENTORI_TIPE_KAMAR VALUES('9Rn64CsTL2PeBabc7QDc','B0yR','GIb',17086);
INSERT INTO SILUTEL.INVENTORI_TIPE_KAMAR VALUES('GL5FXH','eY','mNXGwBIb2',25788);
INSERT INTO SILUTEL.INVENTORI_TIPE_KAMAR VALUES('KKc8FuEGuttaINkQfL','TxT4Fv2YA9g5','OJ8oyXCAhOX4QeZ',12768);
INSERT INTO SILUTEL.INVENTORI_TIPE_KAMAR VALUES('awuHc93lM','7xkLFHaGFKVlQVuKg7','B',30810);
INSERT INTO SILUTEL.INVENTORI_TIPE_KAMAR VALUES('H','4noXhOha79qEL','RcY8TZUgBm6',22231);
INSERT INTO SILUTEL.INVENTORI_TIPE_KAMAR VALUES('awuHc93lM','3TBw','BXAX',25720);
INSERT INTO SILUTEL.INVENTORI_TIPE_KAMAR VALUES('H','8RaK7q3b2mw','LFPOKUQwGin69',19108);
INSERT INTO SILUTEL.INVENTORI_TIPE_KAMAR VALUES('YdrYyB7WEmZFInTWH5P','TxT4Fv2YA9g5','OJ8oyXCAhOX4QeZ',1339);
INSERT INTO SILUTEL.INVENTORI_TIPE_KAMAR VALUES('UFW3Cu','TxT4Fv2YA9g5','OJ8oyXCAhOX4QeZ',17450);
INSERT INTO SILUTEL.INVENTORI_TIPE_KAMAR VALUES('awuHc93lM','PKfD8F3M1t','QFdpUXY2o9Hh2Hjca',8135);
INSERT INTO SILUTEL.INVENTORI_TIPE_KAMAR VALUES('GL5FXH','ku8OBuaytX','U',25054);
INSERT INTO SILUTEL.INVENTORI_TIPE_KAMAR VALUES('woLdvPT6LMD7cD','IjwiHLLlWdHJQKlVkly','T2LeWms5',12930);
INSERT INTO SILUTEL.INVENTORI_TIPE_KAMAR VALUES('GL5FXH','jAwWxg','VTe',17425);
INSERT INTO SILUTEL.INVENTORI_TIPE_KAMAR VALUES('YdrYyB7WEmZFInTWH5P','TVLemu7NGt','vzCT9',32517);
INSERT INTO SILUTEL.INVENTORI_TIPE_KAMAR VALUES('awuHc93lM','pWkdv8NKvfLMi2qv','Yo6X7',26805);
INSERT INTO SILUTEL.INVENTORI_TIPE_KAMAR VALUES('UFW3Cu','IxAxckLz49','etQYPzZOKo',1526);
INSERT INTO SILUTEL.INVENTORI_TIPE_KAMAR VALUES('awuHc93lM','DCYsDbSC0bcunCCPmvuu','8sltSlWD9HWJiCtGKkj',30699);
INSERT INTO SILUTEL.INVENTORI_TIPE_KAMAR VALUES('H','0','Dow3WPiK8nn4',16987);
INSERT INTO SILUTEL.INVENTORI_TIPE_KAMAR VALUES('bzXsz0YiI','2H06QC0f9RPYNhbZgLQ','78kOZ',20136);
INSERT INTO SILUTEL.INVENTORI_TIPE_KAMAR VALUES('KKc8FuEGuttaINkQfL','7xkLFHaGFKVlQVuKg7','B',18405);
INSERT INTO SILUTEL.INVENTORI_TIPE_KAMAR VALUES('9Rn64CsTL2PeBabc7QDc','gDS08O3hY5OzT4','l7q7sQ4CLz3oLDL',21891);
INSERT INTO SILUTEL.INVENTORI_TIPE_KAMAR VALUES('bzXsz0YiI','dnAJy1u6Pzm6dSQ','bjPb72j4t3M6lcSIAd8a',19832);
INSERT INTO SILUTEL.INVENTORI_TIPE_KAMAR VALUES('KKc8FuEGuttaINkQfL','dDvv6BhfcEfSajCVRNm','JBr9q8eIXslem',5177);
INSERT INTO SILUTEL.INVENTORI_TIPE_KAMAR VALUES('mKxF2QVtqilSSAiOn','IxAxckLz49','etQYPzZOKo',22669);
INSERT INTO SILUTEL.LAUNDRY_INVENTORI VALUES('pWkdv8NKvfLMi2qv','Yo6X7','wjbhyOxR8wxs@ui.ac.id','2016-04-17 10:18:58',17024,13440,'2016-04-28 22:9:52');
INSERT INTO SILUTEL.LAUNDRY_INVENTORI VALUES('jfpePrTP5g7xkJz48','e71C3Ldcx4K1pw6','hAwkZKKTDUcnwO@ui.ac.id','2016-04-04 8:22:29',3335,11929,'2016-04-04 23:26:41');
INSERT INTO SILUTEL.LAUNDRY_INVENTORI VALUES('8OW8rA3m7Oiykq1','Kvq18q50vR8dygSd72jY','zHIEIdS@lalala.com','2016-04-22 21:46:13',29041,27350,'2016-05-22 15:15:17');
INSERT INTO SILUTEL.LAUNDRY_INVENTORI VALUES('j1SYLp5HQVx0toJFylT','0','x6@ui.ac.id','2016-05-28 4:5:25',4168,15941,'2016-05-29 19:39:28');
INSERT INTO SILUTEL.LAUNDRY_INVENTORI VALUES('rwcAsi','kwOpNgcR23HtdPAqym','0KM@foo.bar','2016-04-25 14:48:36',24292,11091,'2016-05-27 6:0:12');
INSERT INTO SILUTEL.LAUNDRY_INVENTORI VALUES('3TBw','BXAX','0KM@foo.bar','2016-05-04 5:52:28',4820,2093,'2016-05-04 7:47:12');
INSERT INTO SILUTEL.LAUNDRY_INVENTORI VALUES('h','FExePEG4lYViRCUdyFc','iBktM@lalala.com','2016-04-13 20:9:49',28252,15096,'2016-04-15 22:24:17');
INSERT INTO SILUTEL.LAUNDRY_INVENTORI VALUES('XPmD0run','7E','RiAxn@foo.bar','2016-05-06 19:48:7',15570,31315,'2016-05-29 12:0:54');
INSERT INTO SILUTEL.LAUNDRY_INVENTORI VALUES('PKfD8F3M1t','QFdpUXY2o9Hh2Hjca','0KM@foo.bar','2016-04-25 14:48:36',839,2015,'2016-05-29 14:14:42');
INSERT INTO SILUTEL.LAUNDRY_INVENTORI VALUES('8mzV','AQfBocSa6C','CYLAiQrY@lalala.com','2016-04-06 19:40:24',32452,21975,'2016-04-26 14:6:2');
INSERT INTO SILUTEL.LAUNDRY_INVENTORI VALUES('eY','mNXGwBIb2','x6@ui.ac.id','2016-05-06 19:20:20',2326,8431,'2016-05-16 10:1:11');
INSERT INTO SILUTEL.LAUNDRY_INVENTORI VALUES('jfpePrTP5g7xkJz48','e71C3Ldcx4K1pw6','P8M2D3ffirRGVazZZj@foo.bar','2016-05-22 17:1:16',18160,13072,'2016-05-29 2:24:30');
INSERT INTO SILUTEL.LAUNDRY_INVENTORI VALUES('B0yR','GIb','6XgoVP8@lalala.com','2016-05-22 8:14:19',6190,2043,'2016-05-28 14:6:31');
INSERT INTO SILUTEL.LAUNDRY_INVENTORI VALUES('NHO3Fgt3','we1k4FhkS1K0vNimdp','x6@ui.ac.id','2016-05-26 6:56:25',22993,31316,'2016-05-27 19:39:10');
INSERT INTO SILUTEL.LAUNDRY_INVENTORI VALUES('dDvv6BhfcEfSajCVRNm','JBr9q8eIXslem','CYLAiQrY@lalala.com','2016-05-02 5:38:16',31574,430,'2016-05-04 4:6:23');
INSERT INTO SILUTEL.LAUNDRY_INVENTORI VALUES('3MPpIpCYQH6dUXLs7StF','DrfqYi49BN1JL','VumMWlsZuZPg@lalala.com','2016-04-20 15:43:33',21040,21407,'2016-05-28 3:49:1');
INSERT INTO SILUTEL.LAUNDRY_INVENTORI VALUES('0','Dow3WPiK8nn4','0KM@foo.bar','2016-05-29 20:44:4',1223,18375,'2016-05-29 9:0:37');
INSERT INTO SILUTEL.LAUNDRY_INVENTORI VALUES('j1SYLp5HQVx0toJFylT','0','RiAxn@foo.bar','2016-05-06 19:48:7',11111,26004,'2016-05-27 19:3:21');
INSERT INTO SILUTEL.LAUNDRY_INVENTORI VALUES('4noXhOha79qEL','RcY8TZUgBm6','OzZI3km9WYRSH@foo.bar','2016-05-09 21:39:36',1532,20120,'2016-05-19 2:1:50');
INSERT INTO SILUTEL.LAUNDRY_INVENTORI VALUES('nwffOG','9tNq8tH04','rPkuDZ@foo.bar','2016-05-26 10:15:52',12863,17716,'2016-05-28 17:44:12');
INSERT INTO SILUTEL.LAUNDRY_INVENTORI VALUES('0pNWi2dX','1XwO4uy6g','BysizVLw1BUeEe@lalala.com','2016-04-24 0:43:55',15405,7233,'2016-05-25 15:29:6');
INSERT INTO SILUTEL.LAUNDRY_INVENTORI VALUES('7xkLFHaGFKVlQVuKg7','B','hAwkZKKTDUcnwO@ui.ac.id','2016-04-04 8:22:29',17902,9671,'2016-05-05 14:22:17');
INSERT INTO SILUTEL.LAUNDRY_INVENTORI VALUES('dDvv6BhfcEfSajCVRNm','JBr9q8eIXslem','K7eakxSuB01YNLOzDnxV@lalala.com','2016-05-19 11:45:47',25661,4907,'2016-05-29 5:8:56');
INSERT INTO SILUTEL.LAUNDRY_INVENTORI VALUES('8mzV','AQfBocSa6C','bDm1xu9l0Jf9fxA1gF2@lalala.com','2016-05-10 7:6:59',786,13317,'2016-05-14 15:22:26');
INSERT INTO SILUTEL.LAUNDRY_INVENTORI VALUES('0','Dow3WPiK8nn4','bDm1xu9l0Jf9fxA1gF2@lalala.com','2016-05-10 7:6:59',12330,20447,'2016-05-10 20:24:3');
INSERT INTO SILUTEL.LAUNDRY_INVENTORI VALUES('IjwiHLLlWdHJQKlVkly','T2LeWms5','x6@ui.ac.id','2016-05-10 21:6:11',26705,23476,'2016-05-11 8:42:33');
INSERT INTO SILUTEL.LAUNDRY_INVENTORI VALUES('YI1e2qMaWcnbHK','E4lNNTpeFLTjryEUQSh','9H@ui.ac.id','2016-04-12 15:21:56',28979,9150,'2016-04-29 6:8:16');
INSERT INTO SILUTEL.LAUNDRY_INVENTORI VALUES('KNcI','FNy4kK88Sp3RJiMTCP','8uy0d@lalala.com','2016-05-20 21:1:34',25951,975,'2016-05-26 7:13:14');
INSERT INTO SILUTEL.LAUNDRY_INVENTORI VALUES('KfVouOM52','JYYOs','P8M2D3ffirRGVazZZj@foo.bar','2016-05-22 17:1:16',6263,26402,'2016-05-22 10:12:0');
INSERT INTO SILUTEL.LAUNDRY_INVENTORI VALUES('0pNWi2dX','1XwO4uy6g','8uy0d@lalala.com','2016-05-20 21:1:34',5221,13700,'2016-05-26 19:43:9');
INSERT INTO SILUTEL.LAUNDRY_INVENTORI VALUES('DnZh2','7DAgoWd8D28u','0KM@foo.bar','2016-04-21 7:12:20',1600,16486,'2016-05-29 19:44:25');
INSERT INTO SILUTEL.LAUNDRY_INVENTORI VALUES('8RaK7q3b2mw','LFPOKUQwGin69','FheGNvBifCpSYAX32@foo.bar','2016-05-20 6:53:0',28614,8468,'2016-05-22 17:12:57');
INSERT INTO SILUTEL.LAUNDRY_INVENTORI VALUES('eY','mNXGwBIb2','CYLAiQrY@lalala.com','2016-05-02 5:38:16',25040,2785,'2016-05-27 3:18:30');
INSERT INTO SILUTEL.LAUNDRY_INVENTORI VALUES('3TBw','BXAX','9H@ui.ac.id','2016-04-12 15:21:56',9172,23117,'2016-04-23 22:59:25');
INSERT INTO SILUTEL.LAUNDRY_INVENTORI VALUES('8VFcK7TX1','a7ZAR29NQUy7HH92mJbH','iBktM@lalala.com','2016-05-08 10:1:20',30786,25607,'2016-05-18 21:45:43');
INSERT INTO SILUTEL.LAUNDRY_INVENTORI VALUES('vvu9L88NTb','Ult','K7eakxSuB01YNLOzDnxV@lalala.com','2016-04-17 5:34:26',15813,20143,'2016-05-19 1:4:38');
INSERT INTO SILUTEL.LAUNDRY_INVENTORI VALUES('oL1FwVQxzl9','ScxiYCK8llm60X','CYLAiQrY@lalala.com','2016-04-14 10:24:24',25514,30850,'2016-05-17 22:45:21');
INSERT INTO SILUTEL.LAUNDRY_INVENTORI VALUES('3TBw','BXAX','8PiwouJO4zo3IRIloQ9@ui.ac.id','2016-05-17 2:54:36',28908,3486,'2016-05-18 9:17:28');
INSERT INTO SILUTEL.LAUNDRY_INVENTORI VALUES('NHO3Fgt3','we1k4FhkS1K0vNimdp','K7eakxSuB01YNLOzDnxV@lalala.com','2016-04-17 5:34:26',3277,23992,'2016-05-17 22:30:55');
INSERT INTO SILUTEL.LAUNDRY_INVENTORI VALUES('vvu9L88NTb','Ult','0KM@foo.bar','2016-04-25 14:48:36',28438,26538,'2016-04-26 17:18:59');
INSERT INTO SILUTEL.LAUNDRY_INVENTORI VALUES('PKfD8F3M1t','QFdpUXY2o9Hh2Hjca','6XgoVP8@lalala.com','2016-04-16 3:6:34',10966,14114,'2016-05-28 23:23:28');
INSERT INTO SILUTEL.LAUNDRY_INVENTORI VALUES('TVLemu7NGt','vzCT9','7z4qP@ui.ac.id','2016-04-18 23:37:47',22744,32350,'2016-04-18 2:27:17');
INSERT INTO SILUTEL.LAUNDRY_INVENTORI VALUES('NHO3Fgt3','we1k4FhkS1K0vNimdp','0KM@foo.bar','2016-05-04 5:52:28',23125,11559,'2016-05-09 22:2:54');
INSERT INTO SILUTEL.LAUNDRY_INVENTORI VALUES('TVLemu7NGt','vzCT9','x6@ui.ac.id','2016-04-08 7:41:42',18773,23201,'2016-05-18 15:20:32');
INSERT INTO SILUTEL.LAUNDRY_INVENTORI VALUES('3','4hphctugoQGkyzp4','zHIEIdS@lalala.com','2016-04-22 21:46:13',28004,11078,'2016-04-22 22:44:8');
INSERT INTO SILUTEL.LAUNDRY_INVENTORI VALUES('7xkLFHaGFKVlQVuKg7','B','P8M2D3ffirRGVazZZj@foo.bar','2016-05-22 17:1:16',6512,13651,'2016-05-24 5:6:22');
INSERT INTO SILUTEL.LAUNDRY_INVENTORI VALUES('gDS08O3hY5OzT4','l7q7sQ4CLz3oLDL','6XgoVP8@lalala.com','2016-05-22 8:14:19',4844,13499,'2016-05-23 12:15:25');
INSERT INTO SILUTEL.LAUNDRY_INVENTORI VALUES('3MPpIpCYQH6dUXLs7StF','DrfqYi49BN1JL','9H@ui.ac.id','2016-05-30 6:7:52',21786,23167,'2016-05-30 12:19:50');
INSERT INTO SILUTEL.LAUNDRY_INVENTORI VALUES('LJRyMb4mq6j3M','vEg','0KM@foo.bar','2016-05-04 5:52:28',114,13523,'2016-05-09 17:44:59');
INSERT INTO SILUTEL.LAUNDRY_INVENTORI VALUES('IxAxckLz49','etQYPzZOKo','CYLAiQrY@lalala.com','2016-05-02 5:38:16',17319,25121,'2016-05-29 9:17:20');
INSERT INTO SILUTEL.LAUNDRY_INVENTORI VALUES('pWkdv8NKvfLMi2qv','Yo6X7','CYLAiQrY@lalala.com','2016-04-06 19:40:24',23343,14162,'2016-04-17 19:48:13');
INSERT INTO SILUTEL.LAUNDRY_INVENTORI VALUES('3','4hphctugoQGkyzp4','RiAxn@foo.bar','2016-05-28 1:53:48',29924,6408,'2016-05-29 22:20:14');
INSERT INTO SILUTEL.LAUNDRY_INVENTORI VALUES('TVLemu7NGt','vzCT9','CYLAiQrY@lalala.com','2016-04-14 10:24:24',15777,17486,'2016-05-27 3:8:49');
INSERT INTO SILUTEL.LAUNDRY_INVENTORI VALUES('dnAJy1u6Pzm6dSQ','bjPb72j4t3M6lcSIAd8a','0KM@foo.bar','2016-04-25 14:48:36',20562,4520,'2016-05-27 20:12:2');
INSERT INTO SILUTEL.LAUNDRY_INVENTORI VALUES('XZQ','stTMIkKuNBl5uD6','x6@ui.ac.id','2016-05-28 4:5:25',31053,7203,'2016-05-28 9:48:56');
INSERT INTO SILUTEL.LAUNDRY_INVENTORI VALUES('IxAxckLz49','etQYPzZOKo','OzZI3km9WYRSH@foo.bar','2016-05-14 10:12:3',28011,21165,'2016-05-24 5:49:28');
INSERT INTO SILUTEL.LAUNDRY_INVENTORI VALUES('0','Dow3WPiK8nn4','LsTxvmhGYey@lalala.com','2016-04-23 1:59:24',28745,22242,'2016-05-24 1:3:40');
INSERT INTO SILUTEL.LAUNDRY_INVENTORI VALUES('QMTlqJsUF05n9g3WBd','lw7h9ZwbCF7FHB2','P8M2D3ffirRGVazZZj@foo.bar','2016-05-22 17:1:16',15160,19265,'2016-05-28 20:43:20');
INSERT INTO SILUTEL.LAUNDRY_INVENTORI VALUES('hMpu66COS9','sP52jqvTf3pVjE1v','zHIEIdS@lalala.com','2016-04-22 21:46:13',30261,18774,'2016-05-25 16:39:48');
INSERT INTO SILUTEL.LAUNDRY_INVENTORI VALUES('jfpePrTP5g7xkJz48','e71C3Ldcx4K1pw6','VumMWlsZuZPg@lalala.com','2016-04-25 14:29:16',4953,23285,'2016-05-25 16:55:29');
INSERT INTO SILUTEL.LAUNDRY_INVENTORI VALUES('dnAJy1u6Pzm6dSQ','bjPb72j4t3M6lcSIAd8a','x6@ui.ac.id','2016-05-26 6:56:25',20544,8160,'2016-05-26 20:21:39');
INSERT INTO SILUTEL.LAUNDRY_INVENTORI VALUES('hMpu66COS9','sP52jqvTf3pVjE1v','wjbhyOxR8wxs@ui.ac.id','2016-04-04 22:16:36',32228,31925,'2016-05-28 22:55:36');
INSERT INTO SILUTEL.LAUNDRY_INVENTORI VALUES('2H06QC0f9RPYNhbZgLQ','78kOZ','0KM@foo.bar','2016-04-21 7:12:20',32743,32405,'2016-05-26 11:37:31');
INSERT INTO SILUTEL.LAUNDRY_INVENTORI VALUES('KfVouOM52','JYYOs','iBktM@lalala.com','2016-04-23 15:0:51',28079,26506,'2016-05-28 5:36:56');
INSERT INTO SILUTEL.LAUNDRY_INVENTORI VALUES('DCYsDbSC0bcunCCPmvuu','8sltSlWD9HWJiCtGKkj','iBktM@lalala.com','2016-04-23 15:0:51',18060,21477,'2016-05-29 21:5:33');
INSERT INTO SILUTEL.LAUNDRY_INVENTORI VALUES('h','FExePEG4lYViRCUdyFc','FheGNvBifCpSYAX32@foo.bar','2016-05-20 6:53:0',25927,23174,'2016-05-24 7:54:31');
INSERT INTO SILUTEL.LAUNDRY_INVENTORI VALUES('3','4hphctugoQGkyzp4','8PiwouJO4zo3IRIloQ9@ui.ac.id','2016-05-17 2:54:36',15054,20709,'2016-05-29 22:27:13');
INSERT INTO SILUTEL.LAUNDRY_INVENTORI VALUES('LJRyMb4mq6j3M','vEg','wjbhyOxR8wxs@ui.ac.id','2016-05-27 22:56:6',16910,10826,'2016-05-28 13:27:29');
INSERT INTO SILUTEL.LAUNDRY_INVENTORI VALUES('3MPpIpCYQH6dUXLs7StF','DrfqYi49BN1JL','FheGNvBifCpSYAX32@foo.bar','2016-05-20 6:53:0',2041,18535,'2016-05-30 10:26:1');
INSERT INTO SILUTEL.LAUNDRY_INVENTORI VALUES('dnAJy1u6Pzm6dSQ','bjPb72j4t3M6lcSIAd8a','K7eakxSuB01YNLOzDnxV@lalala.com','2016-04-17 5:34:26',31890,12759,'2016-05-29 22:0:21');
INSERT INTO SILUTEL.LAUNDRY_INVENTORI VALUES('YI1e2qMaWcnbHK','E4lNNTpeFLTjryEUQSh','FheGNvBifCpSYAX32@foo.bar','2016-05-20 6:53:0',21403,8945,'2016-05-26 1:17:27');
INSERT INTO SILUTEL.LAUNDRY_INVENTORI VALUES('IxAxckLz49','etQYPzZOKo','RiAxn@foo.bar','2016-05-06 19:48:7',31871,28470,'2016-05-28 6:51:50');
INSERT INTO SILUTEL.LAUNDRY_INVENTORI VALUES('xPtpGRONFTRy1','sHAWHuwwFxS5QJxXhd','0KM@foo.bar','2016-04-21 7:12:20',13027,26282,'2016-05-28 15:50:30');
INSERT INTO SILUTEL.LAUNDRY_INVENTORI VALUES('8RaK7q3b2mw','LFPOKUQwGin69','CYLAiQrY@lalala.com','2016-05-02 5:38:16',26946,28997,'2016-05-28 21:19:49');
INSERT INTO SILUTEL.LAUNDRY_INVENTORI VALUES('XPmD0run','7E','0KM@foo.bar','2016-04-25 14:48:36',19945,2416,'2016-04-28 15:17:8');
INSERT INTO SILUTEL.SUPPLIER VALUES('u9ya4XnbfpDUFHw','HVfvQ3ml2YNUcqKaYHGAgMNUYDQWGp9CiFn8UyGoSR0VwiL','fAGGlod3kNMR8AJZPt@foo.bar');
INSERT INTO SILUTEL.SUPPLIER VALUES('lS1jKVoW98bBLtQr','T','9llrm9ewSg2qCM@lalala.com');
INSERT INTO SILUTEL.SUPPLIER VALUES('5','JBoAQ5w4t8Srn4B7OaNaFJXQ9nbdzZrvYsrsSHRtYJ5UEChYDs6Ji0EoHrDR6dDxrw3vqtPtfAEyZTnalvS7EF9YzzijEHOcpk','C5@foo.bar');
INSERT INTO SILUTEL.SUPPLIER VALUES('uma3ctZD','2Qb2G3Ytf314wfs6UQHUV5VfPkVqC2HFX8scnE23Qdbh3zbye0RmjfL7EvwP9Vv0vLzbLEwqfEgQjNhjXGTAOa47JYjpQcOB3QT','VoBhw7Iad@lalala.com');
INSERT INTO SILUTEL.SUPPLIER VALUES('ABTa26lfvEB6cPnFgPjDTVETEtfk','HW3F23cPbkjHtVGUaoRlD5AVOXi4UbD3a8MIBBXJ5JrsMQ','sB1Efta3pzG@ui.ac.id');
INSERT INTO SILUTEL.SUPPLIER VALUES('NqCttSjYYjgRW57awMBhC','gQuIqcBLotgslJfPIVMaYTfzoJk70D5zoUYirWiW4rn63lOGGCcqYefIYDtms50OJA','Pu97Tq@foo.bar');
INSERT INTO SILUTEL.SUPPLIER VALUES('QbUS','ZT7Q2tc2McFPdSoZd8VFle4bvmCMhmc2hhVnIMTxDjeMKpAeNBq','lWvHnd@lalala.com');
INSERT INTO SILUTEL.SUPPLIER VALUES('IQawjZlbB','18K12GaGR5Mw','vZMNGmsxo@ui.ac.id');
INSERT INTO SILUTEL.SUPPLIER VALUES('9KPWd8v25sqfo1SqdKtszpcT2','CzNuG38HAmtc17y48EqC9HKx5WCWT92wUor0nHcQCoDXwm3tKrM2vpiGsRNx3ooCbVdyabjVp','lteFxUtT8eYpNRJFkA@foo.bar');
INSERT INTO SILUTEL.SUPPLIER VALUES('X8Gyv1sIOM8aUzpYFclPnS8LuDopY8BIEnR','TlPYleUsL7Gnn0NORAbWLbOHQjhKdwmnmpXjmXUeKsBYwM3tqjEtxcuQ6SxDMwMakVmL17cfsfVeEZinUh0F1e','tL3Rl3OEkFSFa@lalala.com');
INSERT INTO SILUTEL.SUPPLIER VALUES('LdOYsrLBEvQfF5BqC6aaVvsKMv5htgXGWEW','Vc53hZlY3pm3K9yJ1Qw5HX83Bg7im9opAgP4','RdS1gHlyPf7sfTMQR@foo.bar');
INSERT INTO SILUTEL.SUPPLIER VALUES('T7g6zGJ','BVBi230s42F5r5My4zoMbwj13UiiubWyhR1ehW74H2W7EzAITnc8VMXfLf2z','fIQZjR@ui.ac.id');
INSERT INTO SILUTEL.SUPPLIER VALUES('De5Lzx2gYPA5ptSmy1gWMYqfuTjnn','IaDOVhnhmAGCJpqhZjHJ8DBIFhmMLuNMjc0VnPxdNhLHELvCgq1ZwQeq','30W@foo.bar');
INSERT INTO SILUTEL.SUPPLIER VALUES('MKEl7usiS6g2V','37zE5rI4l2v30HPFa3x4nUtlb6aZANlb7dWKY4HjkZn6laAgGCqYBYxTkbjtKQ7K','rk7gmYRXdH27nCN0n3zE@lalala.com');
INSERT INTO SILUTEL.SUPPLIER VALUES('2auONekKhlh5lFzLG','94QbMhyIlNVXQypA9XmC9OJUg6zEYebE1ntQRDp0ACIOc1RenUCKHYWTZnvLm','OP2dR9jQr7TvmwQ@foo.bar');
INSERT INTO SILUTEL.SUPPLIER VALUES('zoDKCGjmA3xzUzMnRq7TR4j39','MFJ4Yce2qXBpX7ZEjuHApsWhTrxHAA4Es75cvJPQ4qBvKaUrAUWCE3VzJhlMP5uS2JgvOBa8vo5dWB803VytJJVsK4eU7QQOXq','5FgxRKDWNYv79old@ui.ac.id');
INSERT INTO SILUTEL.SUPPLIER VALUES('Eyt9GdwTairxdqACND0Hvo','4dYxxE','QOO2bQP434Ctnps@foo.bar');
INSERT INTO SILUTEL.SUPPLIER VALUES('oLN33C8rtI3PAUGjutpn3zt182','4hyaj','pw61Iu@lalala.com');
INSERT INTO SILUTEL.SUPPLIER VALUES('0xB9she2BtkBqdg9','ZtsHrNksfxivjFokPKK52DbN8GPTDhR5HfiF9sURWy','ORZ@ui.ac.id');
INSERT INTO SILUTEL.SUPPLIER VALUES('5XItjAV4ZaZWmrvgV7b','ieiOzOOPp8ZUpthZ1TdJxuxAR4K1hXUnsq77A6u1HZyHmd','76feML6@foo.bar');
INSERT INTO SILUTEL.SUPPLIER VALUES('yfwddnbP106E74ZqoQJIUk2WzhoddUy','zTmtqzycQDLhB8tFetu','slgPXvpC1MBbWMYRaiQP@ui.ac.id');
INSERT INTO SILUTEL.SUPPLIER VALUES('UEMvrY9gkILcLO8XMMGAxkNrC5iHOFV5u','X7rw3HOQn1HW3lKlcZpE2IeQAoHmCHtcBZDGYbfy8GTpj27vlo45FZd0tXaSw','w8hk13SvpxcLJwoDr@foo.bar');
INSERT INTO SILUTEL.SUPPLIER VALUES('kVJ12FNJlkmv8G7gvTKN','gfz1rXCafNedKAEHftAHy3','4abFzFpbPw@foo.bar');
INSERT INTO SILUTEL.SUPPLIER VALUES('dvF171tDfKHLyOH','os7EudbfLvE','0XpeElcZSmLk@lalala.com');
INSERT INTO SILUTEL.SUPPLIER VALUES('h5nhte32vlqDZ9H4morZ7kGipx0g9p','PZKXakBtZnG1DFe91XMtiqCeZ7Tk0aD1zgv5i2gyLUWiewYS3uwe8wcrIuRY1S2mEnFKVwDGa2VBTx3KOtCqJVRIlKl','ch2OALyn7@lalala.com');
INSERT INTO SILUTEL.SUPPLIER VALUES('A','H7rdbXpyjwDdlG9BsPsosL','5VjnfXJWkF7KIWa@lalala.com');
INSERT INTO SILUTEL.SUPPLIER VALUES('VjWdhnadbIPMDQN7PEbrut5b0','0UuWWR6F7U9PWKjtoJ6nsp7PvHU82wzEdfXXfI0RcOk7RnlV3kRRj1JxVkYX4qoAQOD0W89mEmqX6Pm3SNJGocq','ASo@ui.ac.id');
INSERT INTO SILUTEL.SUPPLIER VALUES('eU','BBVBgGFInkgNYURJO7E6hLYKI1C1m7EBCE6ZTEpXcPQDJ8COazhL','npccFX1jK3fBEgCNgi@ui.ac.id');
INSERT INTO SILUTEL.SUPPLIER VALUES('2MgwkRDAiz','JiKVuX5xueLNuso6BZ','obti6Vqcz@lalala.com');
INSERT INTO SILUTEL.SUPPLIER VALUES('S3ggq8vW','L99XyskEKjFhYPrlhcLhFiz8FyINBd72FsusW7KJ7bK','IIfE4zol9MJzGKQG@lalala.com');
INSERT INTO SILUTEL.SUPPLIER VALUES('SXVCBoTTPVQBm97d815LBr1189','8o7lOzEfh8OEwklFK8h8aPwBAIWNIyBxsBHWOwk9u1NzRWspGyBZlu5xREGCuPwpouZCruNhfxg','hEDUTqYmdZ@foo.bar');
INSERT INTO SILUTEL.SUPPLIER VALUES('XWGYJ60sv0','WaGTtawRBWPRJ3itMmQXUF8YKq5szKKClT3tXZbOM42dXMWlMjJ','jcQMNnLzBa2GbP9T4@lalala.com');
INSERT INTO SILUTEL.SUPPLIER VALUES('DDwu7I8nA3QW4F0Rk3ruw5eQ','TKUMIg7c7EqOcisDdDpYM9vafef0OLbWt9Pu7RNHqmzreJevQ2qQHy3zulfhu','sBUuAJB00K@foo.bar');
INSERT INTO SILUTEL.SUPPLIER VALUES('5Njag2STG','L423AG8hZrBZCqpiOpP9uzMyG0Sxol5AdXPhU1sl2QCb3d21ddBLBpI66OaGIjjaDXru5RpmLO','tEF2TGM@ui.ac.id');
INSERT INTO SILUTEL.SUPPLIER VALUES('RVXc','hI8XIn3PpScmIlmHkTswhJLkePZPAZIGTS','cFK1x22pCtTkkk@ui.ac.id');
INSERT INTO SILUTEL.SUPPLIER VALUES('n1k','ENbeEOvBvpMJ9EhS2IbX6Yk2mOa2y31S6wBea7ERaWoDz72XHFTCCQ73j1vCbUAFOohiqsNRJ4SAuV7NEeAu1KfOJP2pP6','Z2MP7eLnvG@foo.bar');
INSERT INTO SILUTEL.SUPPLIER VALUES('6kY2whdb','m1ZuIqa9IOnrqntctWoXH0qSF2HpXvUEt2ril5ki7wgl0kvml5Sg245Tj6PGC24CZ1bhQ9zHqUXhWT3r0HV','avovqrCSqR5Qvg43@foo.bar');
INSERT INTO SILUTEL.SUPPLIER VALUES('LkG0exXYBRH8','i1CXgTuo3E1vlMP77Lr4Uae93H3XAHalUx','S4npAk1iCw4g0H0ruxw@lalala.com');
INSERT INTO SILUTEL.SUPPLIER VALUES('YPRd1IYXJqNSxihPwRW92qxF9','yUFZZftxsTIB9ay8xgQ9ipupra7WiukCzRcIDo7xLjm2qwXPUPkDIVgEbeMXxXGkvI1OGuUC3Q9rfa39Xj9lbe7X8E','rp@lalala.com');
INSERT INTO SILUTEL.SUPPLIER VALUES('CjcJjdsjp0t5LAPOlK','JR5T','V@lalala.com');
INSERT INTO SILUTEL.SUPPLIER VALUES('3IkuJQxSEGQJLY1rshT','LYvpGAvSr5EaUgByBrs6L3mgL1jRYOzj2MO2Qad9VSTs7WyO7ZVl1Wz24lLb4pTXut7uiARXJWQdwk','zNR8AjeCkvNrI@lalala.com');
INSERT INTO SILUTEL.SUPPLIER VALUES('IVYjlP','pOaVwjFQsSJYiaYNleepoHzoGits39sEBcjJmI4p8H9Hcp4dPF3mwUYRtBuCCNBcAbPKBG43qQGtHSR9y','IkerGFy7AyUzy@ui.ac.id');
INSERT INTO SILUTEL.SUPPLIER VALUES('flpcwglLsu','8mKdjlSZa8nmbvXy','aTpi70aJdOsfbnWGF17K@lalala.com');
INSERT INTO SILUTEL.SUPPLIER VALUES('55O6xyGbYD','0K0UBGl3Rm33D2hT7yHacK2SCbA23f','fWiPwp0wVyuhnK@lalala.com');
INSERT INTO SILUTEL.SUPPLIER VALUES('E4nRb1o4qB5','aFUhZ7PZrbX2oY2wRKCDY2rp5V5LPoj3XJlxmCesMAdd3ki0C3x0sguLNLn5V6k7ekNMde5eTl0kRKQKxlZp1','XQbyP7@lalala.com');
INSERT INTO SILUTEL.SUPPLIER VALUES('5JJvIfaIVWtTY','RyrNF9VA1hol62MmS3t','gsqGnMNqKiY@foo.bar');
INSERT INTO SILUTEL.SUPPLIER VALUES('vDIrty82kP3HIrN','kZAuZL31V','Mef36DIoqYnLe1@lalala.com');
INSERT INTO SILUTEL.SUPPLIER VALUES('iGX0rv59xThuQOmCbDsIH','Mg10Ar','pptmT8dMjCatdv1ZR0B@ui.ac.id');
INSERT INTO SILUTEL.SUPPLIER VALUES('exyJINo3AKjIxP','5txSwXNP2O6Bmb1Qok0HknOycRj2L1Jt2JJaxBGyDbiyBx','qtwb2W9YThF@ui.ac.id');
INSERT INTO SILUTEL.SUPPLIER VALUES('HYeiQT96heqqC','83fufzSVgKVltXYmv8Phe3rUnK1wZP0oKVT','orqu3nrUcMaFsyYPnN7j@foo.bar');
INSERT INTO SILUTEL.SUPPLIER_TELEPON VALUES('h5nhte32vlqDZ9H4morZ7kGipx0g9p','3');
INSERT INTO SILUTEL.SUPPLIER_TELEPON VALUES('9KPWd8v25sqfo1SqdKtszpcT2','374218');
INSERT INTO SILUTEL.SUPPLIER_TELEPON VALUES('kVJ12FNJlkmv8G7gvTKN','332913740782962308');
INSERT INTO SILUTEL.SUPPLIER_TELEPON VALUES('h5nhte32vlqDZ9H4morZ7kGipx0g9p','770825670129');
INSERT INTO SILUTEL.SUPPLIER_TELEPON VALUES('IQawjZlbB','8287779782059838084');
INSERT INTO SILUTEL.SUPPLIER_TELEPON VALUES('X8Gyv1sIOM8aUzpYFclPnS8LuDopY8BIEnR','5156021193971');
INSERT INTO SILUTEL.SUPPLIER_TELEPON VALUES('HYeiQT96heqqC','605');
INSERT INTO SILUTEL.SUPPLIER_TELEPON VALUES('2MgwkRDAiz','39904891243');
INSERT INTO SILUTEL.SUPPLIER_TELEPON VALUES('vDIrty82kP3HIrN','5391925769');
INSERT INTO SILUTEL.SUPPLIER_TELEPON VALUES('DDwu7I8nA3QW4F0Rk3ruw5eQ','4391896814');
INSERT INTO SILUTEL.SUPPLIER_TELEPON VALUES('UEMvrY9gkILcLO8XMMGAxkNrC5iHOFV5u','74281488');
INSERT INTO SILUTEL.SUPPLIER_TELEPON VALUES('flpcwglLsu','514101432641171');
INSERT INTO SILUTEL.SUPPLIER_TELEPON VALUES('Eyt9GdwTairxdqACND0Hvo','1078041');
INSERT INTO SILUTEL.SUPPLIER_TELEPON VALUES('MKEl7usiS6g2V','8155874');
INSERT INTO SILUTEL.SUPPLIER_TELEPON VALUES('CjcJjdsjp0t5LAPOlK','2807032671612799');
INSERT INTO SILUTEL.SUPPLIER_TELEPON VALUES('uma3ctZD','54122556265744');
INSERT INTO SILUTEL.SUPPLIER_TELEPON VALUES('De5Lzx2gYPA5ptSmy1gWMYqfuTjnn','1515272564652908');
INSERT INTO SILUTEL.SUPPLIER_TELEPON VALUES('eU','930');
INSERT INTO SILUTEL.SUPPLIER_TELEPON VALUES('5Njag2STG','9238803');
INSERT INTO SILUTEL.SUPPLIER_TELEPON VALUES('IVYjlP','391785797170801');
INSERT INTO SILUTEL.SUPPLIER_TELEPON VALUES('QbUS','0528463');
INSERT INTO SILUTEL.SUPPLIER_TELEPON VALUES('HYeiQT96heqqC','03017');
INSERT INTO SILUTEL.SUPPLIER_TELEPON VALUES('yfwddnbP106E74ZqoQJIUk2WzhoddUy','432422303228');
INSERT INTO SILUTEL.SUPPLIER_TELEPON VALUES('0xB9she2BtkBqdg9','688383268');
INSERT INTO SILUTEL.SUPPLIER_TELEPON VALUES('exyJINo3AKjIxP','7611236840');
INSERT INTO SILUTEL.SUPPLIER_TELEPON VALUES('SXVCBoTTPVQBm97d815LBr1189','5810735652153');
INSERT INTO SILUTEL.SUPPLIER_TELEPON VALUES('VjWdhnadbIPMDQN7PEbrut5b0','378359743');
INSERT INTO SILUTEL.SUPPLIER_TELEPON VALUES('LdOYsrLBEvQfF5BqC6aaVvsKMv5htgXGWEW','95408921442');
INSERT INTO SILUTEL.SUPPLIER_TELEPON VALUES('u9ya4XnbfpDUFHw','117240477386585982');
INSERT INTO SILUTEL.SUPPLIER_TELEPON VALUES('dvF171tDfKHLyOH','7226339');
INSERT INTO SILUTEL.SUPPLIER_TELEPON VALUES('3IkuJQxSEGQJLY1rshT','8835568622660');
INSERT INTO SILUTEL.SUPPLIER_TELEPON VALUES('A','06530389494902226');
INSERT INTO SILUTEL.SUPPLIER_TELEPON VALUES('dvF171tDfKHLyOH','370878');
INSERT INTO SILUTEL.SUPPLIER_TELEPON VALUES('T7g6zGJ','1286719758510');
INSERT INTO SILUTEL.SUPPLIER_TELEPON VALUES('ABTa26lfvEB6cPnFgPjDTVETEtfk','1407269751857');
INSERT INTO SILUTEL.SUPPLIER_TELEPON VALUES('S3ggq8vW','191');
INSERT INTO SILUTEL.SUPPLIER_TELEPON VALUES('lS1jKVoW98bBLtQr','390254441207353532');
INSERT INTO SILUTEL.SUPPLIER_TELEPON VALUES('5XItjAV4ZaZWmrvgV7b','0245097492016449571');
INSERT INTO SILUTEL.SUPPLIER_TELEPON VALUES('LdOYsrLBEvQfF5BqC6aaVvsKMv5htgXGWEW','8391412567165');
INSERT INTO SILUTEL.SUPPLIER_TELEPON VALUES('LkG0exXYBRH8','2629295745847002');
INSERT INTO SILUTEL.SUPPLIER_TELEPON VALUES('iGX0rv59xThuQOmCbDsIH','1601');
INSERT INTO SILUTEL.SUPPLIER_TELEPON VALUES('n1k','72361709691149');
INSERT INTO SILUTEL.SUPPLIER_TELEPON VALUES('6kY2whdb','091');
INSERT INTO SILUTEL.SUPPLIER_TELEPON VALUES('XWGYJ60sv0','175619');
INSERT INTO SILUTEL.SUPPLIER_TELEPON VALUES('9KPWd8v25sqfo1SqdKtszpcT2','7935558118557741');
INSERT INTO SILUTEL.SUPPLIER_TELEPON VALUES('T7g6zGJ','8109512511782072492');
INSERT INTO SILUTEL.SUPPLIER_TELEPON VALUES('2auONekKhlh5lFzLG','292674823524570206');
INSERT INTO SILUTEL.SUPPLIER_TELEPON VALUES('zoDKCGjmA3xzUzMnRq7TR4j39','3798860797705683');
INSERT INTO SILUTEL.SUPPLIER_TELEPON VALUES('E4nRb1o4qB5','2585799500751832');
INSERT INTO SILUTEL.SUPPLIER_TELEPON VALUES('ABTa26lfvEB6cPnFgPjDTVETEtfk','893227104984839827');
INSERT INTO SILUTEL.SUPPLIER_TELEPON VALUES('5JJvIfaIVWtTY','791195');
INSERT INTO SILUTEL.SUPPLIER_TELEPON VALUES('RVXc','92');
INSERT INTO SILUTEL.SUPPLIER_TELEPON VALUES('LkG0exXYBRH8','2');
INSERT INTO SILUTEL.SUPPLIER_TELEPON VALUES('YPRd1IYXJqNSxihPwRW92qxF9','7322850780');
INSERT INTO SILUTEL.SUPPLIER_TELEPON VALUES('5','50432034143248');
INSERT INTO SILUTEL.SUPPLIER_TELEPON VALUES('55O6xyGbYD','119');
INSERT INTO SILUTEL.SUPPLIER_TELEPON VALUES('5XItjAV4ZaZWmrvgV7b','944629185092');
INSERT INTO SILUTEL.SUPPLIER_TELEPON VALUES('ABTa26lfvEB6cPnFgPjDTVETEtfk','763');
INSERT INTO SILUTEL.SUPPLIER_TELEPON VALUES('NqCttSjYYjgRW57awMBhC','8617387991');
INSERT INTO SILUTEL.SUPPLIER_TELEPON VALUES('oLN33C8rtI3PAUGjutpn3zt182','57321320584');
INSERT INTO SILUTEL.PEMBELIAN VALUES('ZoxepW','2016-04-10 15:28:12','SXVCBoTTPVQBm97d815LBr1189','SbdtGY3lJ47sdQ@ui.ac.id');
INSERT INTO SILUTEL.PEMBELIAN VALUES('BlmRa6','2016-04-07 11:18:24','XWGYJ60sv0','yEktRp0nsEpodfo6@lalala.com');
INSERT INTO SILUTEL.PEMBELIAN VALUES('3moGrg','2016-05-24 1:26:52','9KPWd8v25sqfo1SqdKtszpcT2','qHlqWS3Qkaj@foo.bar');
INSERT INTO SILUTEL.PEMBELIAN VALUES('jy0rVS','2016-05-26 11:6:58','flpcwglLsu','IM4NJRB50nVN9Td9nnF@foo.bar');
INSERT INTO SILUTEL.PEMBELIAN VALUES('Vj9qU6','2016-05-23 5:29:28','YPRd1IYXJqNSxihPwRW92qxF9','9CcEeXXCM0RBYbairI@foo.bar');
INSERT INTO SILUTEL.PEMBELIAN VALUES('w4XwRS','2016-04-07 18:41:32','2MgwkRDAiz','ppGsD9JSeW9oQqriEod@lalala.com');
INSERT INTO SILUTEL.PEMBELIAN VALUES('At4gDT','2016-04-09 23:48:34','UEMvrY9gkILcLO8XMMGAxkNrC5iHOFV5u','oX9L3@ui.ac.id');
INSERT INTO SILUTEL.PEMBELIAN VALUES('DLbKmf','2016-05-16 17:35:47','2MgwkRDAiz','oX9L3@ui.ac.id');
INSERT INTO SILUTEL.PEMBELIAN VALUES('dfiBCC','2016-05-23 14:38:4','55O6xyGbYD','02Y@ui.ac.id');
INSERT INTO SILUTEL.PEMBELIAN VALUES('0QIABV','2016-04-13 10:4:5','uma3ctZD','xznAXBSfa@ui.ac.id');
INSERT INTO SILUTEL.PEMBELIAN VALUES('k6BRaP','2016-04-22 14:27:45','HYeiQT96heqqC','n6hk0y9iXrmJQJhYK10@lalala.com');
INSERT INTO SILUTEL.PEMBELIAN VALUES('w569Lw','2016-04-19 10:29:5','QbUS','dspBSfhEw1Rw@foo.bar');
INSERT INTO SILUTEL.PEMBELIAN VALUES('SxE6Fo','2016-05-30 7:52:5','ABTa26lfvEB6cPnFgPjDTVETEtfk','xznAXBSfa@ui.ac.id');
INSERT INTO SILUTEL.PEMBELIAN VALUES('W3yg50','2016-05-15 0:59:5','zoDKCGjmA3xzUzMnRq7TR4j39','SbdtGY3lJ47sdQ@ui.ac.id');
INSERT INTO SILUTEL.PEMBELIAN VALUES('9O77Qm','2016-04-09 22:5:35','6kY2whdb','3w9U6xKgA@foo.bar');
INSERT INTO SILUTEL.PEMBELIAN VALUES('B5yzPM','2016-04-19 7:40:59','0xB9she2BtkBqdg9','Xk1yq@foo.bar');
INSERT INTO SILUTEL.PEMBELIAN VALUES('VXwq4l','2016-04-18 11:29:16','E4nRb1o4qB5','02Y@ui.ac.id');
INSERT INTO SILUTEL.PEMBELIAN VALUES('flcZOv','2016-05-07 19:43:5','LkG0exXYBRH8','zXnL1Yv@lalala.com');
INSERT INTO SILUTEL.PEMBELIAN VALUES('yKXn0Z','2016-04-14 21:16:32','SXVCBoTTPVQBm97d815LBr1189','yEktRp0nsEpodfo6@lalala.com');
INSERT INTO SILUTEL.PEMBELIAN VALUES('p2DnKQ','2016-05-05 4:47:26','n1k','yEktRp0nsEpodfo6@lalala.com');
INSERT INTO SILUTEL.PEMBELIAN VALUES('5hjZ3g','2016-04-10 21:47:4','5JJvIfaIVWtTY','h@foo.bar');
INSERT INTO SILUTEL.PEMBELIAN VALUES('yd2XGJ','2016-05-14 8:28:8','S3ggq8vW','JpE6m@foo.bar');
INSERT INTO SILUTEL.PEMBELIAN VALUES('Dxq3fa','2016-05-23 15:39:36','E4nRb1o4qB5','02Y@ui.ac.id');
INSERT INTO SILUTEL.PEMBELIAN VALUES('z1udgz','2016-05-29 12:53:50','n1k','n6hk0y9iXrmJQJhYK10@lalala.com');
INSERT INTO SILUTEL.PEMBELIAN VALUES('FXaM45','2016-05-22 11:13:18','2MgwkRDAiz','qHlqWS3Qkaj@foo.bar');
INSERT INTO SILUTEL.PEMBELIAN VALUES('eOgZgo','2016-04-24 18:11:25','LkG0exXYBRH8','n6hk0y9iXrmJQJhYK10@lalala.com');
INSERT INTO SILUTEL.PEMBELIAN VALUES('BaUfYc','2016-04-03 6:27:37','2auONekKhlh5lFzLG','02Y@ui.ac.id');
INSERT INTO SILUTEL.PEMBELIAN VALUES('qaNT1Q','2016-04-07 16:26:19','oLN33C8rtI3PAUGjutpn3zt182','02Y@ui.ac.id');
INSERT INTO SILUTEL.PEMBELIAN VALUES('lOXRvp','2016-04-27 11:36:31','zoDKCGjmA3xzUzMnRq7TR4j39','sIjlDdoANTWkFlaqanUw@ui.ac.id');
INSERT INTO SILUTEL.PEMBELIAN VALUES('6jUvNJ','2016-04-06 19:48:15','Eyt9GdwTairxdqACND0Hvo','n6hk0y9iXrmJQJhYK10@lalala.com');
INSERT INTO SILUTEL.PEMBELIAN VALUES('DQmYwi','2016-04-29 18:41:8','SXVCBoTTPVQBm97d815LBr1189','oX9L3@ui.ac.id');
INSERT INTO SILUTEL.PEMBELIAN VALUES('KLmRDA','2016-04-16 10:26:37','YPRd1IYXJqNSxihPwRW92qxF9','UXeSsAnjyxQZA9VDz@ui.ac.id');
INSERT INTO SILUTEL.PEMBELIAN VALUES('WkzrjK','2016-04-26 15:56:43','55O6xyGbYD','bptR@foo.bar');
INSERT INTO SILUTEL.PEMBELIAN VALUES('wzg9sC','2016-04-20 12:2:45','HYeiQT96heqqC','zXnL1Yv@lalala.com');
INSERT INTO SILUTEL.PEMBELIAN VALUES('TbMSCg','2016-05-08 2:37:30','IQawjZlbB','oX9L3@ui.ac.id');
INSERT INTO SILUTEL.PEMBELIAN VALUES('b0IpHm','2016-05-19 6:18:49','9KPWd8v25sqfo1SqdKtszpcT2','bptR@foo.bar');
INSERT INTO SILUTEL.PEMBELIAN VALUES('Xgivoh','2016-04-14 18:27:3','VjWdhnadbIPMDQN7PEbrut5b0','pPHsnliBH@ui.ac.id');
INSERT INTO SILUTEL.PEMBELIAN VALUES('AOF7FY','2016-04-14 19:8:43','UEMvrY9gkILcLO8XMMGAxkNrC5iHOFV5u','kZFu5YpgC@ui.ac.id');
INSERT INTO SILUTEL.PEMBELIAN VALUES('36GwjJ','2016-05-26 12:6:30','5JJvIfaIVWtTY','UXeSsAnjyxQZA9VDz@ui.ac.id');
INSERT INTO SILUTEL.PEMBELIAN VALUES('CarEgm','2016-04-26 6:31:31','exyJINo3AKjIxP','YQ1eZ2Zjq5Jyk@foo.bar');
INSERT INTO SILUTEL.PEMBELIAN VALUES('w8rm4s','2016-05-04 12:5:46','2auONekKhlh5lFzLG','ppGsD9JSeW9oQqriEod@lalala.com');
INSERT INTO SILUTEL.PEMBELIAN VALUES('WjwXIg','2016-05-22 18:47:13','IQawjZlbB','yEktRp0nsEpodfo6@lalala.com');
INSERT INTO SILUTEL.PEMBELIAN VALUES('u8V4pb','2016-04-03 20:37:11','0xB9she2BtkBqdg9','NvyWkmZI0@lalala.com');
INSERT INTO SILUTEL.PEMBELIAN VALUES('LVeSBn','2016-04-08 1:25:59','3IkuJQxSEGQJLY1rshT','NvyWkmZI0@lalala.com');
INSERT INTO SILUTEL.PEMBELIAN VALUES('PmFi9M','2016-05-01 18:53:30','UEMvrY9gkILcLO8XMMGAxkNrC5iHOFV5u','n6hk0y9iXrmJQJhYK10@lalala.com');
INSERT INTO SILUTEL.PEMBELIAN VALUES('nUc3ly','2016-04-07 22:9:10','n1k','9CcEeXXCM0RBYbairI@foo.bar');
INSERT INTO SILUTEL.PEMBELIAN VALUES('WgZgTE','2016-04-25 14:32:54','h5nhte32vlqDZ9H4morZ7kGipx0g9p','icF@lalala.com');
INSERT INTO SILUTEL.PEMBELIAN VALUES('GkeHNK','2016-05-27 22:8:7','CjcJjdsjp0t5LAPOlK','9CcEeXXCM0RBYbairI@foo.bar');
INSERT INTO SILUTEL.PEMBELIAN VALUES('JlVRy0','2016-05-30 0:5:53','3IkuJQxSEGQJLY1rshT','pPHsnliBH@ui.ac.id');
INSERT INTO SILUTEL.PEMBELIAN VALUES('iwnVM1','2016-05-20 6:13:42','iGX0rv59xThuQOmCbDsIH','NvyWkmZI0@lalala.com');
INSERT INTO SILUTEL.PEMBELIAN VALUES('Uer5fC','2016-04-22 19:11:33','ABTa26lfvEB6cPnFgPjDTVETEtfk','kZFu5YpgC@ui.ac.id');
INSERT INTO SILUTEL.PEMBELIAN VALUES('6rSDLB','2016-04-01 6:16:19','kVJ12FNJlkmv8G7gvTKN','NvyWkmZI0@lalala.com');
INSERT INTO SILUTEL.PEMBELIAN VALUES('g06PHX','2016-05-01 21:23:40','VjWdhnadbIPMDQN7PEbrut5b0','zXnL1Yv@lalala.com');
INSERT INTO SILUTEL.PEMBELIAN VALUES('K94wk1','2016-04-26 22:42:32','uma3ctZD','bptR@foo.bar');
INSERT INTO SILUTEL.PEMBELIAN VALUES('kjL687','2016-05-28 0:22:9','zoDKCGjmA3xzUzMnRq7TR4j39','Ckr9PSUeGIc@lalala.com');
INSERT INTO SILUTEL.PEMBELIAN VALUES('rVMBkj','2016-04-16 0:7:10','YPRd1IYXJqNSxihPwRW92qxF9','YQ1eZ2Zjq5Jyk@foo.bar');
INSERT INTO SILUTEL.PEMBELIAN VALUES('PUXydB','2016-05-10 6:22:54','dvF171tDfKHLyOH','zXnL1Yv@lalala.com');
INSERT INTO SILUTEL.PEMBELIAN VALUES('H6y7jA','2016-05-29 7:20:4','h5nhte32vlqDZ9H4morZ7kGipx0g9p','qHlqWS3Qkaj@foo.bar');
INSERT INTO SILUTEL.PEMBELIAN VALUES('P9QGog','2016-04-03 7:20:49','E4nRb1o4qB5','NvyWkmZI0@lalala.com');
INSERT INTO SILUTEL.PEMBELIAN VALUES('8pPfZa','2016-04-29 12:21:35','55O6xyGbYD','NvyWkmZI0@lalala.com');
INSERT INTO SILUTEL.PEMBELIAN VALUES('16lhe8','2016-04-13 23:51:25','ABTa26lfvEB6cPnFgPjDTVETEtfk','kZFu5YpgC@ui.ac.id');
INSERT INTO SILUTEL.PEMBELIAN VALUES('BJWugq','2016-04-06 10:34:2','S3ggq8vW','kZFu5YpgC@ui.ac.id');
INSERT INTO SILUTEL.PEMBELIAN VALUES('D4Hvu4','2016-04-26 4:39:11','u9ya4XnbfpDUFHw','ppGsD9JSeW9oQqriEod@lalala.com');
INSERT INTO SILUTEL.PEMBELIAN VALUES('CJQAyK','2016-04-10 5:27:27','h5nhte32vlqDZ9H4morZ7kGipx0g9p','UXeSsAnjyxQZA9VDz@ui.ac.id');
INSERT INTO SILUTEL.PEMBELIAN VALUES('b6ghMh','2016-04-07 0:7:22','RVXc','YQ1eZ2Zjq5Jyk@foo.bar');
INSERT INTO SILUTEL.PEMBELIAN VALUES('Tt2RX6','2016-04-22 0:30:27','T7g6zGJ','UXeSsAnjyxQZA9VDz@ui.ac.id');
INSERT INTO SILUTEL.PEMBELIAN VALUES('7ilkiF','2016-05-28 22:54:4','3IkuJQxSEGQJLY1rshT','Xk1yq@foo.bar');
INSERT INTO SILUTEL.PEMBELIAN VALUES('RPWEDN','2016-04-01 5:3:45','E4nRb1o4qB5','3w9U6xKgA@foo.bar');
INSERT INTO SILUTEL.PEMBELIAN VALUES('0NOz2V','2016-04-08 12:29:14','5JJvIfaIVWtTY','YQ1eZ2Zjq5Jyk@foo.bar');
INSERT INTO SILUTEL.PEMBELIAN VALUES('n392Yx','2016-05-09 15:27:44','2MgwkRDAiz','ppGsD9JSeW9oQqriEod@lalala.com');
INSERT INTO SILUTEL.PEMBELIAN VALUES('WwvXDI','2016-05-07 17:28:54','2auONekKhlh5lFzLG','sIjlDdoANTWkFlaqanUw@ui.ac.id');
INSERT INTO SILUTEL.PEMBELIAN VALUES('5lUD8V','2016-05-05 12:3:12','VjWdhnadbIPMDQN7PEbrut5b0','bptR@foo.bar');
INSERT INTO SILUTEL.PEMBELIAN VALUES('8Evk6c','2016-04-24 20:16:49','dvF171tDfKHLyOH','h@foo.bar');
INSERT INTO SILUTEL.PEMBELIAN VALUES('5EC6Yn','2016-05-15 21:8:10','5JJvIfaIVWtTY','SbdtGY3lJ47sdQ@ui.ac.id');
INSERT INTO SILUTEL.PEMBELIAN VALUES('SQfSlw','2016-05-16 4:50:1','u9ya4XnbfpDUFHw','IM4NJRB50nVN9Td9nnF@foo.bar');
INSERT INTO SILUTEL.PEMBELIAN VALUES('csRta9','2016-05-20 8:31:42','YPRd1IYXJqNSxihPwRW92qxF9','JpE6m@foo.bar');
INSERT INTO SILUTEL.PEMBELIAN VALUES('lH8002','2016-05-19 15:25:0','CjcJjdsjp0t5LAPOlK','xznAXBSfa@ui.ac.id');
INSERT INTO SILUTEL.PEMBELIAN VALUES('nnBhXb','2016-04-26 15:40:35','6kY2whdb','02Y@ui.ac.id');
INSERT INTO SILUTEL.PEMBELIAN VALUES('swrB8e','2016-04-29 23:2:47','CjcJjdsjp0t5LAPOlK','icF@lalala.com');
INSERT INTO SILUTEL.PEMBELIAN VALUES('nst9IS','2016-05-07 15:7:35','YPRd1IYXJqNSxihPwRW92qxF9','NvyWkmZI0@lalala.com');
INSERT INTO SILUTEL.PEMBELIAN VALUES('pze0b6','2016-05-02 0:5:57','LdOYsrLBEvQfF5BqC6aaVvsKMv5htgXGWEW','qHlqWS3Qkaj@foo.bar');
INSERT INTO SILUTEL.PEMBELIAN VALUES('UsPLcy','2016-04-19 4:42:6','ABTa26lfvEB6cPnFgPjDTVETEtfk','xznAXBSfa@ui.ac.id');
INSERT INTO SILUTEL.PEMBELIAN VALUES('0lthbF','2016-04-21 17:26:22','X8Gyv1sIOM8aUzpYFclPnS8LuDopY8BIEnR','n6hk0y9iXrmJQJhYK10@lalala.com');
INSERT INTO SILUTEL.PEMBELIAN VALUES('MYB52f','2016-04-21 12:47:29','h5nhte32vlqDZ9H4morZ7kGipx0g9p','yEktRp0nsEpodfo6@lalala.com');
INSERT INTO SILUTEL.PEMBELIAN VALUES('jrpfbj','2016-05-20 1:18:3','eU','yEktRp0nsEpodfo6@lalala.com');
INSERT INTO SILUTEL.PEMBELIAN VALUES('OgrAN0','2016-05-13 5:43:8','MKEl7usiS6g2V','oX9L3@ui.ac.id');
INSERT INTO SILUTEL.PEMBELIAN VALUES('H3ZOHB','2016-05-30 19:13:19','2MgwkRDAiz','02Y@ui.ac.id');
INSERT INTO SILUTEL.PEMBELIAN VALUES('SVHyCC','2016-04-15 4:16:57','0xB9she2BtkBqdg9','JpE6m@foo.bar');
INSERT INTO SILUTEL.PEMBELIAN VALUES('hCAJWh','2016-05-22 1:1:17','oLN33C8rtI3PAUGjutpn3zt182','SbdtGY3lJ47sdQ@ui.ac.id');
INSERT INTO SILUTEL.PEMBELIAN VALUES('xDG72N','2016-04-19 20:46:54','2auONekKhlh5lFzLG','n6hk0y9iXrmJQJhYK10@lalala.com');
INSERT INTO SILUTEL.PEMBELIAN VALUES('O8cuKG','2016-05-19 23:6:44','VjWdhnadbIPMDQN7PEbrut5b0','dspBSfhEw1Rw@foo.bar');
INSERT INTO SILUTEL.PEMBELIAN VALUES('KJSCQu','2016-05-06 17:5:58','HYeiQT96heqqC','xznAXBSfa@ui.ac.id');
INSERT INTO SILUTEL.PEMBELIAN VALUES('O9sp8p','2016-04-05 12:48:51','zoDKCGjmA3xzUzMnRq7TR4j39','h@foo.bar');
INSERT INTO SILUTEL.PEMBELIAN VALUES('7vu8sA','2016-05-20 7:24:59','lS1jKVoW98bBLtQr','bptR@foo.bar');
INSERT INTO SILUTEL.PEMBELIAN VALUES('uQZnV2','2016-04-12 14:31:11','vDIrty82kP3HIrN','YQ1eZ2Zjq5Jyk@foo.bar');
INSERT INTO SILUTEL.PEMBELIAN VALUES('fQirEZ','2016-04-09 11:57:5','eU','n6hk0y9iXrmJQJhYK10@lalala.com');
INSERT INTO SILUTEL.PEMBELIAN VALUES('AUVBJW','2016-05-01 5:39:52','E4nRb1o4qB5','JpE6m@foo.bar');
INSERT INTO SILUTEL.PEMBELIAN VALUES('ofOwGZ','2016-04-08 10:52:39','zoDKCGjmA3xzUzMnRq7TR4j39','NvyWkmZI0@lalala.com');
INSERT INTO SILUTEL.PEMBELIAN VALUES('v4jxxZ','2016-05-07 1:52:7','yfwddnbP106E74ZqoQJIUk2WzhoddUy','dspBSfhEw1Rw@foo.bar');
INSERT INTO SILUTEL.PEMBELIAN VALUES('H873Ne','2016-04-26 15:47:56','5JJvIfaIVWtTY','icF@lalala.com');
INSERT INTO SILUTEL.PEMBELIAN VALUES('uVhL1u','2016-05-15 17:33:59','IQawjZlbB','YQ1eZ2Zjq5Jyk@foo.bar');
INSERT INTO SILUTEL.PEMBELIAN VALUES('K87V0E','2016-04-28 22:21:31','2MgwkRDAiz','Ckr9PSUeGIc@lalala.com');
INSERT INTO SILUTEL.PEMBELIAN VALUES('ydUdLB','2016-05-09 9:18:38','3IkuJQxSEGQJLY1rshT','bptR@foo.bar');
INSERT INTO SILUTEL.PEMBELIAN VALUES('cPMjcK','2016-04-29 18:49:0','yfwddnbP106E74ZqoQJIUk2WzhoddUy','9CcEeXXCM0RBYbairI@foo.bar');
INSERT INTO SILUTEL.PEMBELIAN VALUES('jrjUE7','2016-04-03 14:5:36','IQawjZlbB','bptR@foo.bar');
INSERT INTO SILUTEL.PEMBELIAN VALUES('0zhGfj','2016-05-18 4:4:33','5','xznAXBSfa@ui.ac.id');
INSERT INTO SILUTEL.PEMBELIAN VALUES('LwlkjP','2016-04-28 8:10:0','5Njag2STG','n6hk0y9iXrmJQJhYK10@lalala.com');
INSERT INTO SILUTEL.PEMBELIAN VALUES('JeKtnj','2016-04-06 8:28:13','NqCttSjYYjgRW57awMBhC','YQ1eZ2Zjq5Jyk@foo.bar');
INSERT INTO SILUTEL.PEMBELIAN VALUES('LZW4HK','2016-04-12 3:49:35','vDIrty82kP3HIrN','qHlqWS3Qkaj@foo.bar');
INSERT INTO SILUTEL.PEMBELIAN VALUES('QHh5Le','2016-05-30 2:49:26','h5nhte32vlqDZ9H4morZ7kGipx0g9p','sIjlDdoANTWkFlaqanUw@ui.ac.id');
INSERT INTO SILUTEL.PEMBELIAN VALUES('LLyKOr','2016-05-25 5:5:53','u9ya4XnbfpDUFHw','kZFu5YpgC@ui.ac.id');
INSERT INTO SILUTEL.PEMBELIAN VALUES('GeyVMc','2016-05-07 22:46:7','n1k','oX9L3@ui.ac.id');
INSERT INTO SILUTEL.PEMBELIAN VALUES('xBEpjT','2016-04-07 12:14:13','DDwu7I8nA3QW4F0Rk3ruw5eQ','yEktRp0nsEpodfo6@lalala.com');
INSERT INTO SILUTEL.PEMBELIAN VALUES('DHWoZZ','2016-04-29 15:50:57','h5nhte32vlqDZ9H4morZ7kGipx0g9p','YQ1eZ2Zjq5Jyk@foo.bar');
INSERT INTO SILUTEL.PEMBELIAN VALUES('2Pfnlb','2016-05-10 12:38:46','SXVCBoTTPVQBm97d815LBr1189','qHlqWS3Qkaj@foo.bar');
INSERT INTO SILUTEL.PEMBELIAN VALUES('n7V1Y2','2016-04-03 16:26:6','oLN33C8rtI3PAUGjutpn3zt182','n6hk0y9iXrmJQJhYK10@lalala.com');
INSERT INTO SILUTEL.PEMBELIAN VALUES('WfIT6i','2016-05-21 7:55:37','9KPWd8v25sqfo1SqdKtszpcT2','zXnL1Yv@lalala.com');
INSERT INTO SILUTEL.PEMBELIAN VALUES('WxcDBC','2016-04-28 3:50:24','De5Lzx2gYPA5ptSmy1gWMYqfuTjnn','UXeSsAnjyxQZA9VDz@ui.ac.id');
INSERT INTO SILUTEL.PEMBELIAN VALUES('YMb4nw','2016-05-03 20:35:59','vDIrty82kP3HIrN','dspBSfhEw1Rw@foo.bar');
INSERT INTO SILUTEL.PEMBELIAN VALUES('w4b8mD','2016-04-14 6:26:42','3IkuJQxSEGQJLY1rshT','SbdtGY3lJ47sdQ@ui.ac.id');
INSERT INTO SILUTEL.PEMBELIAN VALUES('zQzPwq','2016-05-02 4:41:15','9KPWd8v25sqfo1SqdKtszpcT2','oX9L3@ui.ac.id');
INSERT INTO SILUTEL.PEMBELIAN VALUES('uu96AA','2016-05-17 1:16:47','SXVCBoTTPVQBm97d815LBr1189','02Y@ui.ac.id');
INSERT INTO SILUTEL.PEMBELIAN VALUES('M8eH6c','2016-04-26 12:33:22','CjcJjdsjp0t5LAPOlK','UXeSsAnjyxQZA9VDz@ui.ac.id');
INSERT INTO SILUTEL.PEMBELIAN VALUES('4V3ThS','2016-04-21 16:14:38','CjcJjdsjp0t5LAPOlK','qHlqWS3Qkaj@foo.bar');
INSERT INTO SILUTEL.PEMBELIAN VALUES('qRtn4y','2016-04-10 22:43:32','ABTa26lfvEB6cPnFgPjDTVETEtfk','n6hk0y9iXrmJQJhYK10@lalala.com');
INSERT INTO SILUTEL.PEMBELIAN VALUES('vztteC','2016-05-16 10:35:34','2auONekKhlh5lFzLG','n6hk0y9iXrmJQJhYK10@lalala.com');
INSERT INTO SILUTEL.PEMBELIAN VALUES('g3FGbO','2016-05-29 4:5:48','flpcwglLsu','kZFu5YpgC@ui.ac.id');
INSERT INTO SILUTEL.PEMBELIAN VALUES('P7ohl7','2016-04-06 14:54:11','exyJINo3AKjIxP','9CcEeXXCM0RBYbairI@foo.bar');
INSERT INTO SILUTEL.PEMBELIAN VALUES('fRojGE','2016-05-15 14:31:36','5JJvIfaIVWtTY','Xk1yq@foo.bar');
INSERT INTO SILUTEL.PEMBELIAN VALUES('XjW2g5','2016-04-12 2:56:57','lS1jKVoW98bBLtQr','yEktRp0nsEpodfo6@lalala.com');
INSERT INTO SILUTEL.PEMBELIAN VALUES('AWF0io','2016-04-16 15:42:47','E4nRb1o4qB5','sIjlDdoANTWkFlaqanUw@ui.ac.id');
INSERT INTO SILUTEL.PEMBELIAN VALUES('9CSgQB','2016-05-30 3:14:46','5XItjAV4ZaZWmrvgV7b','oX9L3@ui.ac.id');
INSERT INTO SILUTEL.PEMBELIAN VALUES('aBnzxv','2016-04-24 3:40:44','SXVCBoTTPVQBm97d815LBr1189','xznAXBSfa@ui.ac.id');
INSERT INTO SILUTEL.PEMBELIAN VALUES('Ehfo62','2016-05-02 22:11:9','QbUS','pPHsnliBH@ui.ac.id');
INSERT INTO SILUTEL.PEMBELIAN VALUES('nvGpxt','2016-04-26 7:21:31','QbUS','icF@lalala.com');
INSERT INTO SILUTEL.PEMBELIAN VALUES('BfIHz5','2016-05-08 19:59:21','6kY2whdb','sIjlDdoANTWkFlaqanUw@ui.ac.id');
INSERT INTO SILUTEL.PEMBELIAN VALUES('p5o9rM','2016-05-10 16:14:45','yfwddnbP106E74ZqoQJIUk2WzhoddUy','oX9L3@ui.ac.id');
INSERT INTO SILUTEL.PEMBELIAN VALUES('bPA02I','2016-04-18 17:54:39','E4nRb1o4qB5','JpE6m@foo.bar');
INSERT INTO SILUTEL.PEMBELIAN VALUES('ZVL3qD','2016-04-28 12:8:43','3IkuJQxSEGQJLY1rshT','pPHsnliBH@ui.ac.id');
INSERT INTO SILUTEL.PEMBELIAN VALUES('PdrMMd','2016-04-09 14:37:13','IVYjlP','NvyWkmZI0@lalala.com');
INSERT INTO SILUTEL.PEMBELIAN VALUES('1dqQMY','2016-05-07 18:11:15','oLN33C8rtI3PAUGjutpn3zt182','YQ1eZ2Zjq5Jyk@foo.bar');
INSERT INTO SILUTEL.PEMBELIAN VALUES('Y3EGsD','2016-05-02 9:19:37','zoDKCGjmA3xzUzMnRq7TR4j39','YQ1eZ2Zjq5Jyk@foo.bar');
INSERT INTO SILUTEL.PEMBELIAN VALUES('3oeWpn','2016-05-07 22:20:34','CjcJjdsjp0t5LAPOlK','NvyWkmZI0@lalala.com');
INSERT INTO SILUTEL.PEMBELIAN VALUES('C5ROv9','2016-05-21 19:57:22','uma3ctZD','Xk1yq@foo.bar');
INSERT INTO SILUTEL.PEMBELIAN VALUES('EFkij1','2016-05-08 18:38:30','YPRd1IYXJqNSxihPwRW92qxF9','3w9U6xKgA@foo.bar');
INSERT INTO SILUTEL.PEMBELIAN VALUES('T7uS4j','2016-04-19 1:5:17','n1k','oX9L3@ui.ac.id');
INSERT INTO SILUTEL.PEMBELIAN VALUES('nlcUwO','2016-05-03 13:59:36','oLN33C8rtI3PAUGjutpn3zt182','kZFu5YpgC@ui.ac.id');
INSERT INTO SILUTEL.PEMBELIAN VALUES('gOf66O','2016-04-21 9:38:6','A','UXeSsAnjyxQZA9VDz@ui.ac.id');
INSERT INTO SILUTEL.PEMBELIAN VALUES('0Hqf1b','2016-04-12 3:17:0','ABTa26lfvEB6cPnFgPjDTVETEtfk','IM4NJRB50nVN9Td9nnF@foo.bar');
INSERT INTO SILUTEL.PEMBELIAN VALUES('vFZW23','2016-05-09 19:44:9','h5nhte32vlqDZ9H4morZ7kGipx0g9p','ppGsD9JSeW9oQqriEod@lalala.com');
INSERT INTO SILUTEL.PEMBELIAN VALUES('r0OSBE','2016-05-10 21:2:48','dvF171tDfKHLyOH','icF@lalala.com');
INSERT INTO SILUTEL.PEMBELIAN VALUES('DSjicg','2016-04-17 21:35:14','LdOYsrLBEvQfF5BqC6aaVvsKMv5htgXGWEW','pPHsnliBH@ui.ac.id');
INSERT INTO SILUTEL.PEMBELIAN VALUES('aBMUhr','2016-05-26 5:30:33','ABTa26lfvEB6cPnFgPjDTVETEtfk','qHlqWS3Qkaj@foo.bar');
INSERT INTO SILUTEL.PEMBELIAN VALUES('CgyKYZ','2016-05-11 17:23:9','IQawjZlbB','3w9U6xKgA@foo.bar');
INSERT INTO SILUTEL.PEMBELIAN VALUES('mddOyw','2016-05-09 7:33:35','Eyt9GdwTairxdqACND0Hvo','oX9L3@ui.ac.id');
INSERT INTO SILUTEL.PEMBELIAN VALUES('MhToV6','2016-04-21 19:26:14','A','ppGsD9JSeW9oQqriEod@lalala.com');
INSERT INTO SILUTEL.PEMBELIAN VALUES('tw3RtS','2016-05-03 18:11:42','2auONekKhlh5lFzLG','Xk1yq@foo.bar');
INSERT INTO SILUTEL.PEMBELIAN VALUES('T9Ea4T','2016-04-11 5:46:19','T7g6zGJ','yEktRp0nsEpodfo6@lalala.com');
INSERT INTO SILUTEL.PEMBELIAN VALUES('j3ja72','2016-05-04 19:30:18','Eyt9GdwTairxdqACND0Hvo','xznAXBSfa@ui.ac.id');
INSERT INTO SILUTEL.PEMBELIAN VALUES('knxxRQ','2016-05-28 0:21:1','iGX0rv59xThuQOmCbDsIH','Ckr9PSUeGIc@lalala.com');
INSERT INTO SILUTEL.PEMBELIAN VALUES('ylUxLg','2016-05-29 10:5:59','oLN33C8rtI3PAUGjutpn3zt182','h@foo.bar');
INSERT INTO SILUTEL.PEMBELIAN VALUES('CbXRwC','2016-04-07 23:19:42','X8Gyv1sIOM8aUzpYFclPnS8LuDopY8BIEnR','dspBSfhEw1Rw@foo.bar');
INSERT INTO SILUTEL.PEMBELIAN VALUES('JQno8W','2016-04-09 0:23:0','MKEl7usiS6g2V','zXnL1Yv@lalala.com');
INSERT INTO SILUTEL.PEMBELIAN VALUES('pCnLAD','2016-04-01 23:53:35','T7g6zGJ','pPHsnliBH@ui.ac.id');
INSERT INTO SILUTEL.PEMBELIAN VALUES('7tsCnC','2016-04-05 0:13:36','h5nhte32vlqDZ9H4morZ7kGipx0g9p','pPHsnliBH@ui.ac.id');
INSERT INTO SILUTEL.PEMBELIAN VALUES('msiCGJ','2016-05-23 7:33:12','Eyt9GdwTairxdqACND0Hvo','Ckr9PSUeGIc@lalala.com');
INSERT INTO SILUTEL.PEMBELIAN VALUES('qsSV0H','2016-05-18 22:16:8','5JJvIfaIVWtTY','IM4NJRB50nVN9Td9nnF@foo.bar');
INSERT INTO SILUTEL.PEMBELIAN VALUES('vtbtpz','2016-04-08 5:16:21','RVXc','h@foo.bar');
INSERT INTO SILUTEL.PEMBELIAN VALUES('Zj8YTs','2016-04-01 22:7:41','yfwddnbP106E74ZqoQJIUk2WzhoddUy','NvyWkmZI0@lalala.com');
INSERT INTO SILUTEL.PEMBELIAN VALUES('qzNyZn','2016-04-25 1:39:6','exyJINo3AKjIxP','9CcEeXXCM0RBYbairI@foo.bar');
INSERT INTO SILUTEL.PEMBELIAN VALUES('WDzdJ7','2016-05-10 20:24:32','HYeiQT96heqqC','Ckr9PSUeGIc@lalala.com');
INSERT INTO SILUTEL.PEMBELIAN VALUES('ixTbNP','2016-05-02 0:39:1','uma3ctZD','zXnL1Yv@lalala.com');
INSERT INTO SILUTEL.PEMBELIAN VALUES('AZK78a','2016-04-05 2:43:54','0xB9she2BtkBqdg9','zXnL1Yv@lalala.com');
INSERT INTO SILUTEL.PEMBELIAN VALUES('QsRAK7','2016-04-02 15:21:16','IQawjZlbB','UXeSsAnjyxQZA9VDz@ui.ac.id');
INSERT INTO SILUTEL.PEMBELIAN VALUES('3Xkat1','2016-04-01 3:49:45','eU','icF@lalala.com');
INSERT INTO SILUTEL.PEMBELIAN VALUES('Iu90gw','2016-05-06 12:20:35','uma3ctZD','9CcEeXXCM0RBYbairI@foo.bar');
INSERT INTO SILUTEL.PEMBELIAN VALUES('A0aR8L','2016-04-24 3:31:30','h5nhte32vlqDZ9H4morZ7kGipx0g9p','Ckr9PSUeGIc@lalala.com');
INSERT INTO SILUTEL.PEMBELIAN VALUES('zObG9v','2016-04-02 10:21:22','HYeiQT96heqqC','3w9U6xKgA@foo.bar');
INSERT INTO SILUTEL.PEMBELIAN VALUES('ohL80S','2016-05-03 6:2:44','IQawjZlbB','3w9U6xKgA@foo.bar');
INSERT INTO SILUTEL.PEMBELIAN VALUES('hS0M7r','2016-05-30 21:20:16','De5Lzx2gYPA5ptSmy1gWMYqfuTjnn','yEktRp0nsEpodfo6@lalala.com');
INSERT INTO SILUTEL.PEMBELIAN VALUES('Nl4wcp','2016-04-26 8:34:56','u9ya4XnbfpDUFHw','pPHsnliBH@ui.ac.id');
INSERT INTO SILUTEL.PEMBELIAN VALUES('dqCoCs','2016-05-10 22:42:11','lS1jKVoW98bBLtQr','icF@lalala.com');
INSERT INTO SILUTEL.PEMBELIAN VALUES('FE6y7e','2016-04-03 6:46:42','exyJINo3AKjIxP','9CcEeXXCM0RBYbairI@foo.bar');
INSERT INTO SILUTEL.PEMBELIAN VALUES('ZykSez','2016-05-28 15:18:13','dvF171tDfKHLyOH','JpE6m@foo.bar');
INSERT INTO SILUTEL.PEMBELIAN VALUES('OKl6KY','2016-05-23 2:46:25','DDwu7I8nA3QW4F0Rk3ruw5eQ','dspBSfhEw1Rw@foo.bar');
INSERT INTO SILUTEL.PEMBELIAN VALUES('L6ztss','2016-04-12 19:30:43','X8Gyv1sIOM8aUzpYFclPnS8LuDopY8BIEnR','UXeSsAnjyxQZA9VDz@ui.ac.id');
INSERT INTO SILUTEL.PEMBELIAN VALUES('GQ7jEd','2016-05-24 15:36:50','5JJvIfaIVWtTY','n6hk0y9iXrmJQJhYK10@lalala.com');
INSERT INTO SILUTEL.PEMBELIAN VALUES('xHATcr','2016-05-19 4:39:15','RVXc','3w9U6xKgA@foo.bar');
INSERT INTO SILUTEL.PEMBELIAN VALUES('KkYCTC','2016-05-29 10:21:14','zoDKCGjmA3xzUzMnRq7TR4j39','ppGsD9JSeW9oQqriEod@lalala.com');
INSERT INTO SILUTEL.PEMBELIAN VALUES('6KOL1E','2016-04-18 23:19:4','5XItjAV4ZaZWmrvgV7b','Ckr9PSUeGIc@lalala.com');
INSERT INTO SILUTEL.PEMBELIAN VALUES('nYdfyA','2016-05-17 7:53:2','QbUS','xznAXBSfa@ui.ac.id');
INSERT INTO SILUTEL.PEMBELIAN VALUES('iNfdgE','2016-05-07 13:59:4','X8Gyv1sIOM8aUzpYFclPnS8LuDopY8BIEnR','02Y@ui.ac.id');
INSERT INTO SILUTEL.PEMBELIAN VALUES('8pxYjp','2016-04-02 17:32:52','DDwu7I8nA3QW4F0Rk3ruw5eQ','oX9L3@ui.ac.id');
INSERT INTO SILUTEL.PEMBELIAN VALUES('Gz2nUr','2016-04-24 11:52:27','MKEl7usiS6g2V','Ckr9PSUeGIc@lalala.com');
INSERT INTO SILUTEL.PEMBELIAN VALUES('0sRp2c','2016-05-03 9:54:19','YPRd1IYXJqNSxihPwRW92qxF9','Xk1yq@foo.bar');
INSERT INTO SILUTEL.PEMBELIAN VALUES('cj6g6D','2016-05-04 16:8:18','RVXc','ppGsD9JSeW9oQqriEod@lalala.com');
INSERT INTO SILUTEL.PEMBELIAN VALUES('Tppmzk','2016-05-28 3:43:26','oLN33C8rtI3PAUGjutpn3zt182','3w9U6xKgA@foo.bar');
INSERT INTO SILUTEL.PEMBELIAN VALUES('Jhb11a','2016-04-07 10:17:53','flpcwglLsu','zXnL1Yv@lalala.com');
INSERT INTO SILUTEL.PEMBELIAN VALUES('XHeAXD','2016-05-16 15:14:16','ABTa26lfvEB6cPnFgPjDTVETEtfk','oX9L3@ui.ac.id');
INSERT INTO SILUTEL.PEMBELIAN VALUES('gYYTWo','2016-04-02 13:21:5','flpcwglLsu','bptR@foo.bar');
INSERT INTO SILUTEL.PEMBELIAN VALUES('0ac8EZ','2016-04-20 14:26:25','ABTa26lfvEB6cPnFgPjDTVETEtfk','02Y@ui.ac.id');
INSERT INTO SILUTEL.PEMBELIAN VALUES('bMeXKv','2016-04-04 7:19:28','HYeiQT96heqqC','icF@lalala.com');
INSERT INTO SILUTEL.PEMBELIAN VALUES('dtHTqS','2016-04-18 16:46:44','UEMvrY9gkILcLO8XMMGAxkNrC5iHOFV5u','ppGsD9JSeW9oQqriEod@lalala.com');
INSERT INTO SILUTEL.PEMBELIAN VALUES('QXaiYI','2016-05-11 3:28:49','oLN33C8rtI3PAUGjutpn3zt182','YQ1eZ2Zjq5Jyk@foo.bar');
INSERT INTO SILUTEL.PEMBELIAN VALUES('AXumko','2016-05-06 8:10:18','vDIrty82kP3HIrN','oX9L3@ui.ac.id');
INSERT INTO SILUTEL.PEMBELIAN VALUES('vV2IMt','2016-04-16 6:37:42','vDIrty82kP3HIrN','UXeSsAnjyxQZA9VDz@ui.ac.id');
INSERT INTO SILUTEL.PEMBELIAN VALUES('Q7Lar3','2016-04-05 15:50:31','55O6xyGbYD','NvyWkmZI0@lalala.com');
INSERT INTO SILUTEL.PEMBELIAN VALUES('zdqrmM','2016-05-21 2:3:0','lS1jKVoW98bBLtQr','oX9L3@ui.ac.id');
INSERT INTO SILUTEL.PEMBELIAN VALUES('hWY15p','2016-05-29 16:50:16','T7g6zGJ','zXnL1Yv@lalala.com');
INSERT INTO SILUTEL.PEMBELIAN VALUES('t7utHM','2016-05-19 12:58:54','Eyt9GdwTairxdqACND0Hvo','yEktRp0nsEpodfo6@lalala.com');
INSERT INTO SILUTEL.PEMBELIAN VALUES('idxSxB','2016-05-18 5:50:50','SXVCBoTTPVQBm97d815LBr1189','JpE6m@foo.bar');
INSERT INTO SILUTEL.PEMBELIAN VALUES('wsWyeG','2016-04-13 8:15:16','eU','ppGsD9JSeW9oQqriEod@lalala.com');
INSERT INTO SILUTEL.PEMBELIAN VALUES('r3W8wC','2016-05-20 17:43:4','X8Gyv1sIOM8aUzpYFclPnS8LuDopY8BIEnR','kZFu5YpgC@ui.ac.id');
INSERT INTO SILUTEL.PEMBELIAN VALUES('eWDOxS','2016-05-11 12:15:54','u9ya4XnbfpDUFHw','ppGsD9JSeW9oQqriEod@lalala.com');
INSERT INTO SILUTEL.PEMBELIAN VALUES('B9at1o','2016-04-26 20:4:27','lS1jKVoW98bBLtQr','pPHsnliBH@ui.ac.id');
INSERT INTO SILUTEL.PEMBELIAN VALUES('7NGfbH','2016-04-17 12:43:53','T7g6zGJ','xznAXBSfa@ui.ac.id');
INSERT INTO SILUTEL.PEMBELIAN VALUES('4DK4hN','2016-04-03 5:29:38','MKEl7usiS6g2V','3w9U6xKgA@foo.bar');
INSERT INTO SILUTEL.PEMBELIAN VALUES('Kgz9dc','2016-05-03 4:26:10','uma3ctZD','9CcEeXXCM0RBYbairI@foo.bar');
INSERT INTO SILUTEL.PEMBELIAN VALUES('XoVVT6','2016-05-02 5:28:1','oLN33C8rtI3PAUGjutpn3zt182','ppGsD9JSeW9oQqriEod@lalala.com');
INSERT INTO SILUTEL.PEMBELIAN VALUES('pTpmRh','2016-05-25 14:19:41','NqCttSjYYjgRW57awMBhC','qHlqWS3Qkaj@foo.bar');
INSERT INTO SILUTEL.PEMBELIAN VALUES('PImiO5','2016-04-09 9:41:36','flpcwglLsu','dspBSfhEw1Rw@foo.bar');
INSERT INTO SILUTEL.PEMBELIAN VALUES('Z9EMeo','2016-04-15 10:18:4','MKEl7usiS6g2V','Ckr9PSUeGIc@lalala.com');
INSERT INTO SILUTEL.PEMBELIAN VALUES('hTOKDW','2016-04-03 3:28:32','IQawjZlbB','IM4NJRB50nVN9Td9nnF@foo.bar');
INSERT INTO SILUTEL.PEMBELIAN VALUES('WZJLkv','2016-04-10 4:46:20','IVYjlP','IM4NJRB50nVN9Td9nnF@foo.bar');
INSERT INTO SILUTEL.PEMBELIAN VALUES('egZtzV','2016-05-15 15:51:20','HYeiQT96heqqC','NvyWkmZI0@lalala.com');
INSERT INTO SILUTEL.PEMBELIAN VALUES('8pxzj2','2016-04-13 18:55:19','lS1jKVoW98bBLtQr','9CcEeXXCM0RBYbairI@foo.bar');
INSERT INTO SILUTEL.PEMBELIAN VALUES('DpK1no','2016-05-06 5:22:5','RVXc','ppGsD9JSeW9oQqriEod@lalala.com');
INSERT INTO SILUTEL.PEMBELIAN VALUES('8aag83','2016-04-26 0:29:10','55O6xyGbYD','pPHsnliBH@ui.ac.id');
INSERT INTO SILUTEL.PEMBELIAN VALUES('2DYDYZ','2016-04-19 7:18:49','DDwu7I8nA3QW4F0Rk3ruw5eQ','oX9L3@ui.ac.id');
INSERT INTO SILUTEL.PEMBELIAN VALUES('6DatrJ','2016-05-15 23:32:38','vDIrty82kP3HIrN','n6hk0y9iXrmJQJhYK10@lalala.com');
INSERT INTO SILUTEL.PEMBELIAN VALUES('bXIewW','2016-04-05 20:57:46','vDIrty82kP3HIrN','02Y@ui.ac.id');
INSERT INTO SILUTEL.PEMBELIAN VALUES('zCgqVO','2016-04-02 5:36:13','NqCttSjYYjgRW57awMBhC','kZFu5YpgC@ui.ac.id');
INSERT INTO SILUTEL.PEMBELIAN VALUES('4pMhCV','2016-04-05 17:45:7','XWGYJ60sv0','NvyWkmZI0@lalala.com');
INSERT INTO SILUTEL.PEMBELIAN VALUES('SxDaUA','2016-04-20 3:21:54','exyJINo3AKjIxP','n6hk0y9iXrmJQJhYK10@lalala.com');
INSERT INTO SILUTEL.PEMBELIAN VALUES('ZBCGPG','2016-05-29 13:19:55','QbUS','oX9L3@ui.ac.id');
INSERT INTO SILUTEL.PEMBELIAN VALUES('5nrTcw','2016-05-19 15:58:22','A','02Y@ui.ac.id');
INSERT INTO SILUTEL.PEMBELIAN VALUES('dtkbBs','2016-05-25 10:28:16','h5nhte32vlqDZ9H4morZ7kGipx0g9p','h@foo.bar');
INSERT INTO SILUTEL.PEMBELIAN VALUES('7rvBTg','2016-05-15 22:47:34','exyJINo3AKjIxP','NvyWkmZI0@lalala.com');
INSERT INTO SILUTEL.PEMBELIAN VALUES('pXoIDN','2016-04-23 1:36:20','SXVCBoTTPVQBm97d815LBr1189','kZFu5YpgC@ui.ac.id');
INSERT INTO SILUTEL.PEMBELIAN VALUES('GwfFSa','2016-05-19 13:25:48','2MgwkRDAiz','zXnL1Yv@lalala.com');
INSERT INTO SILUTEL.PEMBELIAN VALUES('NmW4Wp','2016-05-12 17:37:55','YPRd1IYXJqNSxihPwRW92qxF9','oX9L3@ui.ac.id');
INSERT INTO SILUTEL.PEMBELIAN VALUES('Dv1Poa','2016-04-03 14:50:41','yfwddnbP106E74ZqoQJIUk2WzhoddUy','3w9U6xKgA@foo.bar');
INSERT INTO SILUTEL.PEMBELIAN VALUES('0wdiPn','2016-04-19 3:38:34','6kY2whdb','IM4NJRB50nVN9Td9nnF@foo.bar');
INSERT INTO SILUTEL.PEMBELIAN VALUES('WEPF6v','2016-04-14 1:35:1','h5nhte32vlqDZ9H4morZ7kGipx0g9p','zXnL1Yv@lalala.com');
INSERT INTO SILUTEL.PEMBELIAN VALUES('cpwe1l','2016-05-29 11:45:59','XWGYJ60sv0','icF@lalala.com');
INSERT INTO SILUTEL.PEMBELIAN VALUES('Yx852N','2016-05-24 6:28:48','HYeiQT96heqqC','IM4NJRB50nVN9Td9nnF@foo.bar');
INSERT INTO SILUTEL.PEMBELIAN VALUES('eCB7Pe','2016-05-29 5:12:31','oLN33C8rtI3PAUGjutpn3zt182','oX9L3@ui.ac.id');
INSERT INTO SILUTEL.PEMBELIAN VALUES('oognB5','2016-04-13 12:58:16','n1k','YQ1eZ2Zjq5Jyk@foo.bar');
INSERT INTO SILUTEL.PEMBELIAN VALUES('W5gQxt','2016-04-01 0:48:10','9KPWd8v25sqfo1SqdKtszpcT2','pPHsnliBH@ui.ac.id');
INSERT INTO SILUTEL.PEMBELIAN VALUES('gtmc36','2016-05-09 9:33:0','n1k','IM4NJRB50nVN9Td9nnF@foo.bar');
INSERT INTO SILUTEL.PEMBELIAN_INVENTORI VALUES('nst9IS','IxAxckLz49','etQYPzZOKo',21277,26181);
INSERT INTO SILUTEL.PEMBELIAN_INVENTORI VALUES('8pxzj2','NHO3Fgt3','we1k4FhkS1K0vNimdp',18341,28811);
INSERT INTO SILUTEL.PEMBELIAN_INVENTORI VALUES('uQZnV2','j1SYLp5HQVx0toJFylT','0',4582,24996);
INSERT INTO SILUTEL.PEMBELIAN_INVENTORI VALUES('pXoIDN','j1SYLp5HQVx0toJFylT','0',18685,3564);
INSERT INTO SILUTEL.PEMBELIAN_INVENTORI VALUES('PImiO5','7xkLFHaGFKVlQVuKg7','B',22231,7255);
INSERT INTO SILUTEL.PEMBELIAN_INVENTORI VALUES('16lhe8','oL1FwVQxzl9','ScxiYCK8llm60X',24695,27417);
INSERT INTO SILUTEL.PEMBELIAN_INVENTORI VALUES('nlcUwO','ku8OBuaytX','U',1858,2063);
INSERT INTO SILUTEL.PEMBELIAN_INVENTORI VALUES('8pPfZa','DCYsDbSC0bcunCCPmvuu','8sltSlWD9HWJiCtGKkj',6731,25353);
INSERT INTO SILUTEL.PEMBELIAN_INVENTORI VALUES('dtHTqS','0pNWi2dX','1XwO4uy6g',28383,31917);
INSERT INTO SILUTEL.PEMBELIAN_INVENTORI VALUES('O8cuKG','0pNWi2dX','1XwO4uy6g',5745,19930);
INSERT INTO SILUTEL.PEMBELIAN_INVENTORI VALUES('VXwq4l','eY','mNXGwBIb2',10510,7084);
INSERT INTO SILUTEL.PEMBELIAN_INVENTORI VALUES('swrB8e','2H06QC0f9RPYNhbZgLQ','78kOZ',3986,18118);
INSERT INTO SILUTEL.PEMBELIAN_INVENTORI VALUES('Z9EMeo','j1SYLp5HQVx0toJFylT','0',30244,16040);
INSERT INTO SILUTEL.PEMBELIAN_INVENTORI VALUES('Yx852N','gDS08O3hY5OzT4','l7q7sQ4CLz3oLDL',977,27821);
INSERT INTO SILUTEL.PEMBELIAN_INVENTORI VALUES('DQmYwi','jAwWxg','VTe',28576,4768);
INSERT INTO SILUTEL.PEMBELIAN_INVENTORI VALUES('hWY15p','8OW8rA3m7Oiykq1','Kvq18q50vR8dygSd72jY',4290,12858);
INSERT INTO SILUTEL.PEMBELIAN_INVENTORI VALUES('Q7Lar3','4noXhOha79qEL','RcY8TZUgBm6',16678,13650);
INSERT INTO SILUTEL.PEMBELIAN_INVENTORI VALUES('8pPfZa','8mzV','AQfBocSa6C',9042,13056);
INSERT INTO SILUTEL.PEMBELIAN_INVENTORI VALUES('FXaM45','j1SYLp5HQVx0toJFylT','0',28610,5315);
INSERT INTO SILUTEL.PEMBELIAN_INVENTORI VALUES('YMb4nw','IxAxckLz49','etQYPzZOKo',9124,30910);
INSERT INTO SILUTEL.PEMBELIAN_INVENTORI VALUES('PdrMMd','8RaK7q3b2mw','LFPOKUQwGin69',11467,32242);
INSERT INTO SILUTEL.PEMBELIAN_INVENTORI VALUES('6rSDLB','QMTlqJsUF05n9g3WBd','lw7h9ZwbCF7FHB2',12748,31331);
INSERT INTO SILUTEL.PEMBELIAN_INVENTORI VALUES('2Pfnlb','KNcI','FNy4kK88Sp3RJiMTCP',14752,12971);
INSERT INTO SILUTEL.PEMBELIAN_INVENTORI VALUES('LLyKOr','xPtpGRONFTRy1','sHAWHuwwFxS5QJxXhd',1829,20553);
INSERT INTO SILUTEL.PEMBELIAN_INVENTORI VALUES('lOXRvp','DCYsDbSC0bcunCCPmvuu','8sltSlWD9HWJiCtGKkj',9636,1671);
INSERT INTO SILUTEL.PEMBELIAN_INVENTORI VALUES('AZK78a','0pNWi2dX','1XwO4uy6g',5659,16810);
INSERT INTO SILUTEL.PEMBELIAN_INVENTORI VALUES('PUXydB','hMpu66COS9','sP52jqvTf3pVjE1v',27443,21651);
INSERT INTO SILUTEL.PEMBELIAN_INVENTORI VALUES('6jUvNJ','3TBw','BXAX',2561,789);
INSERT INTO SILUTEL.PEMBELIAN_INVENTORI VALUES('jrpfbj','nwffOG','9tNq8tH04',23956,20361);
INSERT INTO SILUTEL.PEMBELIAN_INVENTORI VALUES('wzg9sC','TVLemu7NGt','vzCT9',32112,32376);
INSERT INTO SILUTEL.PEMBELIAN_INVENTORI VALUES('oognB5','3MPpIpCYQH6dUXLs7StF','DrfqYi49BN1JL',28446,30396);
INSERT INTO SILUTEL.PEMBELIAN_INVENTORI VALUES('SQfSlw','gDS08O3hY5OzT4','l7q7sQ4CLz3oLDL',3817,8415);
INSERT INTO SILUTEL.PEMBELIAN_INVENTORI VALUES('B9at1o','jAwWxg','VTe',14077,10297);
INSERT INTO SILUTEL.PEMBELIAN_INVENTORI VALUES('5hjZ3g','YI1e2qMaWcnbHK','E4lNNTpeFLTjryEUQSh',30430,20506);
INSERT INTO SILUTEL.PEMBELIAN_INVENTORI VALUES('36GwjJ','eY','mNXGwBIb2',17742,23600);
INSERT INTO SILUTEL.PEMBELIAN_INVENTORI VALUES('LZW4HK','nwffOG','9tNq8tH04',12616,21488);
INSERT INTO SILUTEL.PEMBELIAN_INVENTORI VALUES('5lUD8V','3','4hphctugoQGkyzp4',31655,15948);
INSERT INTO SILUTEL.PEMBELIAN_INVENTORI VALUES('7vu8sA','gDS08O3hY5OzT4','l7q7sQ4CLz3oLDL',26041,22655);
INSERT INTO SILUTEL.PEMBELIAN_INVENTORI VALUES('jy0rVS','vvu9L88NTb','Ult',12107,31677);
INSERT INTO SILUTEL.PEMBELIAN_INVENTORI VALUES('lOXRvp','7xkLFHaGFKVlQVuKg7','B',13943,5747);
INSERT INTO SILUTEL.PEMBELIAN_INVENTORI VALUES('UsPLcy','8mzV','AQfBocSa6C',15412,3757);
INSERT INTO SILUTEL.PEMBELIAN_INVENTORI VALUES('xHATcr','8RaK7q3b2mw','LFPOKUQwGin69',14078,19402);
INSERT INTO SILUTEL.PEMBELIAN_INVENTORI VALUES('w4XwRS','jAwWxg','VTe',27630,6889);
INSERT INTO SILUTEL.PEMBELIAN_INVENTORI VALUES('0NOz2V','Y2uHlbT','6tj3Ob',30267,11011);
INSERT INTO SILUTEL.PEMBELIAN_INVENTORI VALUES('DQmYwi','j1SYLp5HQVx0toJFylT','0',5781,31241);
INSERT INTO SILUTEL.PEMBELIAN_INVENTORI VALUES('Nl4wcp','YI1e2qMaWcnbHK','E4lNNTpeFLTjryEUQSh',31409,19350);
INSERT INTO SILUTEL.PEMBELIAN_INVENTORI VALUES('T7uS4j','NHO3Fgt3','we1k4FhkS1K0vNimdp',11106,9372);
INSERT INTO SILUTEL.PEMBELIAN_INVENTORI VALUES('n392Yx','jfpePrTP5g7xkJz48','e71C3Ldcx4K1pw6',29647,23975);
INSERT INTO SILUTEL.PEMBELIAN_INVENTORI VALUES('QXaiYI','3','4hphctugoQGkyzp4',21799,10836);
INSERT INTO SILUTEL.PEMBELIAN_INVENTORI VALUES('B5yzPM','TxT4Fv2YA9g5','OJ8oyXCAhOX4QeZ',28668,31865);
INSERT INTO SILUTEL.PEMBELIAN_INVENTORI VALUES('H873Ne','PKfD8F3M1t','QFdpUXY2o9Hh2Hjca',17415,15544);
INSERT INTO SILUTEL.PEMBELIAN_INVENTORI VALUES('GeyVMc','2H06QC0f9RPYNhbZgLQ','78kOZ',8070,20322);
INSERT INTO SILUTEL.PEMBELIAN_INVENTORI VALUES('n7V1Y2','TxT4Fv2YA9g5','OJ8oyXCAhOX4QeZ',10856,19080);
INSERT INTO SILUTEL.PEMBELIAN_INVENTORI VALUES('BfIHz5','IxAxckLz49','etQYPzZOKo',21788,3159);
INSERT INTO SILUTEL.PEMBELIAN_INVENTORI VALUES('eCB7Pe','8mzV','AQfBocSa6C',23126,28272);
INSERT INTO SILUTEL.PEMBELIAN_INVENTORI VALUES('CarEgm','xPtpGRONFTRy1','sHAWHuwwFxS5QJxXhd',29762,4268);
INSERT INTO SILUTEL.PEMBELIAN_INVENTORI VALUES('YMb4nw','KfVouOM52','JYYOs',31610,21731);
INSERT INTO SILUTEL.PEMBELIAN_INVENTORI VALUES('b0IpHm','0','Dow3WPiK8nn4',13900,28115);
INSERT INTO SILUTEL.PEMBELIAN_INVENTORI VALUES('WxcDBC','3','4hphctugoQGkyzp4',15356,28493);
INSERT INTO SILUTEL.PEMBELIAN_INVENTORI VALUES('SxDaUA','0pNWi2dX','1XwO4uy6g',14906,4350);
INSERT INTO SILUTEL.PEMBELIAN_INVENTORI VALUES('T9Ea4T','8VFcK7TX1','a7ZAR29NQUy7HH92mJbH',12869,21515);
INSERT INTO SILUTEL.PEMBELIAN_INVENTORI VALUES('Z9EMeo','xPtpGRONFTRy1','sHAWHuwwFxS5QJxXhd',5195,20437);
INSERT INTO SILUTEL.PEMBELIAN_INVENTORI VALUES('8pxzj2','IjwiHLLlWdHJQKlVkly','T2LeWms5',23056,15715);
INSERT INTO SILUTEL.PEMBELIAN_INVENTORI VALUES('uQZnV2','8RaK7q3b2mw','LFPOKUQwGin69',19602,19810);
INSERT INTO SILUTEL.PEMBELIAN_INVENTORI VALUES('r0OSBE','LJRyMb4mq6j3M','vEg',26794,4977);
INSERT INTO SILUTEL.PEMBELIAN_INVENTORI VALUES('g3FGbO','NHO3Fgt3','we1k4FhkS1K0vNimdp',7710,10433);
INSERT INTO SILUTEL.PEMBELIAN_INVENTORI VALUES('nnBhXb','QMTlqJsUF05n9g3WBd','lw7h9ZwbCF7FHB2',6414,30778);
INSERT INTO SILUTEL.PEMBELIAN_INVENTORI VALUES('PdrMMd','nwffOG','9tNq8tH04',6894,3953);
INSERT INTO SILUTEL.PEMBELIAN_INVENTORI VALUES('PUXydB','dnAJy1u6Pzm6dSQ','bjPb72j4t3M6lcSIAd8a',25813,5428);
INSERT INTO SILUTEL.PEMBELIAN_INVENTORI VALUES('5nrTcw','ku8OBuaytX','U',22626,7991);
INSERT INTO SILUTEL.PEMBELIAN_INVENTORI VALUES('QsRAK7','8OW8rA3m7Oiykq1','Kvq18q50vR8dygSd72jY',22584,31398);
INSERT INTO SILUTEL.PEMBELIAN_INVENTORI VALUES('yd2XGJ','TVLemu7NGt','vzCT9',24936,7189);
INSERT INTO SILUTEL.PEMBELIAN_INVENTORI VALUES('iNfdgE','KfVouOM52','JYYOs',13475,17239);
INSERT INTO SILUTEL.PEMBELIAN_INVENTORI VALUES('9O77Qm','ku8OBuaytX','U',4014,9915);
INSERT INTO SILUTEL.PEMBELIAN_INVENTORI VALUES('xBEpjT','8RaK7q3b2mw','LFPOKUQwGin69',13001,14635);
INSERT INTO SILUTEL.PEMBELIAN_INVENTORI VALUES('Y3EGsD','dDvv6BhfcEfSajCVRNm','JBr9q8eIXslem',17090,32353);
INSERT INTO SILUTEL.PEMBELIAN_INVENTORI VALUES('zdqrmM','xPtpGRONFTRy1','sHAWHuwwFxS5QJxXhd',21407,8172);
INSERT INTO SILUTEL.PEMBELIAN_INVENTORI VALUES('zObG9v','xPtpGRONFTRy1','sHAWHuwwFxS5QJxXhd',11175,19428);
INSERT INTO SILUTEL.PEMBELIAN_INVENTORI VALUES('n7V1Y2','h','FExePEG4lYViRCUdyFc',15113,18714);
INSERT INTO SILUTEL.PEMBELIAN_INVENTORI VALUES('rVMBkj','dDvv6BhfcEfSajCVRNm','JBr9q8eIXslem',393,21550);
INSERT INTO SILUTEL.PEMBELIAN_INVENTORI VALUES('fQirEZ','8VFcK7TX1','a7ZAR29NQUy7HH92mJbH',18638,36);
INSERT INTO SILUTEL.PEMBELIAN_INVENTORI VALUES('NmW4Wp','3TBw','BXAX',16331,8391);
INSERT INTO SILUTEL.PEMBELIAN_INVENTORI VALUES('KkYCTC','nwffOG','9tNq8tH04',22640,7767);
INSERT INTO SILUTEL.PEMBELIAN_INVENTORI VALUES('rVMBkj','0','Dow3WPiK8nn4',13197,24321);
INSERT INTO SILUTEL.PEMBELIAN_INVENTORI VALUES('g06PHX','0','Dow3WPiK8nn4',725,26620);
INSERT INTO SILUTEL.PEMBELIAN_INVENTORI VALUES('Vj9qU6','DnZh2','7DAgoWd8D28u',32359,18426);
INSERT INTO SILUTEL.PEMBELIAN_INVENTORI VALUES('T7uS4j','xPtpGRONFTRy1','sHAWHuwwFxS5QJxXhd',31279,31499);
INSERT INTO SILUTEL.PEMBELIAN_INVENTORI VALUES('cPMjcK','jfpePrTP5g7xkJz48','e71C3Ldcx4K1pw6',27109,6280);
INSERT INTO SILUTEL.PEMBELIAN_INVENTORI VALUES('DLbKmf','jAwWxg','VTe',8062,21052);
INSERT INTO SILUTEL.PEMBELIAN_INVENTORI VALUES('GQ7jEd','dnAJy1u6Pzm6dSQ','bjPb72j4t3M6lcSIAd8a',14012,30970);
INSERT INTO SILUTEL.PEMBELIAN_INVENTORI VALUES('GeyVMc','Y2uHlbT','6tj3Ob',16921,6091);
INSERT INTO SILUTEL.PEMBELIAN_INVENTORI VALUES('GeyVMc','3','4hphctugoQGkyzp4',2201,5224);
INSERT INTO SILUTEL.PEMBELIAN_INVENTORI VALUES('nnBhXb','pWkdv8NKvfLMi2qv','Yo6X7',17083,3941);
INSERT INTO SILUTEL.PEMBELIAN_INVENTORI VALUES('ZBCGPG','Zg79P8mgv','GSRtEvzRlNVCk',3783,5513);
INSERT INTO SILUTEL.PEMBELIAN_INVENTORI VALUES('CarEgm','TxT4Fv2YA9g5','OJ8oyXCAhOX4QeZ',30581,21324);
INSERT INTO SILUTEL.PEMBELIAN_INVENTORI VALUES('7rvBTg','KNcI','FNy4kK88Sp3RJiMTCP',25521,18622);
INSERT INTO SILUTEL.PEMBELIAN_INVENTORI VALUES('CgyKYZ','oL1FwVQxzl9','ScxiYCK8llm60X',22924,17687);
INSERT INTO SILUTEL.PEMBELIAN_INVENTORI VALUES('EFkij1','xPtpGRONFTRy1','sHAWHuwwFxS5QJxXhd',15587,27280);
INSERT INTO SILUTEL.PEMBELIAN_INVENTORI VALUES('5EC6Yn','8RaK7q3b2mw','LFPOKUQwGin69',18377,23281);
INSERT INTO SILUTEL.PEMBELIAN_INVENTORI VALUES('w4b8mD','0','Dow3WPiK8nn4',11166,30795);
INSERT INTO SILUTEL.PEMBELIAN_INVENTORI VALUES('AUVBJW','TVLemu7NGt','vzCT9',289,21353);
INSERT INTO SILUTEL.PEMBELIAN_INVENTORI VALUES('kjL687','eY','mNXGwBIb2',14675,24463);
INSERT INTO SILUTEL.PEMBELIAN_INVENTORI VALUES('AZK78a','XPmD0run','7E',5367,524);
INSERT INTO SILUTEL.PEMBELIAN_INVENTORI VALUES('j3ja72','0pNWi2dX','1XwO4uy6g',12372,7483);
INSERT INTO SILUTEL.PEMBELIAN_INVENTORI VALUES('qaNT1Q','IxAxckLz49','etQYPzZOKo',16258,20783);
INSERT INTO SILUTEL.PEMBELIAN_INVENTORI VALUES('p5o9rM','KNcI','FNy4kK88Sp3RJiMTCP',16744,16344);
INSERT INTO SILUTEL.PEMBELIAN_INVENTORI VALUES('MhToV6','jfpePrTP5g7xkJz48','e71C3Ldcx4K1pw6',31257,16271);
INSERT INTO SILUTEL.PEMBELIAN_INVENTORI VALUES('Tppmzk','KNcI','FNy4kK88Sp3RJiMTCP',19103,25549);
INSERT INTO SILUTEL.PEMBELIAN_INVENTORI VALUES('t7utHM','4noXhOha79qEL','RcY8TZUgBm6',11874,31080);
INSERT INTO SILUTEL.PEMBELIAN_INVENTORI VALUES('0lthbF','IxAxckLz49','etQYPzZOKo',16222,13865);
INSERT INTO SILUTEL.PEMBELIAN_INVENTORI VALUES('hWY15p','QMTlqJsUF05n9g3WBd','lw7h9ZwbCF7FHB2',6858,32644);
INSERT INTO SILUTEL.PEMBELIAN_INVENTORI VALUES('nvGpxt','3MPpIpCYQH6dUXLs7StF','DrfqYi49BN1JL',8553,11980);
INSERT INTO SILUTEL.PEMBELIAN_INVENTORI VALUES('AWF0io','vvu9L88NTb','Ult',1688,791);
INSERT INTO SILUTEL.PEMBELIAN_INVENTORI VALUES('Dv1Poa','pWkdv8NKvfLMi2qv','Yo6X7',20885,3663);
INSERT INTO SILUTEL.PEMBELIAN_INVENTORI VALUES('4V3ThS','IjwiHLLlWdHJQKlVkly','T2LeWms5',15264,12495);
INSERT INTO SILUTEL.PEMBELIAN_INVENTORI VALUES('dfiBCC','jfpePrTP5g7xkJz48','e71C3Ldcx4K1pw6',31460,6132);
INSERT INTO SILUTEL.PEMBELIAN_INVENTORI VALUES('k6BRaP','3','4hphctugoQGkyzp4',25791,4502);
INSERT INTO SILUTEL.PEMBELIAN_INVENTORI VALUES('AOF7FY','XPmD0run','7E',11948,17100);
INSERT INTO SILUTEL.PEMBELIAN_INVENTORI VALUES('0zhGfj','xPtpGRONFTRy1','sHAWHuwwFxS5QJxXhd',31049,17364);
INSERT INTO SILUTEL.PEMBELIAN_INVENTORI VALUES('gtmc36','pWkdv8NKvfLMi2qv','Yo6X7',2600,3810);
INSERT INTO SILUTEL.PEMBELIAN_INVENTORI VALUES('pXoIDN','8mzV','AQfBocSa6C',11389,21717);
INSERT INTO SILUTEL.PEMBELIAN_INVENTORI VALUES('WZJLkv','4noXhOha79qEL','RcY8TZUgBm6',25346,30396);
INSERT INTO SILUTEL.PEMBELIAN_INVENTORI VALUES('WkzrjK','2H06QC0f9RPYNhbZgLQ','78kOZ',23975,17007);
INSERT INTO SILUTEL.PEMBELIAN_INVENTORI VALUES('2Pfnlb','nwffOG','9tNq8tH04',16294,19741);
INSERT INTO SILUTEL.PEMBELIAN_INVENTORI VALUES('pCnLAD','IjwiHLLlWdHJQKlVkly','T2LeWms5',15705,2321);
INSERT INTO SILUTEL.PEMBELIAN_INVENTORI VALUES('lH8002','2H06QC0f9RPYNhbZgLQ','78kOZ',20047,23208);
INSERT INTO SILUTEL.PEMBELIAN_INVENTORI VALUES('SxE6Fo','B0yR','GIb',29792,16562);
INSERT INTO SILUTEL.PEMBELIAN_INVENTORI VALUES('yd2XGJ','Zg79P8mgv','GSRtEvzRlNVCk',9860,5579);
INSERT INTO SILUTEL.PEMBELIAN_INVENTORI VALUES('AUVBJW','0pNWi2dX','1XwO4uy6g',12935,29651);
INSERT INTO SILUTEL.PEMBELIAN_INVENTORI VALUES('WfIT6i','jfpePrTP5g7xkJz48','e71C3Ldcx4K1pw6',15842,24633);
INSERT INTO SILUTEL.PEMBELIAN_INVENTORI VALUES('Q7Lar3','3MPpIpCYQH6dUXLs7StF','DrfqYi49BN1JL',6551,3891);
INSERT INTO SILUTEL.PEMBELIAN_INVENTORI VALUES('H3ZOHB','jfpePrTP5g7xkJz48','e71C3Ldcx4K1pw6',21750,3577);
INSERT INTO SILUTEL.PEMBELIAN_INVENTORI VALUES('Tt2RX6','TVLemu7NGt','vzCT9',8934,28023);
INSERT INTO SILUTEL.PEMBELIAN_INVENTORI VALUES('B5yzPM','2H06QC0f9RPYNhbZgLQ','78kOZ',31606,17110);
INSERT INTO SILUTEL.PEMBELIAN_INVENTORI VALUES('dqCoCs','3','4hphctugoQGkyzp4',9685,24158);
INSERT INTO SILUTEL.PEMBELIAN_INVENTORI VALUES('At4gDT','DnZh2','7DAgoWd8D28u',3536,29422);
INSERT INTO SILUTEL.PEMBELIAN_INVENTORI VALUES('SxDaUA','8VFcK7TX1','a7ZAR29NQUy7HH92mJbH',21256,562);
INSERT INTO SILUTEL.PEMBELIAN_INVENTORI VALUES('vV2IMt','XPmD0run','7E',19748,20627);
INSERT INTO SILUTEL.PEMBELIAN_INVENTORI VALUES('msiCGJ','eY','mNXGwBIb2',16622,2801);
INSERT INTO SILUTEL.PEMBELIAN_INVENTORI VALUES('C5ROv9','dDvv6BhfcEfSajCVRNm','JBr9q8eIXslem',21542,30559);
INSERT INTO SILUTEL.PEMBELIAN_INVENTORI VALUES('QXaiYI','ePeH67kpMpmB0','kaDS6wbA9hMmoAIlqNO',13837,17495);
INSERT INTO SILUTEL.PEMBELIAN_INVENTORI VALUES('dqCoCs','vvu9L88NTb','Ult',23668,28260);
INSERT INTO SILUTEL.PEMBELIAN_INVENTORI VALUES('JlVRy0','XPmD0run','7E',31622,42);
INSERT INTO SILUTEL.PEMBELIAN_INVENTORI VALUES('DpK1no','j1SYLp5HQVx0toJFylT','0',17672,27518);
INSERT INTO SILUTEL.PEMBELIAN_INVENTORI VALUES('Jhb11a','3TBw','BXAX',2440,15508);
INSERT INTO SILUTEL.PEMBELIAN_INVENTORI VALUES('zQzPwq','rwcAsi','kwOpNgcR23HtdPAqym',20808,2054);
INSERT INTO SILUTEL.PEMBELIAN_INVENTORI VALUES('uu96AA','vvu9L88NTb','Ult',23227,20195);
INSERT INTO SILUTEL.PEMBELIAN_INVENTORI VALUES('lOXRvp','TxT4Fv2YA9g5','OJ8oyXCAhOX4QeZ',26533,11172);
INSERT INTO SILUTEL.PEMBELIAN_INVENTORI VALUES('ofOwGZ','jfpePrTP5g7xkJz48','e71C3Ldcx4K1pw6',26680,20264);
INSERT INTO SILUTEL.PEMBELIAN_INVENTORI VALUES('0wdiPn','hMpu66COS9','sP52jqvTf3pVjE1v',15498,3388);
INSERT INTO SILUTEL.PEMBELIAN_INVENTORI VALUES('w4XwRS','nwffOG','9tNq8tH04',8626,5071);
INSERT INTO SILUTEL.PEMBELIAN_INVENTORI VALUES('P7ohl7','nwffOG','9tNq8tH04',17545,18038);
INSERT INTO SILUTEL.PEMBELIAN_INVENTORI VALUES('b0IpHm','3TBw','BXAX',4234,23502);
INSERT INTO SILUTEL.PEMBELIAN_INVENTORI VALUES('8pPfZa','KfVouOM52','JYYOs',17558,8281);
INSERT INTO SILUTEL.PEMBELIAN_INVENTORI VALUES('PImiO5','YI1e2qMaWcnbHK','E4lNNTpeFLTjryEUQSh',6697,25163);
INSERT INTO SILUTEL.PEMBELIAN_INVENTORI VALUES('WwvXDI','IjwiHLLlWdHJQKlVkly','T2LeWms5',28837,27514);
INSERT INTO SILUTEL.PEMBELIAN_INVENTORI VALUES('gOf66O','0pNWi2dX','1XwO4uy6g',32513,30889);
INSERT INTO SILUTEL.PEMBELIAN_INVENTORI VALUES('zCgqVO','GaJW90ZC2GNkeLIOXF','rD2RM',31232,20595);
INSERT INTO SILUTEL.PEMBELIAN_INVENTORI VALUES('5EC6Yn','GaJW90ZC2GNkeLIOXF','rD2RM',21748,23749);
INSERT INTO SILUTEL.PEMBELIAN_INVENTORI VALUES('ZBCGPG','Y2uHlbT','6tj3Ob',11577,24428);
INSERT INTO SILUTEL.PEMBELIAN_INVENTORI VALUES('p2DnKQ','N0gsD2sfRmHEEAX4sPc','tb',25100,30679);
INSERT INTO SILUTEL.PEMBELIAN_INVENTORI VALUES('ZoxepW','jAwWxg','VTe',593,7626);
INSERT INTO SILUTEL.PEMBELIAN_INVENTORI VALUES('L6ztss','3TBw','BXAX',23444,22313);
INSERT INTO SILUTEL.PEMBELIAN_INVENTORI VALUES('flcZOv','YI1e2qMaWcnbHK','E4lNNTpeFLTjryEUQSh',11980,3568);
INSERT INTO SILUTEL.PEMBELIAN_INVENTORI VALUES('XjW2g5','3','4hphctugoQGkyzp4',11530,178);
INSERT INTO SILUTEL.PEMBELIAN_INVENTORI VALUES('DSjicg','0','Dow3WPiK8nn4',30801,27760);
INSERT INTO SILUTEL.PEMBELIAN_INVENTORI VALUES('vztteC','DnZh2','7DAgoWd8D28u',5100,5131);
INSERT INTO SILUTEL.PEMBELIAN_INVENTORI VALUES('qsSV0H','Zg79P8mgv','GSRtEvzRlNVCk',4702,27652);
INSERT INTO SILUTEL.PEMBELIAN_INVENTORI VALUES('P7ohl7','LJRyMb4mq6j3M','vEg',4369,1539);
INSERT INTO SILUTEL.PEMBELIAN_INVENTORI VALUES('kjL687','TxT4Fv2YA9g5','OJ8oyXCAhOX4QeZ',31553,13305);
INSERT INTO SILUTEL.PEMBELIAN_INVENTORI VALUES('swrB8e','oL1FwVQxzl9','ScxiYCK8llm60X',24959,288);
INSERT INTO SILUTEL.PEMBELIAN_INVENTORI VALUES('b6ghMh','KfVouOM52','JYYOs',17485,17076);
INSERT INTO SILUTEL.PEMBELIAN_INVENTORI VALUES('Nl4wcp','ePeH67kpMpmB0','kaDS6wbA9hMmoAIlqNO',6877,21596);
INSERT INTO SILUTEL.PEMBELIAN_INVENTORI VALUES('aBMUhr','DCYsDbSC0bcunCCPmvuu','8sltSlWD9HWJiCtGKkj',20293,6500);
INSERT INTO SILUTEL.PEMBELIAN_INVENTORI VALUES('3Xkat1','IxAxckLz49','etQYPzZOKo',22855,29118);
INSERT INTO SILUTEL.PEMBELIAN_INVENTORI VALUES('0ac8EZ','XPmD0run','7E',18071,27889);
INSERT INTO SILUTEL.PEMBELIAN_INVENTORI VALUES('PUXydB','4noXhOha79qEL','RcY8TZUgBm6',32252,30788);
INSERT INTO SILUTEL.PEMBELIAN_INVENTORI VALUES('qaNT1Q','hMpu66COS9','sP52jqvTf3pVjE1v',21807,3060);
INSERT INTO SILUTEL.PEMBELIAN_INVENTORI VALUES('NmW4Wp','0pNWi2dX','1XwO4uy6g',5387,4303);
INSERT INTO SILUTEL.PEMBELIAN_INVENTORI VALUES('bXIewW','8RaK7q3b2mw','LFPOKUQwGin69',15967,26112);
INSERT INTO SILUTEL.PEMBELIAN_INVENTORI VALUES('O8cuKG','GaJW90ZC2GNkeLIOXF','rD2RM',30852,16478);
INSERT INTO SILUTEL.PEMBELIAN_INVENTORI VALUES('0ac8EZ','3TBw','BXAX',25584,18685);
INSERT INTO SILUTEL.PEMBELIAN_INVENTORI VALUES('Kgz9dc','FNSl7','IJDsWNiy5C2',10157,7719);
INSERT INTO SILUTEL.PEMBELIAN_INVENTORI VALUES('pTpmRh','8RaK7q3b2mw','LFPOKUQwGin69',23637,9487);
INSERT INTO SILUTEL.PEMBELIAN_INVENTORI VALUES('K94wk1','vvu9L88NTb','Ult',26172,14258);
INSERT INTO SILUTEL.PEMBELIAN_INVENTORI VALUES('KJSCQu','0','Dow3WPiK8nn4',15129,14950);
INSERT INTO SILUTEL.PEMBELIAN_INVENTORI VALUES('0zhGfj','KNcI','FNy4kK88Sp3RJiMTCP',22824,5150);
INSERT INTO SILUTEL.PEMBELIAN_INVENTORI VALUES('rVMBkj','7xkLFHaGFKVlQVuKg7','B',15670,23311);
INSERT INTO SILUTEL.PEMBELIAN_INVENTORI VALUES('Uer5fC','Zg79P8mgv','GSRtEvzRlNVCk',8329,2564);
INSERT INTO SILUTEL.PEMBELIAN_INVENTORI VALUES('TbMSCg','3TBw','BXAX',9080,31089);
INSERT INTO SILUTEL.PEMBELIAN_INVENTORI VALUES('mddOyw','8mzV','AQfBocSa6C',29248,14628);
INSERT INTO SILUTEL.PEMBELIAN_INVENTORI VALUES('cj6g6D','QMTlqJsUF05n9g3WBd','lw7h9ZwbCF7FHB2',1150,29274);
INSERT INTO SILUTEL.PEMBELIAN_INVENTORI VALUES('z1udgz','ku8OBuaytX','U',18096,1237);
INSERT INTO SILUTEL.PEMBELIAN_INVENTORI VALUES('QHh5Le','jAwWxg','VTe',29073,32556);
INSERT INTO SILUTEL.PEMBELIAN_INVENTORI VALUES('L6ztss','PKfD8F3M1t','QFdpUXY2o9Hh2Hjca',12657,19639);
INSERT INTO SILUTEL.PEMBELIAN_INVENTORI VALUES('A0aR8L','TVLemu7NGt','vzCT9',9122,22982);
INSERT INTO SILUTEL.PEMBELIAN_INVENTORI VALUES('8aag83','pWkdv8NKvfLMi2qv','Yo6X7',23066,9548);
INSERT INTO SILUTEL.PEMBELIAN_INVENTORI VALUES('GeyVMc','YI1e2qMaWcnbHK','E4lNNTpeFLTjryEUQSh',18829,18229);
INSERT INTO SILUTEL.PEMBELIAN_INVENTORI VALUES('j3ja72','8VFcK7TX1','a7ZAR29NQUy7HH92mJbH',3484,9091);
INSERT INTO SILUTEL.PEMBELIAN_INVENTORI VALUES('tw3RtS','h','FExePEG4lYViRCUdyFc',217,14311);
INSERT INTO SILUTEL.PEMBELIAN_INVENTORI VALUES('Uer5fC','B0yR','GIb',4139,17074);
INSERT INTO SILUTEL.PEMBELIAN_INVENTORI VALUES('XjW2g5','Zg79P8mgv','GSRtEvzRlNVCk',21086,13755);
INSERT INTO SILUTEL.PEMBELIAN_INVENTORI VALUES('QsRAK7','gDS08O3hY5OzT4','l7q7sQ4CLz3oLDL',29527,9389);
INSERT INTO SILUTEL.PEMBELIAN_INVENTORI VALUES('u8V4pb','KfVouOM52','JYYOs',31382,1508);
INSERT INTO SILUTEL.PEMBELIAN_INVENTORI VALUES('3Xkat1','QMTlqJsUF05n9g3WBd','lw7h9ZwbCF7FHB2',4676,7287);
INSERT INTO SILUTEL.PEMBELIAN_INVENTORI VALUES('ZykSez','IxAxckLz49','etQYPzZOKo',7015,7560);
INSERT INTO SILUTEL.PEMBELIAN_INVENTORI VALUES('nUc3ly','oL1FwVQxzl9','ScxiYCK8llm60X',12687,17128);
INSERT INTO SILUTEL.PEMBELIAN_INVENTORI VALUES('7ilkiF','oL1FwVQxzl9','ScxiYCK8llm60X',15424,30103);
INSERT INTO SILUTEL.PEMBELIAN_INVENTORI VALUES('hS0M7r','ku8OBuaytX','U',2085,2715);
INSERT INTO SILUTEL.PEMBELIAN_INVENTORI VALUES('D4Hvu4','TxT4Fv2YA9g5','OJ8oyXCAhOX4QeZ',24407,17703);
INSERT INTO SILUTEL.PEMBELIAN_INVENTORI VALUES('cj6g6D','YI1e2qMaWcnbHK','E4lNNTpeFLTjryEUQSh',26579,26706);
INSERT INTO SILUTEL.PEMBELIAN_INVENTORI VALUES('zCgqVO','XPmD0run','7E',7528,24443);
INSERT INTO SILUTEL.PEMBELIAN_INVENTORI VALUES('flcZOv','8mzV','AQfBocSa6C',9844,15017);
INSERT INTO SILUTEL.PEMBELIAN_INVENTORI VALUES('qsSV0H','h','FExePEG4lYViRCUdyFc',8731,6883);
INSERT INTO SILUTEL.PEMBELIAN_INVENTORI VALUES('AXumko','0','Dow3WPiK8nn4',20336,7640);
INSERT INTO SILUTEL.PEMBELIAN_INVENTORI VALUES('WkzrjK','3','4hphctugoQGkyzp4',25302,10829);
INSERT INTO SILUTEL.PEMBELIAN_INVENTORI VALUES('w569Lw','xPtpGRONFTRy1','sHAWHuwwFxS5QJxXhd',10555,16606);
INSERT INTO SILUTEL.PEMBELIAN_INVENTORI VALUES('dtkbBs','3TBw','BXAX',18661,21256);
INSERT INTO SILUTEL.PEMBELIAN_INVENTORI VALUES('PUXydB','dDvv6BhfcEfSajCVRNm','JBr9q8eIXslem',23653,30612);
INSERT INTO SILUTEL.PEMBELIAN_INVENTORI VALUES('w8rm4s','ku8OBuaytX','U',28853,6348);
INSERT INTO SILUTEL.PEMBELIAN_INVENTORI VALUES('yKXn0Z','DCYsDbSC0bcunCCPmvuu','8sltSlWD9HWJiCtGKkj',32660,19676);
INSERT INTO SILUTEL.PEMBELIAN_INVENTORI VALUES('w569Lw','8OW8rA3m7Oiykq1','Kvq18q50vR8dygSd72jY',5264,21401);
INSERT INTO SILUTEL.PEMBELIAN_INVENTORI VALUES('nYdfyA','7xkLFHaGFKVlQVuKg7','B',22175,2726);
INSERT INTO SILUTEL.PEMBELIAN_INVENTORI VALUES('16lhe8','Y2uHlbT','6tj3Ob',10321,10270);
INSERT INTO SILUTEL.PEMBELIAN_INVENTORI VALUES('0lthbF','IjwiHLLlWdHJQKlVkly','T2LeWms5',29148,12817);
INSERT INTO SILUTEL.PEMBELIAN_INVENTORI VALUES('hCAJWh','3MPpIpCYQH6dUXLs7StF','DrfqYi49BN1JL',29583,25927);
INSERT INTO SILUTEL.PEMBELIAN_INVENTORI VALUES('OKl6KY','IxAxckLz49','etQYPzZOKo',21215,22566);
INSERT INTO SILUTEL.PEMBELIAN_INVENTORI VALUES('YMb4nw','FNSl7','IJDsWNiy5C2',19092,26619);
INSERT INTO SILUTEL.PEMBELIAN_INVENTORI VALUES('csRta9','TVLemu7NGt','vzCT9',13812,20700);
INSERT INTO SILUTEL.PEMBELIAN_INVENTORI VALUES('pTpmRh','xPtpGRONFTRy1','sHAWHuwwFxS5QJxXhd',15368,20532);
INSERT INTO SILUTEL.PEMBELIAN_INVENTORI VALUES('egZtzV','TVLemu7NGt','vzCT9',16295,5134);
INSERT INTO SILUTEL.PEMBELIAN_INVENTORI VALUES('H873Ne','Y2uHlbT','6tj3Ob',4026,29809);
INSERT INTO SILUTEL.PEMBELIAN_INVENTORI VALUES('8Evk6c','N0gsD2sfRmHEEAX4sPc','tb',4367,14328);
INSERT INTO SILUTEL.PEMBELIAN_INVENTORI VALUES('PUXydB','Zg79P8mgv','GSRtEvzRlNVCk',4195,28501);
INSERT INTO SILUTEL.PEMBELIAN_INVENTORI VALUES('dtkbBs','FNSl7','IJDsWNiy5C2',28598,8117);
INSERT INTO SILUTEL.PEMBELIAN_INVENTORI VALUES('FXaM45','7xkLFHaGFKVlQVuKg7','B',990,12910);
INSERT INTO SILUTEL.PEMBELIAN_INVENTORI VALUES('DSjicg','XZQ','stTMIkKuNBl5uD6',8451,14925);
INSERT INTO SILUTEL.PEMBELIAN_INVENTORI VALUES('knxxRQ','h','FExePEG4lYViRCUdyFc',13365,19237);
INSERT INTO SILUTEL.PEMBELIAN_INVENTORI VALUES('2DYDYZ','B0yR','GIb',3124,27066);
INSERT INTO SILUTEL.PEMBELIAN_INVENTORI VALUES('cpwe1l','Zg79P8mgv','GSRtEvzRlNVCk',25735,21011);
INSERT INTO SILUTEL.PEMBELIAN_INVENTORI VALUES('BJWugq','8mzV','AQfBocSa6C',10378,24495);
INSERT INTO SILUTEL.PEMBELIAN_INVENTORI VALUES('ydUdLB','8OW8rA3m7Oiykq1','Kvq18q50vR8dygSd72jY',3436,2561);
INSERT INTO SILUTEL.PEMBELIAN_INVENTORI VALUES('Iu90gw','3MPpIpCYQH6dUXLs7StF','DrfqYi49BN1JL',10697,31665);
INSERT INTO SILUTEL.PEMBELIAN_INVENTORI VALUES('PmFi9M','dDvv6BhfcEfSajCVRNm','JBr9q8eIXslem',3538,14258);
INSERT INTO SILUTEL.PEMBELIAN_INVENTORI VALUES('B5yzPM','hMpu66COS9','sP52jqvTf3pVjE1v',14858,23346);
INSERT INTO SILUTEL.PEMBELIAN_INVENTORI VALUES('WkzrjK','rwcAsi','kwOpNgcR23HtdPAqym',31608,11491);
INSERT INTO SILUTEL.PEMBELIAN_INVENTORI VALUES('9CSgQB','ePeH67kpMpmB0','kaDS6wbA9hMmoAIlqNO',2498,9294);
INSERT INTO SILUTEL.PEMBELIAN_INVENTORI VALUES('lH8002','KfVouOM52','JYYOs',30747,14592);
INSERT INTO SILUTEL.PEMBELIAN_INVENTORI VALUES('DpK1no','IxAxckLz49','etQYPzZOKo',11135,29638);
INSERT INTO SILUTEL.PEMBELIAN_INVENTORI VALUES('flcZOv','ku8OBuaytX','U',15066,31424);
INSERT INTO SILUTEL.PEMBELIAN_INVENTORI VALUES('QHh5Le','DCYsDbSC0bcunCCPmvuu','8sltSlWD9HWJiCtGKkj',32327,14141);
INSERT INTO SILUTEL.PEMBELIAN_INVENTORI VALUES('j3ja72','hMpu66COS9','sP52jqvTf3pVjE1v',24184,28343);
INSERT INTO SILUTEL.PEMBELIAN_INVENTORI VALUES('WgZgTE','Y2uHlbT','6tj3Ob',21117,3493);
INSERT INTO SILUTEL.PEMBELIAN_INVENTORI VALUES('Yx852N','h','FExePEG4lYViRCUdyFc',22146,23964);
INSERT INTO SILUTEL.PEMBELIAN_INVENTORI VALUES('fQirEZ','rwcAsi','kwOpNgcR23HtdPAqym',530,15811);
INSERT INTO SILUTEL.PEMBELIAN_INVENTORI VALUES('YMb4nw','YI1e2qMaWcnbHK','E4lNNTpeFLTjryEUQSh',31223,27535);
INSERT INTO SILUTEL.PEMBELIAN_INVENTORI VALUES('pCnLAD','NHO3Fgt3','we1k4FhkS1K0vNimdp',9152,10104);
INSERT INTO SILUTEL.PEMBELIAN_INVENTORI VALUES('4pMhCV','nwffOG','9tNq8tH04',4120,24388);
INSERT INTO SILUTEL.PEMBELIAN_INVENTORI VALUES('WjwXIg','pWkdv8NKvfLMi2qv','Yo6X7',13201,14141);
INSERT INTO SILUTEL.PEMBELIAN_INVENTORI VALUES('0ac8EZ','QMTlqJsUF05n9g3WBd','lw7h9ZwbCF7FHB2',18389,5863);
INSERT INTO SILUTEL.PEMBELIAN_INVENTORI VALUES('PmFi9M','IxAxckLz49','etQYPzZOKo',10083,14810);
INSERT INTO SILUTEL.PEMBELIAN_INVENTORI VALUES('0Hqf1b','TVLemu7NGt','vzCT9',5589,19756);
INSERT INTO SILUTEL.PEMBELIAN_INVENTORI VALUES('swrB8e','3TBw','BXAX',17846,14711);
INSERT INTO SILUTEL.PEMBELIAN_INVENTORI VALUES('0wdiPn','vvu9L88NTb','Ult',6571,14062);
INSERT INTO SILUTEL.PEMBELIAN_INVENTORI VALUES('GkeHNK','TVLemu7NGt','vzCT9',22021,24813);
INSERT INTO SILUTEL.PEMBELIAN_INVENTORI VALUES('pCnLAD','oL1FwVQxzl9','ScxiYCK8llm60X',20710,21775);
INSERT INTO SILUTEL.PEMBELIAN_INVENTORI VALUES('W5gQxt','pWkdv8NKvfLMi2qv','Yo6X7',27785,19609);
INSERT INTO SILUTEL.PEMBELIAN_INVENTORI VALUES('cj6g6D','gDS08O3hY5OzT4','l7q7sQ4CLz3oLDL',12098,23773);
INSERT INTO SILUTEL.PEMBELIAN_INVENTORI VALUES('eWDOxS','h','FExePEG4lYViRCUdyFc',31210,29051);
INSERT INTO SILUTEL.PEMBELIAN_INVENTORI VALUES('bMeXKv','GaJW90ZC2GNkeLIOXF','rD2RM',14392,9001);
INSERT INTO SILUTEL.PEMBELIAN_INVENTORI VALUES('JQno8W','Y2uHlbT','6tj3Ob',2383,31722);
INSERT INTO SILUTEL.PEMBELIAN_INVENTORI VALUES('LVeSBn','j1SYLp5HQVx0toJFylT','0',7483,6729);
INSERT INTO SILUTEL.PEMBELIAN_INVENTORI VALUES('RPWEDN','pWkdv8NKvfLMi2qv','Yo6X7',30394,5425);
INSERT INTO SILUTEL.PEMBELIAN_INVENTORI VALUES('AXumko','Y2uHlbT','6tj3Ob',23296,14442);
INSERT INTO SILUTEL.PEMBELIAN_INVENTORI VALUES('t7utHM','Zg79P8mgv','GSRtEvzRlNVCk',17147,4222);
INSERT INTO SILUTEL.PEMBELIAN_INVENTORI VALUES('pTpmRh','jAwWxg','VTe',31664,10529);
INSERT INTO SILUTEL.PEMBELIAN_INVENTORI VALUES('Dxq3fa','TVLemu7NGt','vzCT9',26246,21834);
INSERT INTO SILUTEL.PEMBELIAN_INVENTORI VALUES('W5gQxt','jAwWxg','VTe',29780,10110);
INSERT INTO SILUTEL.PEMBELIAN_INVENTORI VALUES('2Pfnlb','3TBw','BXAX',30324,30489);
INSERT INTO SILUTEL.PEMBELIAN_INVENTORI VALUES('dfiBCC','8RaK7q3b2mw','LFPOKUQwGin69',1474,30930);
INSERT INTO SILUTEL.PEMBELIAN_INVENTORI VALUES('Xgivoh','8RaK7q3b2mw','LFPOKUQwGin69',21363,26485);
INSERT INTO SILUTEL.PEMBELIAN_INVENTORI VALUES('w8rm4s','Y2uHlbT','6tj3Ob',394,24966);
INSERT INTO SILUTEL.PEMBELIAN_INVENTORI VALUES('b6ghMh','ku8OBuaytX','U',14716,8912);
INSERT INTO SILUTEL.PEMBELIAN_INVENTORI VALUES('P7ohl7','oL1FwVQxzl9','ScxiYCK8llm60X',28720,26331);
INSERT INTO SILUTEL.PEMBELIAN_INVENTORI VALUES('MhToV6','h','FExePEG4lYViRCUdyFc',25480,30898);
INSERT INTO SILUTEL.PEMBELIAN_INVENTORI VALUES('dqCoCs','ku8OBuaytX','U',15364,6059);
INSERT INTO SILUTEL.PEMBELIAN_INVENTORI VALUES('OKl6KY','gDS08O3hY5OzT4','l7q7sQ4CLz3oLDL',21723,30977);
INSERT INTO SILUTEL.PEMBELIAN_INVENTORI VALUES('0ac8EZ','N0gsD2sfRmHEEAX4sPc','tb',18970,22145);
INSERT INTO SILUTEL.PEMBELIAN_INVENTORI VALUES('3Xkat1','DCYsDbSC0bcunCCPmvuu','8sltSlWD9HWJiCtGKkj',11530,2055);
INSERT INTO SILUTEL.PEMBELIAN_INVENTORI VALUES('M8eH6c','jfpePrTP5g7xkJz48','e71C3Ldcx4K1pw6',5940,7086);
INSERT INTO SILUTEL.PEMBELIAN_INVENTORI VALUES('W3yg50','PKfD8F3M1t','QFdpUXY2o9Hh2Hjca',10028,26078);
INSERT INTO SILUTEL.PEMBELIAN_INVENTORI VALUES('wsWyeG','IxAxckLz49','etQYPzZOKo',32733,5053);
INSERT INTO SILUTEL.PEMBELIAN_INVENTORI VALUES('qzNyZn','N0gsD2sfRmHEEAX4sPc','tb',13374,5869);
INSERT INTO SILUTEL.PEMBELIAN_INVENTORI VALUES('aBMUhr','dDvv6BhfcEfSajCVRNm','JBr9q8eIXslem',7044,29675);
INSERT INTO SILUTEL.PEMBELIAN_INVENTORI VALUES('zQzPwq','3','4hphctugoQGkyzp4',12940,22418);
INSERT INTO SILUTEL.PEMBELIAN_INVENTORI VALUES('AXumko','DCYsDbSC0bcunCCPmvuu','8sltSlWD9HWJiCtGKkj',31573,12888);
INSERT INTO SILUTEL.PEMBELIAN_INVENTORI VALUES('O9sp8p','jfpePrTP5g7xkJz48','e71C3Ldcx4K1pw6',31288,1680);
INSERT INTO SILUTEL.PEMBELIAN_INVENTORI VALUES('mddOyw','LJRyMb4mq6j3M','vEg',7888,22461);
INSERT INTO SILUTEL.PEMBELIAN_INVENTORI VALUES('dtkbBs','gDS08O3hY5OzT4','l7q7sQ4CLz3oLDL',30665,4390);
INSERT INTO SILUTEL.PEMBELIAN_INVENTORI VALUES('GQ7jEd','NHO3Fgt3','we1k4FhkS1K0vNimdp',8820,32363);
INSERT INTO SILUTEL.PEMBELIAN_INVENTORI VALUES('vztteC','GaJW90ZC2GNkeLIOXF','rD2RM',28008,7057);
INSERT INTO SILUTEL.PEMBELIAN_INVENTORI VALUES('k6BRaP','gDS08O3hY5OzT4','l7q7sQ4CLz3oLDL',3346,9079);
INSERT INTO SILUTEL.PEMBELIAN_INVENTORI VALUES('eWDOxS','8VFcK7TX1','a7ZAR29NQUy7HH92mJbH',20797,12597);
INSERT INTO SILUTEL.PEMBELIAN_INVENTORI VALUES('0ac8EZ','PKfD8F3M1t','QFdpUXY2o9Hh2Hjca',6332,30113);
INSERT INTO SILUTEL.PEMBELIAN_INVENTORI VALUES('W5gQxt','2H06QC0f9RPYNhbZgLQ','78kOZ',19598,22591);
INSERT INTO SILUTEL.PEMBELIAN_INVENTORI VALUES('w8rm4s','QMTlqJsUF05n9g3WBd','lw7h9ZwbCF7FHB2',3514,2534);
INSERT INTO SILUTEL.PEMBELIAN_INVENTORI VALUES('ZBCGPG','TxT4Fv2YA9g5','OJ8oyXCAhOX4QeZ',30543,22063);
INSERT INTO SILUTEL.PEMBELIAN_INVENTORI VALUES('jrpfbj','hMpu66COS9','sP52jqvTf3pVjE1v',19,13110);
INSERT INTO SILUTEL.PEMBELIAN_INVENTORI VALUES('TbMSCg','ePeH67kpMpmB0','kaDS6wbA9hMmoAIlqNO',1649,1564);
INSERT INTO SILUTEL.PEMBELIAN_INVENTORI VALUES('Q7Lar3','h','FExePEG4lYViRCUdyFc',30998,29512);
INSERT INTO SILUTEL.PEMBELIAN_INVENTORI VALUES('0wdiPn','8mzV','AQfBocSa6C',22830,16687);
INSERT INTO SILUTEL.PEMBELIAN_INVENTORI VALUES('6DatrJ','8OW8rA3m7Oiykq1','Kvq18q50vR8dygSd72jY',9828,24719);
INSERT INTO SILUTEL.PEMBELIAN_INVENTORI VALUES('dtHTqS','j1SYLp5HQVx0toJFylT','0',9715,24026);
INSERT INTO SILUTEL.PEMBELIAN_INVENTORI VALUES('8pxzj2','gDS08O3hY5OzT4','l7q7sQ4CLz3oLDL',13890,29966);
INSERT INTO SILUTEL.PEMBELIAN_INVENTORI VALUES('BaUfYc','dnAJy1u6Pzm6dSQ','bjPb72j4t3M6lcSIAd8a',12758,24591);
INSERT INTO SILUTEL.PEMBELIAN_INVENTORI VALUES('Dv1Poa','KNcI','FNy4kK88Sp3RJiMTCP',22434,2631);
INSERT INTO SILUTEL.PEMBELIAN_INVENTORI VALUES('OgrAN0','QMTlqJsUF05n9g3WBd','lw7h9ZwbCF7FHB2',28615,5198);
INSERT INTO SILUTEL.PEMBELIAN_INVENTORI VALUES('fRojGE','NHO3Fgt3','we1k4FhkS1K0vNimdp',17022,26917);
INSERT INTO SILUTEL.PEMBELIAN_INVENTORI VALUES('flcZOv','XZQ','stTMIkKuNBl5uD6',23241,1932);
INSERT INTO SILUTEL.PEMBELIAN_INVENTORI VALUES('LwlkjP','ku8OBuaytX','U',3764,30466);
INSERT INTO SILUTEL.PEMBELIAN_INVENTORI VALUES('3moGrg','ePeH67kpMpmB0','kaDS6wbA9hMmoAIlqNO',8771,1271);
INSERT INTO SILUTEL.PEMBELIAN_INVENTORI VALUES('eOgZgo','gDS08O3hY5OzT4','l7q7sQ4CLz3oLDL',17257,3842);
INSERT INTO SILUTEL.PEMBELIAN_INVENTORI VALUES('t7utHM','XPmD0run','7E',23466,29410);
INSERT INTO SILUTEL.PEMBELIAN_INVENTORI VALUES('YMb4nw','IjwiHLLlWdHJQKlVkly','T2LeWms5',24845,2191);
INSERT INTO SILUTEL.PEMBELIAN_INVENTORI VALUES('eCB7Pe','N0gsD2sfRmHEEAX4sPc','tb',31165,14880);
INSERT INTO SILUTEL.PEMBELIAN_INVENTORI VALUES('nst9IS','KNcI','FNy4kK88Sp3RJiMTCP',23161,3917);
INSERT INTO SILUTEL.PEMBELIAN_INVENTORI VALUES('5nrTcw','rwcAsi','kwOpNgcR23HtdPAqym',26257,15301);
INSERT INTO SILUTEL.PEMBELIAN_INVENTORI VALUES('QXaiYI','IxAxckLz49','etQYPzZOKo',23963,13222);
INSERT INTO SILUTEL.PEMBELIAN_INVENTORI VALUES('Zj8YTs','8VFcK7TX1','a7ZAR29NQUy7HH92mJbH',12024,14569);
INSERT INTO SILUTEL.PEMBELIAN_INVENTORI VALUES('9O77Qm','KNcI','FNy4kK88Sp3RJiMTCP',12552,13752);
INSERT INTO SILUTEL.PEMBELIAN_INVENTORI VALUES('WEPF6v','KfVouOM52','JYYOs',7254,6140);
INSERT INTO SILUTEL.PEMBELIAN_INVENTORI VALUES('w4b8mD','jAwWxg','VTe',30580,29964);
INSERT INTO SILUTEL.PEMBELIAN_INVENTORI VALUES('v4jxxZ','3TBw','BXAX',9299,30954);
INSERT INTO SILUTEL.PEMBELIAN_INVENTORI VALUES('VXwq4l','xPtpGRONFTRy1','sHAWHuwwFxS5QJxXhd',29729,3983);
INSERT INTO SILUTEL.PEMBELIAN_INVENTORI VALUES('CbXRwC','LJRyMb4mq6j3M','vEg',23333,21684);
INSERT INTO SILUTEL.PEMBELIAN_INVENTORI VALUES('P7ohl7','dnAJy1u6Pzm6dSQ','bjPb72j4t3M6lcSIAd8a',4863,7811);
INSERT INTO SILUTEL.PEMBELIAN_INVENTORI VALUES('WDzdJ7','B0yR','GIb',32055,32572);
INSERT INTO SILUTEL.PEMBELIAN_INVENTORI VALUES('XHeAXD','N0gsD2sfRmHEEAX4sPc','tb',10566,13051);
INSERT INTO SILUTEL.PEMBELIAN_INVENTORI VALUES('Zj8YTs','8RaK7q3b2mw','LFPOKUQwGin69',13489,29589);
INSERT INTO SILUTEL.PEMBELIAN_INVENTORI VALUES('QsRAK7','oL1FwVQxzl9','ScxiYCK8llm60X',9579,25721);
INSERT INTO SILUTEL.PEMBELIAN_INVENTORI VALUES('yd2XGJ','3','4hphctugoQGkyzp4',31851,12704);
INSERT INTO SILUTEL.PEMBELIAN_INVENTORI VALUES('6KOL1E','8OW8rA3m7Oiykq1','Kvq18q50vR8dygSd72jY',19149,5613);
INSERT INTO SILUTEL.PEMBELIAN_INVENTORI VALUES('DpK1no','GaJW90ZC2GNkeLIOXF','rD2RM',23362,20189);
INSERT INTO SILUTEL.PEMBELIAN_INVENTORI VALUES('dtHTqS','KNcI','FNy4kK88Sp3RJiMTCP',21411,7803);
INSERT INTO SILUTEL.PEMBELIAN_INVENTORI VALUES('cj6g6D','IxAxckLz49','etQYPzZOKo',15234,32040);
INSERT INTO SILUTEL.PEMBELIAN_INVENTORI VALUES('msiCGJ','2H06QC0f9RPYNhbZgLQ','78kOZ',28995,1101);
INSERT INTO SILUTEL.PEMBELIAN_INVENTORI VALUES('Kgz9dc','GaJW90ZC2GNkeLIOXF','rD2RM',12823,27002);
INSERT INTO SILUTEL.PEMBELIAN_INVENTORI VALUES('nUc3ly','KNcI','FNy4kK88Sp3RJiMTCP',26155,31314);
INSERT INTO SILUTEL.PEMBELIAN_INVENTORI VALUES('msiCGJ','gDS08O3hY5OzT4','l7q7sQ4CLz3oLDL',25799,27664);
INSERT INTO SILUTEL.PEMBELIAN_INVENTORI VALUES('Kgz9dc','DCYsDbSC0bcunCCPmvuu','8sltSlWD9HWJiCtGKkj',10205,9862);
INSERT INTO SILUTEL.PEMBELIAN_INVENTORI VALUES('3oeWpn','TVLemu7NGt','vzCT9',8955,27191);
INSERT INTO SILUTEL.PEMBELIAN_INVENTORI VALUES('GkeHNK','8OW8rA3m7Oiykq1','Kvq18q50vR8dygSd72jY',11283,19979);
INSERT INTO SILUTEL.PEMBELIAN_INVENTORI VALUES('KLmRDA','ku8OBuaytX','U',7622,26066);
INSERT INTO SILUTEL.PEMBELIAN_INVENTORI VALUES('Xgivoh','8mzV','AQfBocSa6C',21684,26237);
INSERT INTO SILUTEL.PEMBELIAN_INVENTORI VALUES('iwnVM1','0','Dow3WPiK8nn4',14932,24514);
INSERT INTO SILUTEL.PEMBELIAN_INVENTORI VALUES('ixTbNP','XPmD0run','7E',30876,27167);
INSERT INTO SILUTEL.PEMBELIAN_INVENTORI VALUES('BJWugq','0pNWi2dX','1XwO4uy6g',32396,4834);
INSERT INTO SILUTEL.PEMBELIAN_INVENTORI VALUES('ofOwGZ','3TBw','BXAX',16503,21067);
INSERT INTO SILUTEL.PEMBELIAN_INVENTORI VALUES('uVhL1u','YI1e2qMaWcnbHK','E4lNNTpeFLTjryEUQSh',30225,4286);
INSERT INTO SILUTEL.PEMBELIAN_INVENTORI VALUES('Y3EGsD','ku8OBuaytX','U',1785,11409);
INSERT INTO SILUTEL.PEMBELIAN_INVENTORI VALUES('DSjicg','3TBw','BXAX',12333,20246);
INSERT INTO SILUTEL.PEMBELIAN_INVENTORI VALUES('PImiO5','TxT4Fv2YA9g5','OJ8oyXCAhOX4QeZ',8964,3711);
INSERT INTO SILUTEL.PEMBELIAN_INVENTORI VALUES('AZK78a','8OW8rA3m7Oiykq1','Kvq18q50vR8dygSd72jY',1012,13173);
INSERT INTO SILUTEL.PEMBELIAN_INVENTORI VALUES('JeKtnj','8RaK7q3b2mw','LFPOKUQwGin69',1552,26074);
INSERT INTO SILUTEL.PEMBELIAN_INVENTORI VALUES('bPA02I','8mzV','AQfBocSa6C',13702,14315);
INSERT INTO SILUTEL.PEMBELIAN_INVENTORI VALUES('CbXRwC','NHO3Fgt3','we1k4FhkS1K0vNimdp',30718,12458);
INSERT INTO SILUTEL.PEMBELIAN_INVENTORI VALUES('K87V0E','TxT4Fv2YA9g5','OJ8oyXCAhOX4QeZ',5819,10210);
INSERT INTO SILUTEL.PEMBELIAN_INVENTORI VALUES('xBEpjT','KfVouOM52','JYYOs',14674,26412);
INSERT INTO SILUTEL.PEMBELIAN_INVENTORI VALUES('M8eH6c','DnZh2','7DAgoWd8D28u',19000,5426);
INSERT INTO SILUTEL.PEMBELIAN_INVENTORI VALUES('SVHyCC','IxAxckLz49','etQYPzZOKo',29764,19698);
INSERT INTO SILUTEL.PEMBELIAN_INVENTORI VALUES('r3W8wC','KNcI','FNy4kK88Sp3RJiMTCP',5272,6775);
INSERT INTO SILUTEL.PEMBELIAN_INVENTORI VALUES('H6y7jA','TVLemu7NGt','vzCT9',26572,28255);
INSERT INTO SILUTEL.PEMBELIAN_INVENTORI VALUES('M8eH6c','h','FExePEG4lYViRCUdyFc',19825,26542);
INSERT INTO SILUTEL.PEMBELIAN_INVENTORI VALUES('pze0b6','XPmD0run','7E',28903,3378);
INSERT INTO SILUTEL.PEMBELIAN_INVENTORI VALUES('xDG72N','2H06QC0f9RPYNhbZgLQ','78kOZ',27403,8115);
INSERT INTO SILUTEL.PEMBELIAN_INVENTORI VALUES('oognB5','jfpePrTP5g7xkJz48','e71C3Ldcx4K1pw6',8946,30982);
INSERT INTO SILUTEL.PEMBELIAN_INVENTORI VALUES('lH8002','YI1e2qMaWcnbHK','E4lNNTpeFLTjryEUQSh',22507,9390);
INSERT INTO SILUTEL.PEMBELIAN_INVENTORI VALUES('uQZnV2','3','4hphctugoQGkyzp4',13757,5316);
INSERT INTO SILUTEL.PEMBELIAN_INVENTORI VALUES('PmFi9M','8RaK7q3b2mw','LFPOKUQwGin69',25906,21186);
INSERT INTO SILUTEL.PEMBELIAN_INVENTORI VALUES('BaUfYc','LJRyMb4mq6j3M','vEg',22204,1251);
INSERT INTO SILUTEL.PEMBELIAN_INVENTORI VALUES('O8cuKG','8RaK7q3b2mw','LFPOKUQwGin69',863,9082);
INSERT INTO SILUTEL.PEMBELIAN_INVENTORI VALUES('P9QGog','oL1FwVQxzl9','ScxiYCK8llm60X',25482,8205);
INSERT INTO SILUTEL.PEMBELIAN_INVENTORI VALUES('g06PHX','nwffOG','9tNq8tH04',5552,8752);
INSERT INTO SILUTEL.PEMBELIAN_INVENTORI VALUES('v4jxxZ','N0gsD2sfRmHEEAX4sPc','tb',13697,15466);
INSERT INTO SILUTEL.PEMBELIAN_INVENTORI VALUES('zCgqVO','8VFcK7TX1','a7ZAR29NQUy7HH92mJbH',19841,2992);
INSERT INTO SILUTEL.PEMBELIAN_INVENTORI VALUES('pTpmRh','gDS08O3hY5OzT4','l7q7sQ4CLz3oLDL',10226,14681);
INSERT INTO SILUTEL.PEMBELIAN_INVENTORI VALUES('4V3ThS','KfVouOM52','JYYOs',29228,7296);
INSERT INTO SILUTEL.PEMBELIAN_INVENTORI VALUES('nst9IS','0','Dow3WPiK8nn4',22947,24544);
INSERT INTO SILUTEL.PEMBELIAN_INVENTORI VALUES('WZJLkv','jAwWxg','VTe',25317,28687);
INSERT INTO SILUTEL.PEMBELIAN_INVENTORI VALUES('WgZgTE','rwcAsi','kwOpNgcR23HtdPAqym',6562,2785);
INSERT INTO SILUTEL.PEMBELIAN_INVENTORI VALUES('JlVRy0','dDvv6BhfcEfSajCVRNm','JBr9q8eIXslem',20816,23433);
INSERT INTO SILUTEL.PEMBELIAN_INVENTORI VALUES('bXIewW','LJRyMb4mq6j3M','vEg',23162,15666);
INSERT INTO SILUTEL.PEMBELIAN_INVENTORI VALUES('nYdfyA','dnAJy1u6Pzm6dSQ','bjPb72j4t3M6lcSIAd8a',24517,30299);
INSERT INTO SILUTEL.PEMBELIAN_INVENTORI VALUES('SxE6Fo','0pNWi2dX','1XwO4uy6g',16139,27102);
INSERT INTO SILUTEL.PEMBELIAN_INVENTORI VALUES('8pxYjp','IjwiHLLlWdHJQKlVkly','T2LeWms5',30283,26383);
INSERT INTO SILUTEL.PEMBELIAN_INVENTORI VALUES('iNfdgE','FNSl7','IJDsWNiy5C2',32762,12311);
INSERT INTO SILUTEL.PEMBELIAN_INVENTORI VALUES('pCnLAD','FNSl7','IJDsWNiy5C2',23831,21670);
INSERT INTO SILUTEL.PEMBELIAN_INVENTORI VALUES('M8eH6c','2H06QC0f9RPYNhbZgLQ','78kOZ',16553,8215);
INSERT INTO SILUTEL.PEMBELIAN_INVENTORI VALUES('knxxRQ','8RaK7q3b2mw','LFPOKUQwGin69',25538,3772);
INSERT INTO SILUTEL.PEMBELIAN_INVENTORI VALUES('0sRp2c','KfVouOM52','JYYOs',17979,12555);
INSERT INTO SILUTEL.PEMBELIAN_INVENTORI VALUES('WjwXIg','XZQ','stTMIkKuNBl5uD6',4160,13180);
INSERT INTO SILUTEL.PEMBELIAN_INVENTORI VALUES('3Xkat1','Y2uHlbT','6tj3Ob',474,8503);
INSERT INTO SILUTEL.PEMBELIAN_INVENTORI VALUES('2Pfnlb','YI1e2qMaWcnbHK','E4lNNTpeFLTjryEUQSh',4624,5364);
INSERT INTO SILUTEL.PEMBELIAN_INVENTORI VALUES('WfIT6i','KNcI','FNy4kK88Sp3RJiMTCP',12128,2746);
INSERT INTO SILUTEL.PEMBELIAN_INVENTORI VALUES('O8cuKG','nwffOG','9tNq8tH04',16292,2519);
INSERT INTO SILUTEL.PEMBELIAN_INVENTORI VALUES('p2DnKQ','XPmD0run','7E',3198,22088);
INSERT INTO SILUTEL.PEMBELIAN_INVENTORI VALUES('gYYTWo','IjwiHLLlWdHJQKlVkly','T2LeWms5',20354,9342);
INSERT INTO SILUTEL.PEMBELIAN_INVENTORI VALUES('LLyKOr','KNcI','FNy4kK88Sp3RJiMTCP',20332,14527);
INSERT INTO SILUTEL.PEMBELIAN_INVENTORI VALUES('bPA02I','3MPpIpCYQH6dUXLs7StF','DrfqYi49BN1JL',11297,9286);
INSERT INTO SILUTEL.PEMBELIAN_INVENTORI VALUES('jrpfbj','rwcAsi','kwOpNgcR23HtdPAqym',280,19047);
INSERT INTO SILUTEL.PEMBELIAN_INVENTORI VALUES('1dqQMY','DnZh2','7DAgoWd8D28u',11911,26954);
INSERT INTO SILUTEL.PEMBELIAN_INVENTORI VALUES('LwlkjP','j1SYLp5HQVx0toJFylT','0',13291,6883);
INSERT INTO SILUTEL.PEMBELIAN_INVENTORI VALUES('zdqrmM','jfpePrTP5g7xkJz48','e71C3Ldcx4K1pw6',10336,2239);
INSERT INTO SILUTEL.PEMBELIAN_INVENTORI VALUES('dtHTqS','nwffOG','9tNq8tH04',32297,25154);
INSERT INTO SILUTEL.PEMBELIAN_INVENTORI VALUES('QsRAK7','PKfD8F3M1t','QFdpUXY2o9Hh2Hjca',7836,28328);
INSERT INTO SILUTEL.PEMBELIAN_INVENTORI VALUES('LLyKOr','LJRyMb4mq6j3M','vEg',15249,25247);
INSERT INTO SILUTEL.PEMBELIAN_INVENTORI VALUES('7ilkiF','eY','mNXGwBIb2',22204,5587);
INSERT INTO SILUTEL.PEMBELIAN_INVENTORI VALUES('XoVVT6','pWkdv8NKvfLMi2qv','Yo6X7',9164,17254);
INSERT INTO SILUTEL.PEMBELIAN_INVENTORI VALUES('O8cuKG','FNSl7','IJDsWNiy5C2',24012,3579);
INSERT INTO SILUTEL.PEMBELIAN_INVENTORI VALUES('j3ja72','8mzV','AQfBocSa6C',6023,4728);
INSERT INTO SILUTEL.PEMBELIAN_INVENTORI VALUES('H6y7jA','8VFcK7TX1','a7ZAR29NQUy7HH92mJbH',8278,4270);
INSERT INTO SILUTEL.PEMBELIAN_INVENTORI VALUES('SxE6Fo','TVLemu7NGt','vzCT9',28646,13715);
INSERT INTO SILUTEL.PEMBELIAN_INVENTORI VALUES('7NGfbH','3','4hphctugoQGkyzp4',3019,20445);
INSERT INTO SILUTEL.PEMBELIAN_INVENTORI VALUES('aBnzxv','TxT4Fv2YA9g5','OJ8oyXCAhOX4QeZ',21693,31040);
INSERT INTO SILUTEL.PEMBELIAN_INVENTORI VALUES('H3ZOHB','ku8OBuaytX','U',15627,21488);
INSERT INTO SILUTEL.PEMBELIAN_INVENTORI VALUES('qsSV0H','GaJW90ZC2GNkeLIOXF','rD2RM',28343,22732);
INSERT INTO SILUTEL.PEMBELIAN_INVENTORI VALUES('pCnLAD','B0yR','GIb',16285,29821);
INSERT INTO SILUTEL.PEMBELIAN_INVENTORI VALUES('gOf66O','NHO3Fgt3','we1k4FhkS1K0vNimdp',16797,7347);
INSERT INTO SILUTEL.PEMBELIAN_INVENTORI VALUES('7tsCnC','Zg79P8mgv','GSRtEvzRlNVCk',21329,26757);
INSERT INTO SILUTEL.PEMBELIAN_INVENTORI VALUES('DHWoZZ','eY','mNXGwBIb2',4177,31769);
INSERT INTO SILUTEL.PEMBELIAN_INVENTORI VALUES('BlmRa6','B0yR','GIb',20716,23901);
INSERT INTO SILUTEL.PEMBELIAN_INVENTORI VALUES('ixTbNP','4noXhOha79qEL','RcY8TZUgBm6',29388,13418);
INSERT INTO SILUTEL.PEMBELIAN_INVENTORI VALUES('ylUxLg','LJRyMb4mq6j3M','vEg',5728,27004);
INSERT INTO SILUTEL.PEMBELIAN_INVENTORI VALUES('ZBCGPG','hMpu66COS9','sP52jqvTf3pVjE1v',7872,13304);
INSERT INTO SILUTEL.PEMBELIAN_INVENTORI VALUES('ZVL3qD','ku8OBuaytX','U',21717,9482);
INSERT INTO SILUTEL.PEMBELIAN_INVENTORI VALUES('qRtn4y','DnZh2','7DAgoWd8D28u',16454,16346);
INSERT INTO SILUTEL.PEMBELIAN_INVENTORI VALUES('16lhe8','DnZh2','7DAgoWd8D28u',8504,24998);
INSERT INTO SILUTEL.PEMBELIAN_INVENTORI VALUES('ZoxepW','GaJW90ZC2GNkeLIOXF','rD2RM',8337,22416);
INSERT INTO SILUTEL.PEMBELIAN_INVENTORI VALUES('MYB52f','3MPpIpCYQH6dUXLs7StF','DrfqYi49BN1JL',16340,1914);
INSERT INTO SILUTEL.PEMBELIAN_INVENTORI VALUES('hTOKDW','xPtpGRONFTRy1','sHAWHuwwFxS5QJxXhd',32557,21311);
INSERT INTO SILUTEL.PEMBELIAN_INVENTORI VALUES('Dxq3fa','jfpePrTP5g7xkJz48','e71C3Ldcx4K1pw6',9924,29275);
INSERT INTO SILUTEL.PEMBELIAN_INVENTORI VALUES('MYB52f','8mzV','AQfBocSa6C',29238,3277);
INSERT INTO SILUTEL.PEMBELIAN_INVENTORI VALUES('7NGfbH','ePeH67kpMpmB0','kaDS6wbA9hMmoAIlqNO',5765,25436);
INSERT INTO SILUTEL.PEMBELIAN_INVENTORI VALUES('0ac8EZ','pWkdv8NKvfLMi2qv','Yo6X7',24484,30422);
INSERT INTO SILUTEL.PEMBELIAN_INVENTORI VALUES('Ehfo62','TVLemu7NGt','vzCT9',23721,26630);
INSERT INTO SILUTEL.PEMBELIAN_INVENTORI VALUES('XoVVT6','Y2uHlbT','6tj3Ob',9609,5915);
INSERT INTO SILUTEL.PEMBELIAN_INVENTORI VALUES('idxSxB','8VFcK7TX1','a7ZAR29NQUy7HH92mJbH',9379,1357);
INSERT INTO SILUTEL.PEMBELIAN_INVENTORI VALUES('4DK4hN','4noXhOha79qEL','RcY8TZUgBm6',23830,9579);
INSERT INTO SILUTEL.PEMBELIAN_INVENTORI VALUES('mddOyw','TxT4Fv2YA9g5','OJ8oyXCAhOX4QeZ',828,21894);
INSERT INTO SILUTEL.PEMBELIAN_INVENTORI VALUES('csRta9','j1SYLp5HQVx0toJFylT','0',11616,3668);
INSERT INTO SILUTEL.PEMBELIAN_INVENTORI VALUES('7rvBTg','PKfD8F3M1t','QFdpUXY2o9Hh2Hjca',22884,27529);
INSERT INTO SILUTEL.PEMBELIAN_INVENTORI VALUES('8Evk6c','jAwWxg','VTe',15217,22626);
INSERT INTO SILUTEL.PEMBELIAN_INVENTORI VALUES('GwfFSa','hMpu66COS9','sP52jqvTf3pVjE1v',28868,19752);
INSERT INTO SILUTEL.PEMBELIAN_INVENTORI VALUES('jy0rVS','8VFcK7TX1','a7ZAR29NQUy7HH92mJbH',6907,17671);
INSERT INTO SILUTEL.PEMBELIAN_INVENTORI VALUES('7rvBTg','LJRyMb4mq6j3M','vEg',32593,27893);
INSERT INTO SILUTEL.PEMBELIAN_INVENTORI VALUES('7ilkiF','DCYsDbSC0bcunCCPmvuu','8sltSlWD9HWJiCtGKkj',12275,4441);
INSERT INTO SILUTEL.PEMBELIAN_INVENTORI VALUES('jy0rVS','2H06QC0f9RPYNhbZgLQ','78kOZ',3700,17464);
INSERT INTO SILUTEL.PEMBELIAN_INVENTORI VALUES('0QIABV','gDS08O3hY5OzT4','l7q7sQ4CLz3oLDL',31464,26726);
INSERT INTO SILUTEL.PEMBELIAN_INVENTORI VALUES('vV2IMt','8OW8rA3m7Oiykq1','Kvq18q50vR8dygSd72jY',16328,2260);
INSERT INTO SILUTEL.PEMBELIAN_INVENTORI VALUES('Gz2nUr','jAwWxg','VTe',19408,24524);
INSERT INTO SILUTEL.PEMBELIAN_INVENTORI VALUES('Z9EMeo','eY','mNXGwBIb2',347,18548);
INSERT INTO SILUTEL.PEMBELIAN_INVENTORI VALUES('ohL80S','TVLemu7NGt','vzCT9',24697,11294);
INSERT INTO SILUTEL.PEMBELIAN_INVENTORI VALUES('WwvXDI','3','4hphctugoQGkyzp4',14337,31056);
INSERT INTO SILUTEL.PEMBELIAN_INVENTORI VALUES('9CSgQB','8RaK7q3b2mw','LFPOKUQwGin69',803,14694);
INSERT INTO SILUTEL.PEMBELIAN_INVENTORI VALUES('CJQAyK','Y2uHlbT','6tj3Ob',10170,24925);
INSERT INTO SILUTEL.PEMBELIAN_INVENTORI VALUES('zdqrmM','NHO3Fgt3','we1k4FhkS1K0vNimdp',2750,26552);
INSERT INTO SILUTEL.PEMBELIAN_INVENTORI VALUES('vztteC','PKfD8F3M1t','QFdpUXY2o9Hh2Hjca',6303,20463);
INSERT INTO SILUTEL.PEMBELIAN_INVENTORI VALUES('KLmRDA','3TBw','BXAX',11126,9049);
INSERT INTO SILUTEL.PEMBELIAN_INVENTORI VALUES('csRta9','FNSl7','IJDsWNiy5C2',6307,10306);
INSERT INTO SILUTEL.PEMBELIAN_INVENTORI VALUES('4V3ThS','TVLemu7NGt','vzCT9',16532,15458);
INSERT INTO SILUTEL.PEMBELIAN_INVENTORI VALUES('z1udgz','GaJW90ZC2GNkeLIOXF','rD2RM',23502,32469);
INSERT INTO SILUTEL.PEMBELIAN_INVENTORI VALUES('ohL80S','pWkdv8NKvfLMi2qv','Yo6X7',6797,6938);
INSERT INTO SILUTEL.PEMBELIAN_INVENTORI VALUES('r3W8wC','TxT4Fv2YA9g5','OJ8oyXCAhOX4QeZ',28599,3170);
INSERT INTO SILUTEL.PEMBELIAN_INVENTORI VALUES('ZykSez','ku8OBuaytX','U',5059,3020);
INSERT INTO SILUTEL.PEMBELIAN_INVENTORI VALUES('K87V0E','3TBw','BXAX',11472,12981);
INSERT INTO SILUTEL.PEMBELIAN_INVENTORI VALUES('wsWyeG','4noXhOha79qEL','RcY8TZUgBm6',31317,12279);
INSERT INTO SILUTEL.PEMBELIAN_INVENTORI VALUES('SVHyCC','dDvv6BhfcEfSajCVRNm','JBr9q8eIXslem',29506,16490);
INSERT INTO SILUTEL.PEMBELIAN_INVENTORI VALUES('WEPF6v','oL1FwVQxzl9','ScxiYCK8llm60X',25251,20301);
INSERT INTO SILUTEL.PEMBELIAN_INVENTORI VALUES('pTpmRh','7xkLFHaGFKVlQVuKg7','B',29034,3873);
INSERT INTO SILUTEL.PEMBELIAN_INVENTORI VALUES('flcZOv','KNcI','FNy4kK88Sp3RJiMTCP',25935,25834);
INSERT INTO SILUTEL.PEMBELIAN_INVENTORI VALUES('AUVBJW','7xkLFHaGFKVlQVuKg7','B',19834,28643);
INSERT INTO SILUTEL.PEMBELIAN_INVENTORI VALUES('w569Lw','pWkdv8NKvfLMi2qv','Yo6X7',25886,30608);
INSERT INTO SILUTEL.PEMBELIAN_INVENTORI VALUES('vtbtpz','GaJW90ZC2GNkeLIOXF','rD2RM',6744,7344);
INSERT INTO SILUTEL.PEMBELIAN_INVENTORI VALUES('jrjUE7','FNSl7','IJDsWNiy5C2',17049,13310);
INSERT INTO SILUTEL.PEMBELIAN_INVENTORI VALUES('WwvXDI','LJRyMb4mq6j3M','vEg',24560,26437);
INSERT INTO SILUTEL.PEMBELIAN_INVENTORI VALUES('XHeAXD','7xkLFHaGFKVlQVuKg7','B',6323,16106);
INSERT INTO SILUTEL.PEMBELIAN_INVENTORI VALUES('hCAJWh','pWkdv8NKvfLMi2qv','Yo6X7',25857,26832);
INSERT INTO SILUTEL.PEMBELIAN_INVENTORI VALUES('OKl6KY','pWkdv8NKvfLMi2qv','Yo6X7',21610,6758);
INSERT INTO SILUTEL.PEMBELIAN_INVENTORI VALUES('pTpmRh','N0gsD2sfRmHEEAX4sPc','tb',15951,26527);
INSERT INTO SILUTEL.PEMBELIAN_INVENTORI VALUES('0Hqf1b','8mzV','AQfBocSa6C',19006,21719);
INSERT INTO SILUTEL.PEMBELIAN_INVENTORI VALUES('PImiO5','IxAxckLz49','etQYPzZOKo',5953,6930);
INSERT INTO SILUTEL.PEMBELIAN_INVENTORI VALUES('Iu90gw','IxAxckLz49','etQYPzZOKo',17947,20717);
INSERT INTO SILUTEL.PEMBELIAN_INVENTORI VALUES('vFZW23','IxAxckLz49','etQYPzZOKo',7556,24691);
INSERT INTO SILUTEL.PEMBELIAN_INVENTORI VALUES('JlVRy0','8mzV','AQfBocSa6C',1037,19199);
INSERT INTO SILUTEL.PEMBELIAN_INVENTORI VALUES('j3ja72','8OW8rA3m7Oiykq1','Kvq18q50vR8dygSd72jY',25042,6220);
INSERT INTO SILUTEL.PEMBELIAN_INVENTORI VALUES('flcZOv','DnZh2','7DAgoWd8D28u',26419,11045);
INSERT INTO SILUTEL.PEMBELIAN_INVENTORI VALUES('uVhL1u','dnAJy1u6Pzm6dSQ','bjPb72j4t3M6lcSIAd8a',30458,13810);
INSERT INTO SILUTEL.PEMBELIAN_INVENTORI VALUES('Q7Lar3','8RaK7q3b2mw','LFPOKUQwGin69',28662,19934);
INSERT INTO SILUTEL.PEMBELIAN_INVENTORI VALUES('Uer5fC','eY','mNXGwBIb2',5722,26076);
INSERT INTO SILUTEL.PEMBELIAN_INVENTORI VALUES('FE6y7e','jfpePrTP5g7xkJz48','e71C3Ldcx4K1pw6',27715,25321);
INSERT INTO SILUTEL.STAF_MENGGANTI_INVENTORI VALUES('nwffOG','9tNq8tH04','oX9L3@ui.ac.id','2016-05-09 14:43:59',232,'nzDV09FEM58ebDebQDbwJQwGrbCzSN8MXAl3oYcfW8PcuLGO1adFEuLhgjniPytVc1te1mAEq3lAiwZAWppArbqKTHzfcIAWOA35nOnnlkhoAzNY2iwZjuHE7XudiPvWG6pm5AJci1s9YZQcg1OOhTOpYrn0E1cvaIRgcYOF8e8tSYmc8PC8M7JpnxVkL6zRl9jNLH');
INSERT INTO SILUTEL.STAF_MENGGANTI_INVENTORI VALUES('8VFcK7TX1','a7ZAR29NQUy7HH92mJbH','02Y@ui.ac.id','2016-05-12 8:49:3',13245,'BFrnNu2WplkBUFz1ul1h9dpSo9lt8xvSH4YOfdFGxnCM0teV8lvYApEoYALLjK87Afh3FgTzWXTXzat0F1L4f35hacECixO9ry27fyVThVojWtF0Ff16m3n0prtgvQcRqIKv75tFARtQlNTK1eEvleVOZcH2NMz5wDsfxbuUMV');
INSERT INTO SILUTEL.STAF_MENGGANTI_INVENTORI VALUES('8RaK7q3b2mw','LFPOKUQwGin69','02Y@ui.ac.id','2016-04-16 21:2:20',21526,'KKcnc9lx4lN4YpXPPXOx99YpBjvYFe6SxttFNrXvNqggA5bgVHNPVSt7JAEl0PQfBrLDJL4OyGOxmksREPyilUzZGuH7zxAGbYk3yeu5bRnfZqSZ1B3muJ7usamDabRZXfgApu3qejVcBWTjYit0uCBD9GFc');
INSERT INTO SILUTEL.STAF_MENGGANTI_INVENTORI VALUES('nwffOG','9tNq8tH04','UXeSsAnjyxQZA9VDz@ui.ac.id','2016-04-16 17:43:43',9908,'BJH8JXfLFTs05BjikSaWNJvB25');
INSERT INTO SILUTEL.STAF_MENGGANTI_INVENTORI VALUES('TVLemu7NGt','vzCT9','UXeSsAnjyxQZA9VDz@ui.ac.id','2016-04-01 23:19:58',10103,'qS9GhaSDrn7P8FIGCqcGTTwmvtuPhirXbZliAXkrJDIrNYiOWN');
INSERT INTO SILUTEL.STAF_MENGGANTI_INVENTORI VALUES('ku8OBuaytX','U','NvyWkmZI0@lalala.com','2016-04-02 23:51:18',10933,'zBEsfrj0kG0S6j9OY8SWtwLIr12aAu1YVxZSbajjZ5DaCPhKVTKFfkHut22BPz2a4sD');
INSERT INTO SILUTEL.STAF_MENGGANTI_INVENTORI VALUES('nwffOG','9tNq8tH04','02Y@ui.ac.id','2016-05-28 10:25:18',14418,'zgTcg84Khd5moXEjmcZoxpWU494YqxX79uDIkt9rGElHlAkxXnxAhoZazFieR38JszpUUI7fLR5M6YNevLhsjw6WCKV9slpNak30DADaSMRySMnxfoNFjtmpoRsNSLROFOMBRU');
INSERT INTO SILUTEL.STAF_MENGGANTI_INVENTORI VALUES('8mzV','AQfBocSa6C','xznAXBSfa@ui.ac.id','2016-04-09 7:33:36',8875,'hKbRub13B8oLLVbfkeehjfNIlJPxw8jktZqlyMucIeVM1bBGkPd6FztxQAcsxVtZcgVJ25YtGkzorNQHgfD');
INSERT INTO SILUTEL.STAF_MENGGANTI_INVENTORI VALUES('ePeH67kpMpmB0','kaDS6wbA9hMmoAIlqNO','n6hk0y9iXrmJQJhYK10@lalala.com','2016-05-02 0:34:33',15054,'v2fA5kHAMtD7uKIutpd4jJTImBiVKV054kCvrXsKmeEt0FUGaPzaTCy6ePM2HNTaJjAfslXJB3NK1czwPF3LbHZFoPffcxpINTfd6iRg1vuDitiPfbLokgxeZQZj2FFGeOh5QLsmQRSNj47LLVkWZgT2vYp2irVNnGVGhHAAG9Rdmumjhxyx4Bzr7nZvk4Rg3jjx');
INSERT INTO SILUTEL.STAF_MENGGANTI_INVENTORI VALUES('IjwiHLLlWdHJQKlVkly','T2LeWms5','Ckr9PSUeGIc@lalala.com','2016-04-24 9:12:35',16968,'azxo9YyuscC7QtYiN218FdB4hQ3RGlmMBUB5E4FgUTNgJCDnMZm6z2Y5GxcAOFBx1sZvx1nbund7qeCQr7aTin7QowcgiorKWQP2w63vSAJS94XXlhVh73CLNTQ4bSQ4yuVAvKCIJiGqL5XsGs2ySfKvkcIa3uoeU95pgxZGzWEXk5');
INSERT INTO SILUTEL.STAF_MENGGANTI_INVENTORI VALUES('B0yR','GIb','Ckr9PSUeGIc@lalala.com','2016-05-19 5:7:20',18212,'SJ4twOurWALkAVC8KDGBVIau6GcBPkJj1J9hz39Epkxtl04ZWgDVf7xbCflkDAUbFbKEIQOtxDo3SJ0mhbhIEkmLDfqnaUiLSv3jO19tSaY0YYIC');
INSERT INTO SILUTEL.STAF_MENGGANTI_INVENTORI VALUES('XPmD0run','7E','Ckr9PSUeGIc@lalala.com','2016-05-21 6:14:41',4919,'M7vXNCWt');
INSERT INTO SILUTEL.STAF_MENGGANTI_INVENTORI VALUES('KfVouOM52','JYYOs','JpE6m@foo.bar','2016-04-17 18:18:26',25576,'fo2bMcbFh8ehvFDtbimWgZar3vslpwEXiWNCtp730wpGFCvncx30DLwTOkaIgfUeXflCvozW9lozlamVUTDa1');
INSERT INTO SILUTEL.STAF_MENGGANTI_INVENTORI VALUES('j1SYLp5HQVx0toJFylT','0','qHlqWS3Qkaj@foo.bar','2016-04-17 9:44:16',31009,'yCYJcwXDLXtK6DONuWbRMYlpT6wV1TWr4Ut0zpZFdzy7x3cIb7k74Z6NHCIbw3zY45vRY5TANJZBrUDe24GYnXKnNIh4WZDddUh84fziLoVmi2GmgyKuhCRi24Gal0hY7VTu33PquYFZfiIk8oGGDGwoiPpj3vTvofh1Pivc2Iz4I6IAXEf0ASg');
INSERT INTO SILUTEL.STAF_MENGGANTI_INVENTORI VALUES('PKfD8F3M1t','QFdpUXY2o9Hh2Hjca','SbdtGY3lJ47sdQ@ui.ac.id','2016-04-10 11:12:5',2740,'KsB0fuiczeeog4zwC17VddNeyyZ4sq7ohvLEuGh5qi29g1xxghR0681pAovCuVXIJnXfJJHP8X6i1c0fDJmO2yenieUVkUGM2KwWKiTh8ris6nUi39yOsO1r0Sa6z5gXbiW3QrrqrpdZFdHRDM6j1KYTfXoikeD4lb3zwCbTTRukpIu1MVdA');
INSERT INTO SILUTEL.STAF_MENGGANTI_INVENTORI VALUES('DCYsDbSC0bcunCCPmvuu','8sltSlWD9HWJiCtGKkj','Xk1yq@foo.bar','2016-04-03 20:48:20',503,'qibyToawR8lpDDdhlgUtcYTkJqL0boTJLagH0vUCrySR80LRrRlRSjkqP0');
INSERT INTO SILUTEL.STAF_MENGGANTI_INVENTORI VALUES('8mzV','AQfBocSa6C','02Y@ui.ac.id','2016-04-06 10:54:48',27519,'YbhrSkaI6pRJsJwCGivbd3xi14pRKjTlMHN0xYYvnjilOOD8WtIGk16LySwaFIpQdaq9ne9wKUF02sed4zX2zeLqNe4VHX4cSswvoAHoVsN4eFOj1i56');
INSERT INTO SILUTEL.STAF_MENGGANTI_INVENTORI VALUES('7xkLFHaGFKVlQVuKg7','B','YQ1eZ2Zjq5Jyk@foo.bar','2016-04-21 11:31:24',32014,'787qPhhS3OHenjntMEfJi2CtWu3CSpZscN6ZEEHBJhdrko6U3ey2KXz0OGpuVRPbMOKERFYdC1vbzD6gTPh9FCLQVUH2Nl28WHHSBsOXgCqYTcIYvjH1PRYmcOjq33HByQkQaL5OsSoScNG1uGwafq5wDdHVOE0nrBRJi5eU8t9YKTCCa0');
INSERT INTO SILUTEL.STAF_MENGGANTI_INVENTORI VALUES('TVLemu7NGt','vzCT9','02Y@ui.ac.id','2016-04-09 8:52:12',26333,'4hLHSCKElEhmpW18VNFoY4hQ72j0o5StarqxKaKX1RXRZ9agwUEwlsdSHrqSlLLREiaieCbtXAc6khLUKexYq05ZcBprqmidDF72c4ZAMIMXj9uEmjsETzYRNymPf41h1DrgQEIGMu9mtSZ9');
INSERT INTO SILUTEL.STAF_MENGGANTI_INVENTORI VALUES('xPtpGRONFTRy1','sHAWHuwwFxS5QJxXhd','3w9U6xKgA@foo.bar','2016-04-28 7:24:49',16418,'9M5LPCp0pXdida4I');
INSERT INTO SILUTEL.STAF_MENGGANTI_INVENTORI VALUES('TVLemu7NGt','vzCT9','xznAXBSfa@ui.ac.id','2016-04-15 0:48:11',14277,'5shfOMANNXH44bwuQATtfBDUyRIrgWyVxb');
INSERT INTO SILUTEL.STAF_MENGGANTI_INVENTORI VALUES('QMTlqJsUF05n9g3WBd','lw7h9ZwbCF7FHB2','icF@lalala.com','2016-04-27 2:31:51',16325,'dUnJzR8ABmM2ewLUbFATZGjV3uz1eZD7QJktz72Oh7zKW9b47MBWjwHWkluEPohZZZC3ToV7RuP6qTavYMeLUtPQCyIwIExDIo4gKXhPjD70lAaE5tHXJnE4VtC');
INSERT INTO SILUTEL.STAF_MENGGANTI_INVENTORI VALUES('Y2uHlbT','6tj3Ob','sIjlDdoANTWkFlaqanUw@ui.ac.id','2016-05-17 6:52:32',15559,'HV9f5Hdk6LZAkJjbFru39XFNvR90LfdGx9IZi343kbAQ3JYVYPoUkSGzN7XrNktLk');
INSERT INTO SILUTEL.STAF_MENGGANTI_INVENTORI VALUES('pWkdv8NKvfLMi2qv','Yo6X7','JpE6m@foo.bar','2016-04-25 12:23:22',21656,'XdQASVqlayLnAPqA8nU');
INSERT INTO SILUTEL.STAF_MENGGANTI_INVENTORI VALUES('0','Dow3WPiK8nn4','3w9U6xKgA@foo.bar','2016-04-28 20:52:29',28514,'GlSEwIoF8hOh8OugIobXxGTq5Wh9ueDoBHN8m7xCft9pJiZAcX4mAENQ0kDO1uDMB0uTmQuoQmsZJh0BjOchAMtrsecccv0yhARoMkHuVoURAHvp');
INSERT INTO SILUTEL.STAF_MENGGANTI_INVENTORI VALUES('8OW8rA3m7Oiykq1','Kvq18q50vR8dygSd72jY','YQ1eZ2Zjq5Jyk@foo.bar','2016-04-07 17:36:49',28,'xSXs6rjcMbRJgn1ZfnGjhhtMWF0zJ7WOtzejElmK07b6s94YZWXN');
INSERT INTO SILUTEL.STAF_MENGGANTI_INVENTORI VALUES('3MPpIpCYQH6dUXLs7StF','DrfqYi49BN1JL','NvyWkmZI0@lalala.com','2016-05-24 15:8:15',9173,'xizBXuUtHS9JpnYMJfr7Xhe8Ci7GI');
INSERT INTO SILUTEL.STAF_MENGGANTI_INVENTORI VALUES('ku8OBuaytX','U','JpE6m@foo.bar','2016-04-27 10:45:3',11067,'hAZnQZY9');
INSERT INTO SILUTEL.STAF_MENGGANTI_INVENTORI VALUES('8mzV','AQfBocSa6C','h@foo.bar','2016-05-30 3:44:4',28237,'ViqottBlZgqCW4mAY5kLNVPhIYZgialmrb0MzHhqxt621yVZQNZNDjjriy830MbdaV2M4D4SD0wKzpePvc');
INSERT INTO SILUTEL.STAF_MENGGANTI_INVENTORI VALUES('N0gsD2sfRmHEEAX4sPc','tb','zXnL1Yv@lalala.com','2016-04-02 14:37:33',32414,'eb8txhhZ7GJxeMX07g9vcmCLSf8gHmoJSYQurA7S6gTaiCFJL4ZbQVVFSwZQwEPgKeTNDcdawCNvvF5syL60IByxFLm0rw6DsSEd1gSOb1VdvMeRr1OH2VkfiCmaiWdHku61PYbtRhqrvRMxmOAR6DhsDl4HnB2tNCYJfWMPFbQenTN5u58XcdUhP2fe4h6pbtXGEwlx');
INSERT INTO SILUTEL.STAF_MENGGANTI_INVENTORI VALUES('hMpu66COS9','sP52jqvTf3pVjE1v','ppGsD9JSeW9oQqriEod@lalala.com','2016-04-26 12:52:10',1672,'8sfmeSZonWlTFIHwxzQTaFGg1tLef5nRV8');
INSERT INTO SILUTEL.STAF_MENGGANTI_INVENTORI VALUES('2H06QC0f9RPYNhbZgLQ','78kOZ','xznAXBSfa@ui.ac.id','2016-04-15 17:58:37',31014,'pd65PzImd6RH9XqtdUJ3DiAH7865hywuYApZ1hyXFQwfJ9nFRzswReyb13yaKFsuDE8H6xUQ2ZyVB5yBYMXpOgbTtlTZlIEfENYEGD5quyOR9mGGVYZwUG8gYLUYVq3KpQdOdUlte');
INSERT INTO SILUTEL.STAF_MENGGANTI_INVENTORI VALUES('B0yR','GIb','NvyWkmZI0@lalala.com','2016-05-01 18:21:12',1304,'wuypgpi8aHvj8SJHXfSi72c2agaYVApaSzFVBl8T1DAJ2o8XGn1H6VMT9dqkZ7jUm2tsUI1OKPgE3Uiyn');
INSERT INTO SILUTEL.STAF_MENGGANTI_INVENTORI VALUES('dDvv6BhfcEfSajCVRNm','JBr9q8eIXslem','3w9U6xKgA@foo.bar','2016-05-11 21:51:26',96,'OwvvFLNSSOjFHJ5fJYVHNXdGjSBxS4cqWFgVcvYHIkGyWS8qqBmIr7k0AGKqHuldyGMlVIitF17bQEE7tjsgjECqz8xxnZ0C2m7RpNJEoSfiq2InjWyXWtaYr1kPHGDzx7iKFGcxQksQzSgydnOv2JwG4s2Qm');
INSERT INTO SILUTEL.STAF_MENGGANTI_INVENTORI VALUES('gDS08O3hY5OzT4','l7q7sQ4CLz3oLDL','JpE6m@foo.bar','2016-04-23 13:5:26',30281,'lpIDJZxZihwKgS4hN821MmpWSTFygcriQ');
INSERT INTO SILUTEL.STAF_MENGGANTI_INVENTORI VALUES('2H06QC0f9RPYNhbZgLQ','78kOZ','zXnL1Yv@lalala.com','2016-05-02 19:0:3',20306,'AUDhKrrVydhlR4AAjHR25Xcsmcnj6AJzT64uH2gK8DsVIhv2qNFa5OaJWpbS');
INSERT INTO SILUTEL.STAF_MENGGANTI_INVENTORI VALUES('ku8OBuaytX','U','9CcEeXXCM0RBYbairI@foo.bar','2016-05-30 8:16:16',30516,'G6Ei5qpUTw');
INSERT INTO SILUTEL.STAF_MENGGANTI_INVENTORI VALUES('TVLemu7NGt','vzCT9','9CcEeXXCM0RBYbairI@foo.bar','2016-04-27 0:27:53',17622,'qGs8DwlIK845nVVTeQYIUPuZ8ba5zrBNaUgF1FGcBpVWAiDhTBtt4TE8WklIUNnI2oVvyyCX5BC8dEl9pMtOt4hUyPJixro70SHpA2vWnfcg1frP484l');
INSERT INTO SILUTEL.STAF_MENGGANTI_INVENTORI VALUES('jAwWxg','VTe','IM4NJRB50nVN9Td9nnF@foo.bar','2016-04-12 17:9:31',22615,'ZYNar6Gm1cuaomAiZhR3iVpJns5Z7pVzXnnUx71UjH6BR2TsMV7Dwr027AInMeAHSLdSLCJSAmXA5C7CpPf8FxVjQiM6QdO5lJgfeYAhPb');
INSERT INTO SILUTEL.STAF_MENGGANTI_INVENTORI VALUES('8VFcK7TX1','a7ZAR29NQUy7HH92mJbH','UXeSsAnjyxQZA9VDz@ui.ac.id','2016-04-06 20:27:28',23948,'b9aWZYhY2VwH4YykFojy1ch5XTlDhIFCJ2Ro1j6TTocHaWCzavUBqOLCwg77eDnUoEMI6oAWdwWeJ6elzqyxi2FZj5tfzpqtEOW6a0gtcs1viOBlXNLvV7mVhSC8aI5Qd2cKtjlTpp0bxaqLl9H6hnDyVyfjtMzoTupQ6rlqBOqcoQ06WeXURkzg9');
INSERT INTO SILUTEL.STAF_MENGGANTI_INVENTORI VALUES('YI1e2qMaWcnbHK','E4lNNTpeFLTjryEUQSh','YQ1eZ2Zjq5Jyk@foo.bar','2016-04-14 17:20:30',7081,'iIHtdxMuZZcdYbzY28geTRWCjqRQ0Amc2m34WJ6KujDo4xrU');
INSERT INTO SILUTEL.STAF_MENGGANTI_INVENTORI VALUES('0','Dow3WPiK8nn4','Ckr9PSUeGIc@lalala.com','2016-05-19 9:14:34',28556,'H5AfOVx5JN4ka5A8MrGllzUkmLg8kocClA6PbQh7ltHbXyMV0WF7amSzwg3iMYgaQahbkoQznNyvfkwWAaz5boT1ecFqLCRpHUC9jUmRolS0us97HvVvlHxWU9WnPKi3gzmZX537');
INSERT INTO SILUTEL.STAF_MENGGANTI_INVENTORI VALUES('4noXhOha79qEL','RcY8TZUgBm6','sIjlDdoANTWkFlaqanUw@ui.ac.id','2016-05-21 23:11:39',23543,'I2DC5XSPPAVQOthUefheehfi2kqelv1Tsfk4BHjGPZ9A');
INSERT INTO SILUTEL.STAF_MENGGANTI_INVENTORI VALUES('4noXhOha79qEL','RcY8TZUgBm6','dspBSfhEw1Rw@foo.bar','2016-04-27 23:45:47',803,'DP7rQEzUwD9UiGI1Fc1snlPk9LbYtMQlzJQY4kLMCfZip05lDBiojvuirNYtf3VfTRY8aa6ZtbNnSTChagI9a7hXOSp4bNJHnzg85Yvjf44I3VRZD7F7EBMFvFR6DPpTWN3TlXjleQDigQLpMsY');
INSERT INTO SILUTEL.STAF_MENGGANTI_INVENTORI VALUES('jfpePrTP5g7xkJz48','e71C3Ldcx4K1pw6','3w9U6xKgA@foo.bar','2016-05-10 3:6:39',17029,'n4wNuZlh0hisCDEFTo0pMwtBqKM8KqcLvgzp2CfpenjeXMlzNX1Xl9eHVtaDJxZQ2bzvJ8fJAsr9JsZJzAGuH8jqKVtZ8bKFxz5KpoB22dj');
INSERT INTO SILUTEL.STAF_MENGGANTI_INVENTORI VALUES('j1SYLp5HQVx0toJFylT','0','ppGsD9JSeW9oQqriEod@lalala.com','2016-05-12 12:28:39',24464,'Pc5tpw4sx2s34K8wrgE9ZNdJVYcQyO6SWxNLQRio4pMhZN1mUrKNRJ9GJX8azLVeVnwo3gAY5kr9erFPYQnoVbuI2BKgSf');
INSERT INTO SILUTEL.STAF_MENGGANTI_INVENTORI VALUES('hMpu66COS9','sP52jqvTf3pVjE1v','h@foo.bar','2016-05-24 16:3:42',13959,'4TKUgGbkwrQEhhH2HhNhrFMWFD7h839wMjy76DCFFJ85u');
INSERT INTO SILUTEL.STAF_MENGGANTI_INVENTORI VALUES('8VFcK7TX1','a7ZAR29NQUy7HH92mJbH','sIjlDdoANTWkFlaqanUw@ui.ac.id','2016-04-10 14:4:53',7349,'kQ06xf6itRzR6RrXfRLu2OU6ctkRH1lIVO6LDHfXgg3odwrbk16wmwydUpGG3Q93Grxw7iUAzD8QiTlCAsDlzkPbyBYsosPdUXt4r2MFsYQIwsZwfovMFZeheDvOq8KuFHxYzD8TVDscIsGuhiBxa0V2IlU7ppBeHXYwzz7PFK');
INSERT INTO SILUTEL.STAF_MENGGANTI_INVENTORI VALUES('pWkdv8NKvfLMi2qv','Yo6X7','02Y@ui.ac.id','2016-04-26 12:4:30',4343,'a1Jzhyridd23aINbrteob03SkQLEkHiPEwVW85lwrdfow7Q6oYKcXm33HbX53Y6r');
INSERT INTO SILUTEL.STAF_MENGGANTI_INVENTORI VALUES('3MPpIpCYQH6dUXLs7StF','DrfqYi49BN1JL','icF@lalala.com','2016-05-15 19:58:53',17493,'3JPI8hqyu2Rmk4a79hymscMWufGj69uKSlbcJdh0eLTPwiQufftx1ZcO37LQ2QsF6k9rV41A162lX0Okxngnz4lvkYsPgmCr9QeGgyWq4qArdJxH49Nk9a5og');

INSERT INTO SILUTEL.USER VALUES('laundry@lalala.com','saya staf laundry','jalan laundry no x','laundry','LA');
INSERT INTO SILUTEL.USER_TELEPON VALUES('laundry@lalala.com','08123123123');
INSERT INTO SILUTEL.STAF_LAUNDRY VALUES('laundry@lalala.com',100);

INSERT INTO SILUTEL.USER VALUES('inventori@lalala.com','nama = inventori','jalan inventori no x','inventori','IN');
INSERT INTO SILUTEL.USER_TELEPON VALUES('inventori@lalala.com','08123123456');
INSERT INTO SILUTEL.STAF_INVENTORI_KAMAR VALUES('inventori@lalala.com',100);

INSERT INTO SILUTEL.USER VALUES('manager@lalala.com','the manager','jalan manager no x','manager','MG');
INSERT INTO SILUTEL.USER_TELEPON VALUES('manager@lalala.com','0808080808');
