CREATE SCHEMA SILUTEL;
SET search_path TO SILUTEL;

CREATE TABLE SILUTEL.USER (
	Email VARCHAR(35) NOT NULL,
	Nama VARCHAR(35) NOT NULL,
	Alamat VARCHAR(100) NOT NULL,
	Password VARCHAR(20) NOT NULL,
	Role CHARACTER(2) NOT NULL,
	PRIMARY KEY (Email)
);

CREATE TABLE SILUTEL.USER_TELEPON (
	Email VARCHAR(35) NOT NULL,
	Telepon VARCHAR(20) NOT NULL,
	PRIMARY KEY (Email, Telepon),
	FOREIGN KEY (Email) REFERENCES SILUTEL.USER(Email) ON DELETE CASCADE ON UPDATE CASCADE
);

CREATE TABLE SILUTEL.STAF_LAUNDRY (
	Email VARCHAR(35) NOT NULL,
	Lantai SMALLINT NOT NULL,
	PRIMARY KEY (Email),
	FOREIGN KEY (Email) REFERENCES SILUTEL.USER(Email) ON DELETE CASCADE ON UPDATE CASCADE
);

CREATE TABLE SILUTEL.STAF_INVENTORI_KAMAR (
	Email VARCHAR(35) NOT NULL,
	JamTerbang SMALLINT NOT NULL,
	PRIMARY KEY (Email),
	FOREIGN KEY (Email) REFERENCES SILUTEL.USER(Email) ON DELETE CASCADE ON UPDATE CASCADE
);

CREATE TABLE SILUTEL.LAUNDRY_STAF_LAUNDRY(
	EmailStaf VARCHAR(35) NOT NULL,
	Waktu TIMESTAMP NOT NULL,
	Total INTEGER NOT NULL,
	PRIMARY KEY (EmailStaf, Waktu),
	FOREIGN KEY (EmailStaf) REFERENCES STAF_LAUNDRY(Email) ON DELETE CASCADE ON UPDATE CASCADE
);

CREATE TABLE SILUTEL.TAMU(
	Id VARCHAR(20) NOT NULL,
	Nama VARCHAR(35) NOT NULL,
	Alamat VARCHAR(100) NOT NULL,
	PRIMARY KEY (Id)
);

CREATE TABLE SILUTEL.TAMU_TELEPON(
	IdTamu VARCHAR(20) NOT NULL,
	Telepon VARCHAR(20) NOT NULL,
	PRIMARY KEY (IdTamu, Telepon),
	FOREIGN KEY (IdTamu) REFERENCES TAMU(Id) ON DELETE CASCADE ON UPDATE CASCADE
);

CREATE TABLE SILUTEL.INVOICE(
	NomorInvoice CHAR(6) PRIMARY KEY,
	TanggalDatang TIMESTAMP NOT NULL,
	TanggalPergi TIMESTAMP NOT NULL,
	Jumlah SMALLINT NOT NULL,
	IdTamu VARCHAR(20) NOT NULL,
	Discount INT NOT NULL,
	Total INT NOT NULL,
	FOREIGN KEY (IdTamu) REFERENCES TAMU(Id) ON DELETE CASCADE ON UPDATE CASCADE
);

CREATE TABLE SILUTEL.TIPE_KAMAR(
	Nama VARCHAR(20) PRIMARY KEY,
	Kapasitas SMALLINT NOT NULL,
	Deskripsi VARCHAR(100) NOT NULL,
	Harga INT NOT NULL,
	JumlahRuangan SMALLINT NOT NULL
);

CREATE TABLE SILUTEL.KAMAR(
    Nomor SMALLINT NOT NULL,
    Lantai SMALLINT NOT NULL,
    NamaTipeKamar VARCHAR(20) NOT NULL,
	PRIMARY KEY (Nomor, Lantai),
	FOREIGN KEY (NamaTipeKamar) REFERENCES TIPE_KAMAR(Nama) ON DELETE CASCADE ON UPDATE CASCADE
);

CREATE TABLE SILUTEL.INVOICE_KAMAR(
    NomorInvoice CHAR(6) NOT NULL,
    NomorKamar SMALLINT NOT NULL,
    LantaiKamar SMALLINT NOT NULL,
    PRIMARY KEY (NomorInvoice, NomorKamar, LantaiKamar),
	FOREIGN KEY (NomorInvoice) REFERENCES INVOICE(NomorInvoice) ON DELETE CASCADE ON UPDATE CASCADE,
	FOREIGN KEY (NomorKamar, LantaiKamar) REFERENCES KAMAR(Nomor, Lantai) ON DELETE CASCADE ON UPDATE CASCADE
);

CREATE TABLE SILUTEL.INVENTORI(
	Nama VARCHAR(20) NOT NULL,
	Merk VARCHAR(20) NOT NULL,
	Stok SMALLINT NOT NULL,
	PRIMARY KEY (Nama, Merk)
);

CREATE TABLE SILUTEL.INVENTORI_TIPE_KAMAR(
	NamaTipeKamar VARCHAR(20) NOT NULL,
	NamaInventori VARCHAR(20) NOT NULL,
	Merk VARCHAR(20) NOT NULL,
	Jumlah SMALLINT NOT NULL,
	PRIMARY KEY (NamaTipeKamar, NamaInventori, Merk),
	FOREIGN KEY (NamaTipeKamar) REFERENCES TIPE_KAMAR(Nama) ON DELETE CASCADE ON UPDATE CASCADE,
	FOREIGN KEY (NamaInventori, Merk) REFERENCES INVENTORI(Nama, Merk) ON DELETE CASCADE ON UPDATE CASCADE
);

CREATE TABLE SILUTEL.LAUNDRY_INVENTORI(
	Nama VARCHAR(20) NOT NULL,
	Merk VARCHAR(20) NOT NULL,
	EmailStaf VARCHAR(35) NOT NULL,
	Waktu TIMESTAMP NOT NULL,
	Jumlah SMALLINT NOT NULL,
	HargaSatuan INTEGER NOT NULL,
	TanggalAmbil TIMESTAMP NOT NULL,
	PRIMARY KEY (Nama, Merk, EmailStaf, Waktu),
	FOREIGN KEY (Nama, Merk) REFERENCES INVENTORI(Nama, Merk) ON UPDATE CASCADE ON DELETE CASCADE,
	FOREIGN KEY (EmailStaf, Waktu) REFERENCES LAUNDRY_STAF_LAUNDRY(EmailStaf, Waktu) ON UPDATE CASCADE ON DELETE CASCADE
);

CREATE TABLE SILUTEL.SUPPLIER(
	Nama VARCHAR(35) NOT NULL,
    Alamat VARCHAR(100) NOT NULL,
    Email VARCHAR(35) NOT NULL,
    PRIMARY KEY (Nama)
);

CREATE TABLE SILUTEL.SUPPLIER_TELEPON(
    Nama VARCHAR(35) NOT NULL,
    Telepon VARCHAR(20) NOT NULL,
    PRIMARY KEY (Nama, Telepon),
    FOREIGN KEY (Nama) REFERENCES SUPPLIER(Nama) ON UPDATE CASCADE ON DELETE CASCADE
);

CREATE TABLE SILUTEL.PEMBELIAN(
    NomorNota CHAR(6) NOT NULL,
    Waktu TIMESTAMP NOT NULL,
    NamaSupplier VARCHAR(35),
    EmailStaf VARCHAR(35),
    PRIMARY KEY (NomorNota),
    FOREIGN KEY (NamaSupplier) REFERENCES SUPPLIER(Nama) ON UPDATE CASCADE ON DELETE CASCADE,
    FOREIGN KEY (EmailStaf) REFERENCES STAF_INVENTORI_KAMAR ON UPDATE CASCADE ON DELETE CASCADE
);

CREATE TABLE SILUTEL.PEMBELIAN_INVENTORI(
    NomorNota CHAR(6) NOT NULL,
    Nama VARCHAR(20) NOT NULL,
    Merk VARCHAR(20) NOT NULL,
    Jumlah SMALLINT NOT NULL,
    HargaSatuan INTEGER NOT NULL,
    PRIMARY KEY (NomorNota, Nama, Merk),
    FOREIGN KEY (NomorNota) REFERENCES PEMBELIAN(NomorNota) ON UPDATE CASCADE ON DELETE CASCADE,
    FOREIGN KEY (Nama, Merk) REFERENCES INVENTORI(Nama, Merk) ON UPDATE CASCADE ON DELETE CASCADE
);

CREATE TABLE SILUTEL.STAF_MENGGANTI_INVENTORI(
    Nama VARCHAR(20) NOT NULL,
    Merk VARCHAR(20) NOT NULL,
    EmailStaf VARCHAR(35) NOT NULL,
    Waktu TIMESTAMP NOT NULL,
    Jumlah SMALLINT NOT NULL,
    Alasan TEXT,
    PRIMARY KEY (Nama, Merk, EmailStaf),
    FOREIGN KEY (Nama, Merk) REFERENCES INVENTORI(Nama, Merk) ON UPDATE CASCADE ON DELETE CASCADE,
    FOREIGN KEY (EmailStaf) REFERENCES STAF_INVENTORI_KAMAR
);

--1. Pada table INVOICE terdapat kolom ‘Discount’ dan ‘Total’. Nilai kolom ‘Discount’ diupdate bila sudah tercatat data tamu lebih dari 10x pada table INVOICE dan nilai ‘Total’ diupdate berdasarkan harga dari semua kamar yang dipesan setelah dikalikan diskon. 

CREATE OR REPLACE FUNCTION fill_discount() RETURNS TRIGGER AS
$$
    BEGIN
        IF (TG_OP = 'INSERT') THEN
            IF (SELECT COUNT(*) FROM SILUTEL.INVOICE WHERE idtamu = NEW.idtamu) >= 10 THEN
                NEW.total = (SELECT SUM(harga)
                                FROM invoice_kamar n, kamar k, tipe_kamar t 
                                WHERE n.nomorinvoice = NEW.nomorinvoice AND n.nomorkamar = k.nomor 
                                AND n.lantaikamar = k.lantai AND k.namatipekamar = t.nama);
                NEW.discount = 10;
            END IF;
        END IF;
        IF (TG_OP = 'UPDATE') THEN
            NEW.total = NEW.total - NEW.total*(NEW.discount/100);
        RETURN NEW;
    END;
$$
LANGUAGE plpgsql;

CREATE TRIGGER diskondiskon BEFORE INSERT OR UPDATE ON silutel.invoice FOR EACH ROW EXECUTE PROCEDURE fill_discount();

CREATE OR REPLACE FUNCTION hitung_total_invoice()
RETURNS TRIGGER AS
$$
BEGIN
  IF (TG_OP = 'INSERT') THEN
    UPDATE silutel.invoice SET total =
    (SELECT SUM(harga)
    FROM invoice_kamar n, kamar k, tipe_kamar t 
    WHERE n.nomorinvoice = NEW.nomorinvoice AND n.nomorkamar = k.nomor 
          AND n.lantaikamar = k.lantai AND k.namatipekamar = t.nama)
    WHERE nomorinvoice = NEW.nomorinvoice;

  ELSEIF (TG_OP = 'DELETE') THEN
    UPDATE silutel.invoice SET total =
    (SELECT SUM(harga)
    FROM invoice_kamar n, kamar k, tipe_kamar t
    WHERE n.nomorinvoice = OLD.nomorinvoice AND n.nomorkamar = k.nomor 
          AND n.lantaikamar = k.lantai AND k.namatipekamar = t.nama)
    WHERE nomorinvoice = OLD.nomorinvoice;

  ELSEIF (TG_OP = 'UPDATE') THEN
    UPDATE silutel.invoice SET total =
    (SELECT SUM(harga)
    FROM invoice_kamar n, kamar k, tipe_kamar t
    WHERE n.nomorinvoice = NEW.nomorinvoice AND n.nomorkamar = k.nomor 
          AND n.lantaikamar = k.lantai AND k.namatipekamar = t.nama)
    WHERE nomorinvoice = NEW.nomorinvoice;

    UPDATE silutel.invoice SET total =
    (SELECT SUM(harga)
    FROM invoice_kamar n, kamar k, tipe_kamar t
    WHERE n.nomorinvoice = OLD.nomorinvoice AND n.nomorkamar = k.nomor 
          AND n.lantaikamar = k.lantai AND k.namatipekamar = t.nama)
    WHERE nomorinvoice = OLD.nomorinvoice;
    
  END IF;
  RETURN NEW;
END;
$$
LANGUAGE plpgsql;

CREATE TRIGGER total_invoice
AFTER INSERT OR DELETE OR UPDATE
ON silutel.invoice_kamar FOR EACH ROW
EXECUTE PROCEDURE hitung_total_invoice();

-- Trigger 2 (Faisal)
--Pada table LAUNDRY_STAF_LAUNDRY terdapat kolom ‘Total’. Nilai kolom ini diperoleh dari informasi banyaknya inventori yang dilaundry pada table LAUNDRY_INVENTORI.

CREATE OR REPLACE FUNCTION hitung_total_laundry()
RETURNS trigger AS
$$
 BEGIN
IF (TG_OP = 'INSERT') THEN
 UPDATE silutel.LAUNDRY_STAF_LAUNDRY SET total =
 (SELECT SUM(jumlah)
 FROM silutel.LAUNDRY_INVENTORI
 WHERE emailstaf = NEW.emailstaf AND
       waktu = NEW.waktu)
 WHERE emailstaf = NEW.emailstaf AND
       waktu = NEW.waktu;
       
ELSEIF (TG_OP = 'DELETE') THEN
 UPDATE silutel.LAUNDRY_STAF_LAUNDRY SET total =
 (SELECT SUM(jumlah)
 FROM silutel.LAUNDRY_INVENTORI
 WHERE emailstaf = OLD.emailstaf AND
       waktu = OLD.waktu)
 WHERE emailstaf = OLD.emailstaf AND
       waktu = OLD.waktu;

ELSEIF (TG_OP = 'UPDATE') THEN
 UPDATE silutel.LAUNDRY_STAF_LAUNDRY SET total =
 (SELECT SUM(jumlah)
 FROM silutel.LAUNDRY_INVENTORI
 WHERE emailstaf = NEW.emailstaf AND
       waktu = NEW.waktu)
 WHERE emailstaf = NEW.emailstaf AND
       waktu = NEW.waktu;
       
 UPDATE silutel.LAUNDRY_STAF_LAUNDRY SET total =
 (SELECT SUM(jumlah)
 FROM silutel.LAUNDRY_INVENTORI
 WHERE emailstaf = OLD.emailstaf AND
       waktu = OLD.waktu)
 WHERE emailstaf = OLD.emailstaf AND
       waktu = OLD.waktu;
END IF;
 RETURN NEW;
 END;
$$
LANGUAGE plpgsql;

CREATE TRIGGER total
AFTER INSERT OR DELETE OR UPDATE
ON LAUNDRY_INVENTORI FOR EACH ROW
EXECUTE PROCEDURE hitung_total_laundry();

-- Trigger 3 (Sabiq)
-- Pada table INVENTORI terdapat kolom ‘Stok’. Nilai kolom ini diupdate setiap kali ada INSERT/UPDATE/DELETE sebuah PEMBELIAN_INVENTORI dan/atau INSERT/UPDATE/DELETE pada table STAF_MENGGANTI_INVENTORI

CREATE OR REPLACE FUNCTION hitung_pembelian_inventori() RETURNS trigger AS $$

BEGIN

IF (TG_OP = 'INSERT')
THEN UPDATE SILUTEL.INVENTORI SET stok = stok + NEW.jumlah
WHERE     nama = NEW.nama AND
        merk = NEW.merk;

ELSEIF (TG_OP = 'DELETE')
THEN UPDATE SILUTEL.INVENTORI SET stok = stok - OLD.jumlah
WHERE     nama = OLD.nama AND
        merk = OLD.merk;

ELSEIF (TG_OP = 'UPDATE')
THEN UPDATE SILUTEL.INVENTORI SET stok = stok + NEW.jumlah
WHERE    nama = NEW.nama AND
        merk = NEW.merk;

UPDATE SILUTEL.INVENTORI SET stok = stok - OLD.jumlah
WHERE     nama = OLD.nama AND
        merk = OLD.merk;
END IF;
RETURN NEW;
END;    
$$
LANGUAGE plpgsql;

CREATE TRIGGER jumlah_stok
AFTER INSERT OR DELETE OR UPDATE
ON silutel.pembelian_inventori FOR EACH ROW
EXECUTE PROCEDURE hitung_pembelian_inventori();



CREATE OR REPLACE FUNCTION hitung_staf_mengganti_inventori() RETURNS trigger AS $$

BEGIN

IF (TG_OP = 'INSERT')
THEN UPDATE SILUTEL.INVENTORI SET stok = stok - NEW.jumlah
WHERE     nama = NEW.nama AND
        merk = NEW.merk;

ELSEIF (TG_OP = 'DELETE')
THEN UPDATE SILUTEL.INVENTORI SET stok = stok + NEW.jumlah
WHERE     nama = OLD.nama AND
        merk = OLD.merk;

ELSEIF (TG_OP = 'UPDATE')
THEN UPDATE SILUTEL.INVENTORI SET stok = stok - NEW.jumlah
WHERE    nama = NEW.nama AND
        merk = NEW.merk;

UPDATE SILUTEL.INVENTORI SET stok = stok + NEW.jumlah
WHERE     nama = OLD.nama AND
        merk = OLD.merk;
END IF;
RETURN NEW;
END;    
$$
LANGUAGE plpgsql;

CREATE TRIGGER jumlah_stok2
AFTER INSERT OR DELETE OR UPDATE
ON silutel.STAF_MENGGANTI_INVENTORI FOR EACH ROW
EXECUTE PROCEDURE hitung_staf_mengganti_inventori();
--

INSERT INTO SILUTEL.USER VALUES('u7DJ1muEaiEaFyfP@lalala.com','vrIAlIqvjxPhFCCNNALXt','JsI8MXZ1z9c1tO1D7eALCWPoVbA7LSdki2MIqKrQ2SHXRrOUtR3qDcRIt4kpZPfD0ypZWFRib2729vYnK0xO7','hDGGAGmRcbOgq4HpvEsS','LA');
INSERT INTO SILUTEL.USER VALUES('wOfcNsuV@ui.ac.id','GyB48qKrn6PAS8WaQufNqjL','IlUx3MXaWjLNTWi2VITsynfh2FHMqyMB3YCQvvjEwKrz2P1vy','0yIZ023wiviK4q07a','LA');
INSERT INTO SILUTEL.USER VALUES('l7MXtiDQlOR@ui.ac.id','HaDyX4GVrxlv209ocW','ByjSUzrbIBvf45MZCcyEWAsXOpYCqqr7vVOaGlZWBFSnNUIk1QG4vgrdcNjV7BK6Flh','WM3GLrorxkEMmf8Dcww','DA');
INSERT INTO SILUTEL.USER VALUES('AqB8gUBt6nu@lalala.com','8jor0TMKm95w7zaURhbU','f9BPuqDV0DbH27xA8YUGw67GNJgCLJttRgvPpN227g1QlWgBRUKrLYfCgPWMF0v32Eb5E3gqkuSjSzE','zXNgdHkRWbpaVNwVk4','LA');
INSERT INTO SILUTEL.USER VALUES('c9YG5Knjo95uqq@foo.bar','lJmN8PCxfTG4afzVeEFLlvwYqY','qJ2qQb1zhQtHC7ttAhhCqx','F6dVnPijNOdfb63','IN');
INSERT INTO SILUTEL.USER VALUES('AeIlAG2XK@ui.ac.id','CoZTG94g4h98rx79zSHbiuqNf59wmyWAQ9','y8I9mK6B26nCUq9QdzY6nB3qCOpHOUhNRQI1jiU7rI8l2fUw35iBsQcDPP4NYokwXvX','4hZo7WriE3rLv','DA');
INSERT INTO SILUTEL.USER VALUES('GPe1WoO2Q3@ui.ac.id','m0mg8zUXYOsk','Dh36FgnPgMJwwUmfEqxsyqke8m6eIJmNodAupmWbszWePpmlchYnxWErJqvcyXWNWrF4M3cSilsIcxcqjzNeAtfKQxJEmcx7IksY','gdUEIsEZJzt','IN');
INSERT INTO SILUTEL.USER VALUES('YgnLlnc07i@ui.ac.id','8gaHRYx3Sx1PMG1eVe9qfC3SLilOcZw','LvSm3DrU5b6MrQRTgfvyw2WzY2d1IsUSvFCsRHXHL41xmODZfcpuEmk8rh3FUGotzYGCMgPy4jkQHNkpq0TTe6','nETrBz0kw','LA');
INSERT INTO SILUTEL.USER VALUES('vn@ui.ac.id','NI1yfoaxfN379Ng','Rc8hxvHfYQsjogEGDhTRAgKAMcRNQFCkpoq','VVM2Mmo3k9XaDmGNXP','LA');
INSERT INTO SILUTEL.USER VALUES('nK3xOjc9sNMWYbEl@lalala.com','07yHmvyGZHjTKGQZo38','EkWFpKw9Lgr7rJQIZycZSnQEPkh9pD52BdhYbacapWiQuIeLFdOsEzyU4fQUXd6nr99xIyjUnCB2IBIAcRCcD1cFv','97527d','DA');
INSERT INTO SILUTEL.USER VALUES('mvldno@foo.bar','tapaiSZRKa11DxbYI','Lxm3PSHvZJcaB56PJnPYiIcofMlMBrnLnH6WWhW4hRAuXNP3NgFFkZd4EH','qEiP','LA');
INSERT INTO SILUTEL.USER VALUES('jYM@lalala.com','ypB','PAAp7MwU9VjfScp0bXJkns7MQhuCcdqh55zcMRP0YQJ7rpNB8','hwGJ0kJKR59Lh1','LA');
INSERT INTO SILUTEL.USER VALUES('DnVeuPvqFmq8LFE05fH@lalala.com','3puzYOIvs3H5q7xSDjYrYJMC7YJ','QOV3kARsGKPK5DA1gaX9r8Eg8J6mXFSPLMcSriYis4FArhLinx3U41EdkA','GFTvS','DA');
INSERT INTO SILUTEL.USER VALUES('sMOIGbHTT3KjSgGB1@foo.bar','qrpxBJ5qela1Ls67HV3kowRQ54vqu','D6XpCqjYMpsfwryqbA3YxD5tC','Xqcl0iYeNQbkih0','IN');
INSERT INTO SILUTEL.USER VALUES('2HgEM4kEaDY@foo.bar','A1Fk8H9QhGVu','zXODTBjnTPplXY13','WAC','IN');
INSERT INTO SILUTEL.USER VALUES('CGYpZuW1CDSVOHvM@lalala.com','A8QWN4D2','yNEpsP57yBEUfRbQrEYbf','Eia7BRPawGY','IN');
INSERT INTO SILUTEL.USER VALUES('iV3iSVkUAjeNmbGO@ui.ac.id','zW','7vBISSsC4d7gCI7oPBpehSe27kKRECjqCkk7b3riNlXsMme3Vhrk6fzqwwVTJ5','h5UPzaEddEqAmF2flQEc','DA');
INSERT INTO SILUTEL.USER VALUES('V22TCK9oCA6ROxW@ui.ac.id','x8TsJsIJ0dYk2FxDX1q6KyK','vSs7bfE1fd6hPZxv1CQQtmX8cOGTOjqCu8eAb01A8RSPjXgXUyASsxQ4LbZsAvFnq8Icrea0Q49T9MRqPCfjJuWXA','8M6qPyRXFm58TZV8JZk','IN');
INSERT INTO SILUTEL.USER VALUES('c2UiduQ2@ui.ac.id','WOsYdzjxxuvsR','su7IE59zStCeVf1V50hm2Sheitk3MfXjNsAN7emp8Xx7NYzrovzm8NHu8DX','G1uN6c','IN');
INSERT INTO SILUTEL.USER VALUES('z@lalala.com','9GZc','pdNTFJrGlxCL747P8cEMQADBqSA9QZUbcyVcGuQp0C7','T0L','LA');
INSERT INTO SILUTEL.USER VALUES('FbhfyTp5bawtOrVUzBV@ui.ac.id','xY3Rq5PfLqRCvKTjondVcRB6SWJQ1XLXCfH','QXwNGFXeZoWk7tIN9choA70WHtb7JnhYcezNpf4EraQZRCrP8XvK','JAGX8C32VQh6U7cm3','LA');
INSERT INTO SILUTEL.USER VALUES('TnPCWHSExHnM@foo.bar','zrRRV','FaiFTNdQT2qizzSUY8mKYsOPDW2n6zR4pfyQ24rJL90SK8CxNLr','GQ8olNWe3EaAjL','IN');
INSERT INTO SILUTEL.USER VALUES('D9VzCjsvOYvmecA@ui.ac.id','O2EMpdnEjsD6nOy','xQiVPb6oyRluNcMBNGtSfQN8MknWCPwdofv5MMIHBiiULUURnRItJSEMJUnzH1RLBfHJznkAFlfTsQ4FoCe44RlfH5QbzeR5Ss','yT','LA');
INSERT INTO SILUTEL.USER VALUES('w1Ppsgx2b03Gbx@ui.ac.id','uVxld','OWZNW9XmnkK6S3I34hSKUG352AEtweKAM5qF9JIsQ65fCWzfSZVpvQc42HZ','rWQUF6V7KDiwsk6SV','IN');
INSERT INTO SILUTEL.USER VALUES('8KD37GeLiC40JOkc@lalala.com','KgsKulFiDvxru98j0bPgzh8kK','E0IPZE7gudLphmaf90LyOx4VwO','L8Eg146','LA');
INSERT INTO SILUTEL.USER VALUES('EnVicnH1HGvyC@lalala.com','aHGAqOYjeI2Hbr','zsoKgKFzvxvuAMQiz66UOCJJ5gb6vTcm72ShZywXaLHxuLXsoSiAqCm8VLqbHrNwmJO5ikxKim7vcfVk1GibcF','LqGsqTUesvKBwSF','IN');
INSERT INTO SILUTEL.USER VALUES('7O@ui.ac.id','VpyX2Uqurp4f','g7lJjUrMeYE','Kqlf3TSp94TaW','LA');
INSERT INTO SILUTEL.USER VALUES('3CCqUTMy9dli4ZChU9Wt@lalala.com','nYMq9qgh38QGGH8MEq0TuAn1zFAzSVZRF','k7uabDzLEZ1eg4yoqAseo9B7S8sLkS2','Jq','IN');
INSERT INTO SILUTEL.USER VALUES('0c7Ilc5LhzDit3sv@foo.bar','kBsnQCiUux3ojo9HUar','lwj6uzhg3RfWwyVnZ0E7o8qiTtZOHxDWllbWsLMfDY3R0NdHDztquTQwlzzGNAgfQJHgKYTa','evoZ8eGTMBrdlu','LA');
INSERT INTO SILUTEL.USER VALUES('3ED9VltHG7QjSCbZUTM@lalala.com','TO9rdRqT90DbK8hxaI7ZmxaJYxVXC','d1icD0sxuaRLTLjTDdB67qMCBFm4GqtBbYabeT6RjsPEWMKTkv9gZVK4duUaJ','91lTWcpKJ4','IN');
INSERT INTO SILUTEL.USER VALUES('mtWJKicL26yGY@ui.ac.id','xOcJCXmZDmGJ5HthblEUJB','mtSrOzfevvNJPQEUg8aeSHOltKtoqLeMvl','FP02','LA');
INSERT INTO SILUTEL.USER VALUES('wsrPQW@ui.ac.id','rbfqtwiwUv9ViB7iJpVUv55Qhe','FJT48jXJw9qBFbyfpQ','2rpXFn','IN');
INSERT INTO SILUTEL.USER VALUES('m9itKu@ui.ac.id','WM2fMqYDpIZ','n6E492XGajXPVR4FaSt8eSwAPSPe86Qizqob7kmjQouR5b','kLd7pLl2cmu6','DA');
INSERT INTO SILUTEL.USER VALUES('uW@foo.bar','2J2Bx6uSPG0U9zmNhFwVl','uIRM6JL04kwTgRPwfoDg2xh4WzkWwGY2c8yaPwS9Br3IC4ptKeh9GDJAstPAkM7A','2V9661Wzu','IN');
INSERT INTO SILUTEL.USER VALUES('KylB368@foo.bar','7wUBJH8Q2El8wYYhPxZI58I2wsDS9LLR','A7nroJytTStglDf9LDMZh','klpwYasgim','IN');
INSERT INTO SILUTEL.USER VALUES('k4wsZdS@ui.ac.id','gv8KltcU4O8PEvGfRe','ARdiD3PpUnBGqHuIvTaYLLSMxEUWYwYRRUNTuTeJxdUc5nGsXrFl','BQmy27Ve5y4F4j1k','DA');
INSERT INTO SILUTEL.USER VALUES('zKX1RMKJfhBPvFgiGj0@foo.bar','8Z7yAY60thUWNvAA5CRdYBiH','xOild4he9FX4zAON1vNtV51lSKWpTZFxM8656eVkuyWKTnQyy6bq','8EC3NZ','LA');
INSERT INTO SILUTEL.USER VALUES('nfSFpM@lalala.com','AfIJeBdCSNQhuoBr9bO8z','A27c6RfUuqecSVUkK1NnukW69VG9s3U0bkNM0sTDg2rfGFIpRLkI7ZuLXqCZyhkdsoutuPpYYLvyjYjg1','GX','IN');
INSERT INTO SILUTEL.USER VALUES('z5VZt8xOCZsQSu@foo.bar','GQc9NCgZaDP0','UPGjW','N3zE2L','IN');
INSERT INTO SILUTEL.USER VALUES('XnC@lalala.com','8wfvx1oUU9VXFdBXX','VBNJDDAeb8U9SJlffp145zj5d4BfCybTCyZoOOdQZ8TUeQfFHtbb4GjHT3ITsz8ZzeYdn8dyE2vadbeKD4zgpr29otUTafW9n','uFjCWIhZB0GMfa1T','IN');
INSERT INTO SILUTEL.USER VALUES('qH1OiedmmzOGJeI8@ui.ac.id','ovh','fFnVBWpx9Uo30N6oLPL3CwtaGGKPbNfyXzsn4t11tsQe1Q8Q6yMQlgPzgtq7xITfQJtIG42Tc','VfOIwn','DA');
INSERT INTO SILUTEL.USER VALUES('D3w0ila4LexWLIjQALK@ui.ac.id','3Ria2FZpyzw5LyzZW1AQhzAuI4HHEPf','COAkpPRPUfDi8CqUz8Fkrc8','hBZwwZ','IN');
INSERT INTO SILUTEL.USER VALUES('oXDUW@ui.ac.id','6P7rOhjba0kpW8helCMX4foNX','jFO2Up1UdFq5ulbYpptRtvx4EDjNVF9ap5hfLDmVUkswrBC7glDKGOnYleEtyTrPEjBF9RxuRPWpETx6Af9af','U6','IN');
INSERT INTO SILUTEL.USER VALUES('rwH2NGssmYxs1isg@lalala.com','0TXSbulinED','XRpvrMjArupdgwOV5NNhvUSVDLnSEFIArbCSvPtAJbcxwPb6b0GqAnOND6FI3lclRWziyytk4l1aUrYns6X5OW7s09sVW2','i1tduVFQ0SUmHgv1p','LA');
INSERT INTO SILUTEL.USER VALUES('EEpYFS6HNmW8bj@ui.ac.id','m','DLZPtl1oyJG6qAcrqubPsjeiWXioSzaWh3xBeltEmsuIYsPd2IvBJYSXQWCLBk','sU','LA');
INSERT INTO SILUTEL.USER VALUES('FHccFZj@ui.ac.id','0ObgoGrYU','h3tdZ0xHYl1Hw7x34KLrs7MK8mqj7WNIPPyn6WmCGQ1XDwTqH7u9gmHmbocBrOm','kk9AzVGW0r23u5wltz0','IN');
INSERT INTO SILUTEL.USER VALUES('ig9cKwYOwxiRl4z9IDb@ui.ac.id','c6di','zpr2WceaxYiOSvqTagHhx2pdJFTB9dyAo5UQZPSwK0BWwj9GXQWElh9y1jAvWOG9EBUIW6AMeblzG7dWJa','I','DA');
INSERT INTO SILUTEL.USER VALUES('A7R9wJ9dD@foo.bar','5cl8x6Q5QSix1SXAFPMGcZThN7XbAJ1','Wk92yb7VCbqMKrQYfiJiqDr9VnFzC3yUDKiVZIF9sbaXdBLVPZifvc45HPyu21TySYybG','lkFHlJgIKcK','LA');
INSERT INTO SILUTEL.USER VALUES('5TAgN2ZvVT9eBRFti@lalala.com','PR6Iao70ZOJdYNnaYgQcV1gamsNcWud3V','jybX8OD9o7omuL6L2QWeWOVse68Vts0Aob6Q3vdWoV7yLlQUoHIIkkqjpd3TGJysvRMgI5T2LnGHD3zJ','PizNECMCssg','LA');
INSERT INTO SILUTEL.USER VALUES('0MFJ5gbIC8FNs30T@lalala.com','MPNNcQpAxdgYytIBFiQWOwh3LvIZiXR','li9fCIa6rnze5heNaxIRRtp4zIyGauWFBBLSqj0WYdrv87gWcn30UjPl0WQ','VeosQVUOpYGWlyt9xujh','IN');
INSERT INTO SILUTEL.USER VALUES('YMoExVIQx9tivYhc@ui.ac.id','ufCd','fqi4ZBvkzyaHeK8gtRRxbQOPNDexxp3qoKrpi7Xy2wRX6b3KT3ptxZRHNf3x','UUd7WqQi','LA');
INSERT INTO SILUTEL.USER VALUES('amqX7VTIiAZc@lalala.com','8d','u1yxzdGKocm9','BGOl4PMaUyZbfeYqo','DA');
INSERT INTO SILUTEL.USER VALUES('KvhIxSuzi@ui.ac.id','Atz3BXNEOp8z','R5bysb26iSgqJfjIsgq9LHCNFyvH5mZFvXSmA3m','c1gXHLE6J4nMsc','LA');
INSERT INTO SILUTEL.USER VALUES('QxLk@lalala.com','KB3Gkekrf1bsfEz','bmW7BjKs8tnlRx6P9ThSwLLOKaqA6YraQL2YzAW4JNQesicQNT','Lmb8','IN');
INSERT INTO SILUTEL.USER VALUES('AtWRUO@foo.bar','2YDpM','VpXOoDbvfxwA49Bg82MKDbhBIFXiXx1oTLix372xyHMrhbVsbcbzG3zeG88k9','l7dqAuR','LA');
INSERT INTO SILUTEL.USER VALUES('rvk4icW1rmr5si7hiH@lalala.com','YFvLQtLcBZXi6M','9ZYZgdApHJkSugXcVvGrET4fWacFDi7Im3iUcSwKLeqacbnZwk5pT2ACdw85g71SMZJh0zDll2Os4kEMt3o','3iIaaSedWS','LA');
INSERT INTO SILUTEL.USER VALUES('kyrYhOZQRQr@lalala.com','lEGo','WuZBT9hCpaaPGoLt7SRM7Rh934DA80WSyzWpnudAeLc0oLrvMfUi8Tl08u2sLYfzzxk6G7fErKXIbEDgogceaO','P','LA');
INSERT INTO SILUTEL.USER VALUES('O9gaR0a9@ui.ac.id','U408pactz5ZxNifFrBMlJXPQVIXs','nqLYEyTGLtf5QsJKU2dMW4r0Yn3yOm1jufqOfvuJ78VGvDjtWltrtuCdeKndE6UtM0FtMcH2piqmLqP5Nq8jyLxo6DXU3','3UIztkEFaZ8lWlVX','IN');
INSERT INTO SILUTEL.USER VALUES('8@ui.ac.id','kYld91acF96FtjjIcjt2PWx1VYhVWvh2N','h61eWPhv8Njr6kxQ3MGVwpS2GR7C133BsHg9bYYdflSFTN0LvBa7vClzPJi98YzOAVhRjnBpq6enmpw4Wf6oWmY7YImWUPqZBEQ5','gVwTA8aTYVYyUHop5yd','LA');
INSERT INTO SILUTEL.USER VALUES('yNiVCuFNLOu@lalala.com','8','PWGAIjLZ1DBhXukP1g9t7UsSiUvRvojbAznVD3kcdVuqh7eo5QaCBg7K9wntl4jUMvAQdRnlDgX7vLu2yvZ','QSLvQDy','IN');
INSERT INTO SILUTEL.USER_TELEPON VALUES('nfSFpM@lalala.com','290800');
INSERT INTO SILUTEL.USER_TELEPON VALUES('YMoExVIQx9tivYhc@ui.ac.id','2923269770712284009');
INSERT INTO SILUTEL.USER_TELEPON VALUES('8KD37GeLiC40JOkc@lalala.com','9660');
INSERT INTO SILUTEL.USER_TELEPON VALUES('YgnLlnc07i@ui.ac.id','14552716682249');
INSERT INTO SILUTEL.USER_TELEPON VALUES('m9itKu@ui.ac.id','85864154837');
INSERT INTO SILUTEL.USER_TELEPON VALUES('0c7Ilc5LhzDit3sv@foo.bar','06999962327762648');
INSERT INTO SILUTEL.USER_TELEPON VALUES('7O@ui.ac.id','4486587387704');
INSERT INTO SILUTEL.USER_TELEPON VALUES('XnC@lalala.com','38014014650842321');
INSERT INTO SILUTEL.USER_TELEPON VALUES('O9gaR0a9@ui.ac.id','54824184');
INSERT INTO SILUTEL.USER_TELEPON VALUES('jYM@lalala.com','1544403');
INSERT INTO SILUTEL.USER_TELEPON VALUES('KvhIxSuzi@ui.ac.id','93840021');
INSERT INTO SILUTEL.USER_TELEPON VALUES('wsrPQW@ui.ac.id','258056662178');
INSERT INTO SILUTEL.USER_TELEPON VALUES('TnPCWHSExHnM@foo.bar','35113184714726395258');
INSERT INTO SILUTEL.USER_TELEPON VALUES('u7DJ1muEaiEaFyfP@lalala.com','12686996');
INSERT INTO SILUTEL.USER_TELEPON VALUES('D3w0ila4LexWLIjQALK@ui.ac.id','3072183');
INSERT INTO SILUTEL.USER_TELEPON VALUES('EEpYFS6HNmW8bj@ui.ac.id','4127');
INSERT INTO SILUTEL.USER_TELEPON VALUES('AtWRUO@foo.bar','9');
INSERT INTO SILUTEL.USER_TELEPON VALUES('AtWRUO@foo.bar','844');
INSERT INTO SILUTEL.USER_TELEPON VALUES('YgnLlnc07i@ui.ac.id','638475568073');
INSERT INTO SILUTEL.USER_TELEPON VALUES('qH1OiedmmzOGJeI8@ui.ac.id','46173');
INSERT INTO SILUTEL.USER_TELEPON VALUES('z5VZt8xOCZsQSu@foo.bar','7');
INSERT INTO SILUTEL.USER_TELEPON VALUES('2HgEM4kEaDY@foo.bar','0638');
INSERT INTO SILUTEL.USER_TELEPON VALUES('8@ui.ac.id','02347888654');
INSERT INTO SILUTEL.USER_TELEPON VALUES('3ED9VltHG7QjSCbZUTM@lalala.com','96623');
INSERT INTO SILUTEL.USER_TELEPON VALUES('FbhfyTp5bawtOrVUzBV@ui.ac.id','516496052318809');
INSERT INTO SILUTEL.USER_TELEPON VALUES('mtWJKicL26yGY@ui.ac.id','962284557');
INSERT INTO SILUTEL.USER_TELEPON VALUES('DnVeuPvqFmq8LFE05fH@lalala.com','6301703035450');
INSERT INTO SILUTEL.USER_TELEPON VALUES('GPe1WoO2Q3@ui.ac.id','50925438260985');
INSERT INTO SILUTEL.USER_TELEPON VALUES('zKX1RMKJfhBPvFgiGj0@foo.bar','91268800938404993');
INSERT INTO SILUTEL.USER_TELEPON VALUES('c9YG5Knjo95uqq@foo.bar','49924847448340');
INSERT INTO SILUTEL.USER_TELEPON VALUES('V22TCK9oCA6ROxW@ui.ac.id','11356765305873183');
INSERT INTO SILUTEL.USER_TELEPON VALUES('kyrYhOZQRQr@lalala.com','11');
INSERT INTO SILUTEL.USER_TELEPON VALUES('vn@ui.ac.id','381');
INSERT INTO SILUTEL.USER_TELEPON VALUES('oXDUW@ui.ac.id','9067458032986641');
INSERT INTO SILUTEL.USER_TELEPON VALUES('c2UiduQ2@ui.ac.id','1164624990976');
INSERT INTO SILUTEL.USER_TELEPON VALUES('A7R9wJ9dD@foo.bar','29459195386147349435');
INSERT INTO SILUTEL.USER_TELEPON VALUES('3ED9VltHG7QjSCbZUTM@lalala.com','075564345439182531');
INSERT INTO SILUTEL.USER_TELEPON VALUES('3CCqUTMy9dli4ZChU9Wt@lalala.com','82409908644');
INSERT INTO SILUTEL.USER_TELEPON VALUES('GPe1WoO2Q3@ui.ac.id','5731439481');
INSERT INTO SILUTEL.USER_TELEPON VALUES('ig9cKwYOwxiRl4z9IDb@ui.ac.id','2253793875');
INSERT INTO SILUTEL.USER_TELEPON VALUES('QxLk@lalala.com','66350833517514391');
INSERT INTO SILUTEL.USER_TELEPON VALUES('wOfcNsuV@ui.ac.id','518535008764');
INSERT INTO SILUTEL.USER_TELEPON VALUES('mvldno@foo.bar','93920381');
INSERT INTO SILUTEL.USER_TELEPON VALUES('yNiVCuFNLOu@lalala.com','4');
INSERT INTO SILUTEL.USER_TELEPON VALUES('AqB8gUBt6nu@lalala.com','47465716842017498');
INSERT INTO SILUTEL.USER_TELEPON VALUES('sMOIGbHTT3KjSgGB1@foo.bar','11983281925560');
INSERT INTO SILUTEL.USER_TELEPON VALUES('k4wsZdS@ui.ac.id','106658');
INSERT INTO SILUTEL.USER_TELEPON VALUES('l7MXtiDQlOR@ui.ac.id','58');
INSERT INTO SILUTEL.USER_TELEPON VALUES('nK3xOjc9sNMWYbEl@lalala.com','21447965701427644');
INSERT INTO SILUTEL.USER_TELEPON VALUES('w1Ppsgx2b03Gbx@ui.ac.id','47532598287799153116');
INSERT INTO SILUTEL.USER_TELEPON VALUES('KylB368@foo.bar','016467829471356');
INSERT INTO SILUTEL.USER_TELEPON VALUES('iV3iSVkUAjeNmbGO@ui.ac.id','144644829205473617');
INSERT INTO SILUTEL.USER_TELEPON VALUES('z@lalala.com','33123713126647365864');
INSERT INTO SILUTEL.USER_TELEPON VALUES('CGYpZuW1CDSVOHvM@lalala.com','804827');
INSERT INTO SILUTEL.USER_TELEPON VALUES('D9VzCjsvOYvmecA@ui.ac.id','4712708');
INSERT INTO SILUTEL.USER_TELEPON VALUES('TnPCWHSExHnM@foo.bar','193482669864');
INSERT INTO SILUTEL.USER_TELEPON VALUES('rwH2NGssmYxs1isg@lalala.com','189228');
INSERT INTO SILUTEL.USER_TELEPON VALUES('8KD37GeLiC40JOkc@lalala.com','128454201');
INSERT INTO SILUTEL.USER_TELEPON VALUES('oXDUW@ui.ac.id','769');
INSERT INTO SILUTEL.USER_TELEPON VALUES('5TAgN2ZvVT9eBRFti@lalala.com','237938408610219');
INSERT INTO SILUTEL.USER_TELEPON VALUES('rvk4icW1rmr5si7hiH@lalala.com','92247489631');
INSERT INTO SILUTEL.USER_TELEPON VALUES('amqX7VTIiAZc@lalala.com','69');
INSERT INTO SILUTEL.USER_TELEPON VALUES('uW@foo.bar','943569600357');
INSERT INTO SILUTEL.USER_TELEPON VALUES('nfSFpM@lalala.com','4279675268166504');
INSERT INTO SILUTEL.USER_TELEPON VALUES('k4wsZdS@ui.ac.id','8525944900485642723');
INSERT INTO SILUTEL.USER_TELEPON VALUES('jYM@lalala.com','9869');
INSERT INTO SILUTEL.USER_TELEPON VALUES('0MFJ5gbIC8FNs30T@lalala.com','532980642279228479');
INSERT INTO SILUTEL.USER_TELEPON VALUES('AeIlAG2XK@ui.ac.id','377569023');
INSERT INTO SILUTEL.USER_TELEPON VALUES('EnVicnH1HGvyC@lalala.com','21522108153');
INSERT INTO SILUTEL.USER_TELEPON VALUES('FHccFZj@ui.ac.id','92914890834984');
INSERT INTO SILUTEL.STAF_LAUNDRY VALUES('FbhfyTp5bawtOrVUzBV@ui.ac.id',21);
INSERT INTO SILUTEL.STAF_LAUNDRY VALUES('AqB8gUBt6nu@lalala.com',82);
INSERT INTO SILUTEL.STAF_LAUNDRY VALUES('zKX1RMKJfhBPvFgiGj0@foo.bar',72);
INSERT INTO SILUTEL.STAF_LAUNDRY VALUES('rvk4icW1rmr5si7hiH@lalala.com',82);
INSERT INTO SILUTEL.STAF_LAUNDRY VALUES('z@lalala.com',6);
INSERT INTO SILUTEL.STAF_LAUNDRY VALUES('wOfcNsuV@ui.ac.id',0);
INSERT INTO SILUTEL.STAF_LAUNDRY VALUES('mtWJKicL26yGY@ui.ac.id',42);
INSERT INTO SILUTEL.STAF_LAUNDRY VALUES('5TAgN2ZvVT9eBRFti@lalala.com',71);
INSERT INTO SILUTEL.STAF_LAUNDRY VALUES('8KD37GeLiC40JOkc@lalala.com',25);
INSERT INTO SILUTEL.STAF_LAUNDRY VALUES('D9VzCjsvOYvmecA@ui.ac.id',36);
INSERT INTO SILUTEL.STAF_LAUNDRY VALUES('u7DJ1muEaiEaFyfP@lalala.com',76);
INSERT INTO SILUTEL.STAF_LAUNDRY VALUES('vn@ui.ac.id',99);
INSERT INTO SILUTEL.STAF_LAUNDRY VALUES('jYM@lalala.com',51);
INSERT INTO SILUTEL.STAF_LAUNDRY VALUES('YMoExVIQx9tivYhc@ui.ac.id',57);
INSERT INTO SILUTEL.STAF_LAUNDRY VALUES('rwH2NGssmYxs1isg@lalala.com',92);
INSERT INTO SILUTEL.STAF_LAUNDRY VALUES('kyrYhOZQRQr@lalala.com',41);
INSERT INTO SILUTEL.STAF_LAUNDRY VALUES('YgnLlnc07i@ui.ac.id',62);
INSERT INTO SILUTEL.STAF_LAUNDRY VALUES('A7R9wJ9dD@foo.bar',3);
INSERT INTO SILUTEL.STAF_LAUNDRY VALUES('KvhIxSuzi@ui.ac.id',33);
INSERT INTO SILUTEL.STAF_LAUNDRY VALUES('EEpYFS6HNmW8bj@ui.ac.id',76);
INSERT INTO SILUTEL.STAF_LAUNDRY VALUES('mvldno@foo.bar',35);
INSERT INTO SILUTEL.STAF_LAUNDRY VALUES('AtWRUO@foo.bar',86);
INSERT INTO SILUTEL.STAF_LAUNDRY VALUES('7O@ui.ac.id',95);
INSERT INTO SILUTEL.STAF_LAUNDRY VALUES('8@ui.ac.id',83);
INSERT INTO SILUTEL.STAF_LAUNDRY VALUES('0c7Ilc5LhzDit3sv@foo.bar',27);
INSERT INTO SILUTEL.STAF_INVENTORI_KAMAR VALUES('c9YG5Knjo95uqq@foo.bar',92);
INSERT INTO SILUTEL.STAF_INVENTORI_KAMAR VALUES('V22TCK9oCA6ROxW@ui.ac.id',87);
INSERT INTO SILUTEL.STAF_INVENTORI_KAMAR VALUES('nfSFpM@lalala.com',51);
INSERT INTO SILUTEL.STAF_INVENTORI_KAMAR VALUES('2HgEM4kEaDY@foo.bar',22);
INSERT INTO SILUTEL.STAF_INVENTORI_KAMAR VALUES('O9gaR0a9@ui.ac.id',71);
INSERT INTO SILUTEL.STAF_INVENTORI_KAMAR VALUES('c2UiduQ2@ui.ac.id',38);
INSERT INTO SILUTEL.STAF_INVENTORI_KAMAR VALUES('GPe1WoO2Q3@ui.ac.id',95);
INSERT INTO SILUTEL.STAF_INVENTORI_KAMAR VALUES('3CCqUTMy9dli4ZChU9Wt@lalala.com',94);
INSERT INTO SILUTEL.STAF_INVENTORI_KAMAR VALUES('EnVicnH1HGvyC@lalala.com',7);
INSERT INTO SILUTEL.STAF_INVENTORI_KAMAR VALUES('uW@foo.bar',49);
INSERT INTO SILUTEL.STAF_INVENTORI_KAMAR VALUES('0MFJ5gbIC8FNs30T@lalala.com',98);
INSERT INTO SILUTEL.STAF_INVENTORI_KAMAR VALUES('w1Ppsgx2b03Gbx@ui.ac.id',34);
INSERT INTO SILUTEL.STAF_INVENTORI_KAMAR VALUES('TnPCWHSExHnM@foo.bar',46);
INSERT INTO SILUTEL.STAF_INVENTORI_KAMAR VALUES('KylB368@foo.bar',93);
INSERT INTO SILUTEL.STAF_INVENTORI_KAMAR VALUES('QxLk@lalala.com',72);
INSERT INTO SILUTEL.STAF_INVENTORI_KAMAR VALUES('oXDUW@ui.ac.id',99);
INSERT INTO SILUTEL.STAF_INVENTORI_KAMAR VALUES('yNiVCuFNLOu@lalala.com',5);
INSERT INTO SILUTEL.STAF_INVENTORI_KAMAR VALUES('D3w0ila4LexWLIjQALK@ui.ac.id',93);
INSERT INTO SILUTEL.STAF_INVENTORI_KAMAR VALUES('CGYpZuW1CDSVOHvM@lalala.com',57);
INSERT INTO SILUTEL.STAF_INVENTORI_KAMAR VALUES('wsrPQW@ui.ac.id',20);
INSERT INTO SILUTEL.STAF_INVENTORI_KAMAR VALUES('sMOIGbHTT3KjSgGB1@foo.bar',67);
INSERT INTO SILUTEL.STAF_INVENTORI_KAMAR VALUES('z5VZt8xOCZsQSu@foo.bar',66);
INSERT INTO SILUTEL.STAF_INVENTORI_KAMAR VALUES('XnC@lalala.com',49);
INSERT INTO SILUTEL.STAF_INVENTORI_KAMAR VALUES('3ED9VltHG7QjSCbZUTM@lalala.com',58);
INSERT INTO SILUTEL.STAF_INVENTORI_KAMAR VALUES('FHccFZj@ui.ac.id',88);
INSERT INTO SILUTEL.LAUNDRY_STAF_LAUNDRY VALUES('vn@ui.ac.id','2016-04-27 20:16:41',0);
INSERT INTO SILUTEL.LAUNDRY_STAF_LAUNDRY VALUES('rvk4icW1rmr5si7hiH@lalala.com','2016-05-26 4:52:55',0);
INSERT INTO SILUTEL.LAUNDRY_STAF_LAUNDRY VALUES('rvk4icW1rmr5si7hiH@lalala.com','2016-04-22 10:16:1',0);
INSERT INTO SILUTEL.LAUNDRY_STAF_LAUNDRY VALUES('YMoExVIQx9tivYhc@ui.ac.id','2016-04-23 10:25:29',0);
INSERT INTO SILUTEL.LAUNDRY_STAF_LAUNDRY VALUES('YMoExVIQx9tivYhc@ui.ac.id','2016-04-12 3:53:39',0);
INSERT INTO SILUTEL.LAUNDRY_STAF_LAUNDRY VALUES('kyrYhOZQRQr@lalala.com','2016-05-05 0:53:16',0);
INSERT INTO SILUTEL.LAUNDRY_STAF_LAUNDRY VALUES('YMoExVIQx9tivYhc@ui.ac.id','2016-05-01 9:46:43',0);
INSERT INTO SILUTEL.LAUNDRY_STAF_LAUNDRY VALUES('u7DJ1muEaiEaFyfP@lalala.com','2016-04-02 10:13:30',0);
INSERT INTO SILUTEL.LAUNDRY_STAF_LAUNDRY VALUES('FbhfyTp5bawtOrVUzBV@ui.ac.id','2016-05-05 19:22:46',0);
INSERT INTO SILUTEL.LAUNDRY_STAF_LAUNDRY VALUES('AtWRUO@foo.bar','2016-04-07 11:58:41',0);
INSERT INTO SILUTEL.LAUNDRY_STAF_LAUNDRY VALUES('EEpYFS6HNmW8bj@ui.ac.id','2016-05-29 17:41:7',0);
INSERT INTO SILUTEL.LAUNDRY_STAF_LAUNDRY VALUES('8@ui.ac.id','2016-05-12 1:10:10',0);
INSERT INTO SILUTEL.LAUNDRY_STAF_LAUNDRY VALUES('z@lalala.com','2016-05-15 11:52:48',0);
INSERT INTO SILUTEL.LAUNDRY_STAF_LAUNDRY VALUES('FbhfyTp5bawtOrVUzBV@ui.ac.id','2016-04-20 13:32:56',0);
INSERT INTO SILUTEL.LAUNDRY_STAF_LAUNDRY VALUES('YgnLlnc07i@ui.ac.id','2016-05-20 18:32:39',0);
INSERT INTO SILUTEL.LAUNDRY_STAF_LAUNDRY VALUES('kyrYhOZQRQr@lalala.com','2016-04-14 2:44:9',0);
INSERT INTO SILUTEL.LAUNDRY_STAF_LAUNDRY VALUES('0c7Ilc5LhzDit3sv@foo.bar','2016-05-10 10:34:26',0);
INSERT INTO SILUTEL.LAUNDRY_STAF_LAUNDRY VALUES('rvk4icW1rmr5si7hiH@lalala.com','2016-05-13 9:59:51',0);
INSERT INTO SILUTEL.LAUNDRY_STAF_LAUNDRY VALUES('rwH2NGssmYxs1isg@lalala.com','2016-04-11 18:23:22',0);
INSERT INTO SILUTEL.LAUNDRY_STAF_LAUNDRY VALUES('8@ui.ac.id','2016-05-13 15:10:13',0);
INSERT INTO SILUTEL.LAUNDRY_STAF_LAUNDRY VALUES('kyrYhOZQRQr@lalala.com','2016-04-06 12:9:51',0);
INSERT INTO SILUTEL.LAUNDRY_STAF_LAUNDRY VALUES('D9VzCjsvOYvmecA@ui.ac.id','2016-04-13 4:23:11',0);
INSERT INTO SILUTEL.LAUNDRY_STAF_LAUNDRY VALUES('z@lalala.com','2016-05-09 20:53:42',0);
INSERT INTO SILUTEL.LAUNDRY_STAF_LAUNDRY VALUES('kyrYhOZQRQr@lalala.com','2016-04-16 16:39:59',0);
INSERT INTO SILUTEL.LAUNDRY_STAF_LAUNDRY VALUES('D9VzCjsvOYvmecA@ui.ac.id','2016-04-29 23:10:13',0);
INSERT INTO SILUTEL.LAUNDRY_STAF_LAUNDRY VALUES('rwH2NGssmYxs1isg@lalala.com','2016-05-01 8:53:49',0);
INSERT INTO SILUTEL.LAUNDRY_STAF_LAUNDRY VALUES('z@lalala.com','2016-05-07 20:47:51',0);
INSERT INTO SILUTEL.LAUNDRY_STAF_LAUNDRY VALUES('0c7Ilc5LhzDit3sv@foo.bar','2016-05-19 6:34:9',0);
INSERT INTO SILUTEL.LAUNDRY_STAF_LAUNDRY VALUES('7O@ui.ac.id','2016-05-05 2:38:38',0);
INSERT INTO SILUTEL.LAUNDRY_STAF_LAUNDRY VALUES('z@lalala.com','2016-05-21 22:11:34',0);
INSERT INTO SILUTEL.LAUNDRY_STAF_LAUNDRY VALUES('rwH2NGssmYxs1isg@lalala.com','2016-05-24 2:26:18',0);
INSERT INTO SILUTEL.LAUNDRY_STAF_LAUNDRY VALUES('0c7Ilc5LhzDit3sv@foo.bar','2016-04-16 5:26:55',0);
INSERT INTO SILUTEL.LAUNDRY_STAF_LAUNDRY VALUES('rvk4icW1rmr5si7hiH@lalala.com','2016-04-23 13:36:29',0);
INSERT INTO SILUTEL.LAUNDRY_STAF_LAUNDRY VALUES('D9VzCjsvOYvmecA@ui.ac.id','2016-05-11 14:12:20',0);
INSERT INTO SILUTEL.LAUNDRY_STAF_LAUNDRY VALUES('7O@ui.ac.id','2016-04-02 3:22:6',0);
INSERT INTO SILUTEL.LAUNDRY_STAF_LAUNDRY VALUES('0c7Ilc5LhzDit3sv@foo.bar','2016-05-11 10:23:23',0);
INSERT INTO SILUTEL.LAUNDRY_STAF_LAUNDRY VALUES('FbhfyTp5bawtOrVUzBV@ui.ac.id','2016-04-24 5:37:49',0);
INSERT INTO SILUTEL.LAUNDRY_STAF_LAUNDRY VALUES('FbhfyTp5bawtOrVUzBV@ui.ac.id','2016-04-20 18:5:55',0);
INSERT INTO SILUTEL.LAUNDRY_STAF_LAUNDRY VALUES('u7DJ1muEaiEaFyfP@lalala.com','2016-05-21 15:39:43',0);
INSERT INTO SILUTEL.LAUNDRY_STAF_LAUNDRY VALUES('jYM@lalala.com','2016-05-26 13:56:26',0);
INSERT INTO SILUTEL.LAUNDRY_STAF_LAUNDRY VALUES('vn@ui.ac.id','2016-04-17 6:10:14',0);
INSERT INTO SILUTEL.LAUNDRY_STAF_LAUNDRY VALUES('8@ui.ac.id','2016-05-21 19:30:13',0);
INSERT INTO SILUTEL.LAUNDRY_STAF_LAUNDRY VALUES('zKX1RMKJfhBPvFgiGj0@foo.bar','2016-05-16 11:48:35',0);
INSERT INTO SILUTEL.LAUNDRY_STAF_LAUNDRY VALUES('YgnLlnc07i@ui.ac.id','2016-05-21 12:12:39',0);
INSERT INTO SILUTEL.LAUNDRY_STAF_LAUNDRY VALUES('FbhfyTp5bawtOrVUzBV@ui.ac.id','2016-05-26 13:34:3',0);
INSERT INTO SILUTEL.LAUNDRY_STAF_LAUNDRY VALUES('mtWJKicL26yGY@ui.ac.id','2016-04-09 19:41:15',0);
INSERT INTO SILUTEL.LAUNDRY_STAF_LAUNDRY VALUES('zKX1RMKJfhBPvFgiGj0@foo.bar','2016-04-28 0:56:16',0);
INSERT INTO SILUTEL.LAUNDRY_STAF_LAUNDRY VALUES('mvldno@foo.bar','2016-05-13 12:55:55',0);
INSERT INTO SILUTEL.LAUNDRY_STAF_LAUNDRY VALUES('A7R9wJ9dD@foo.bar','2016-04-12 15:25:39',0);
INSERT INTO SILUTEL.LAUNDRY_STAF_LAUNDRY VALUES('FbhfyTp5bawtOrVUzBV@ui.ac.id','2016-05-27 21:1:38',0);
INSERT INTO SILUTEL.TAMU VALUES('KsvL','csxqxESUuQU','UL7Iw5j926lejhNJ2nFDnK7VNOsqYL5ddOz7mIhkkdItX5A');
INSERT INTO SILUTEL.TAMU VALUES('tPU','FOpm2vdB0IfDJTMLLfk8dndymqzLsEyfx','iu2yTjrH2kfpugOB6BGalibc4WOoYd');
INSERT INTO SILUTEL.TAMU VALUES('tjYwCn','giEXXWIizSC','jPoNu2vsJO8mqLcS5fFP9WRxTxWOf9HoHbgA01S5uY1bs15Ek3bkE1Inwoa2FqxgWmWhKOt6G0p');
INSERT INTO SILUTEL.TAMU VALUES('Xl','glFPwUaPDQDJoNT9R5VKAmWcNI4Q','kcGQ2aQp5');
INSERT INTO SILUTEL.TAMU VALUES('UWb6vuSwtCY','VwE3o2NVgOk','uE8VMq5ApVS46GLGTzERf');
INSERT INTO SILUTEL.TAMU VALUES('xlhfuC35tP5N5GRjRYm','2PqHvkQxwaBtkgX9OQ1Is4RL','I4qhkrEmcHL7fvDRwt9ajuztSeDEHKsAAYkZ7KznWDPH9yndI55xSe');
INSERT INTO SILUTEL.TAMU VALUES('Y3IQ7pW5C','kQHoduQLLVkl','aL245dpz1hx7VLXmGDHvobsIheWIGo3WjVAy69B');
INSERT INTO SILUTEL.TAMU VALUES('9jtsRa5g','HqGPqdyBfoW4FRxvnorrEcK','yHM7fnEYrOJtPbX0g5snbzaPc091MNQ4m31EEdEai0CFUrj1uErACTXRzPCyAZUKnp');
INSERT INTO SILUTEL.TAMU VALUES('CIh','LO','9nTP9CVSKAuSwJOS395YF9Is87xb2o9jcZfau');
INSERT INTO SILUTEL.TAMU VALUES('O0uUFao8R8b','8T9XmZjDTw3hd5Ckchv7hCNJ3l','EfvZcqhoQKkPYsTr542hmPtqjJAbFnLArUy4nvWgvdaAnLNwYzU61RiQ0HOdG9zKXN5LrhySdBGaR6YdFVct6vkjIzlYpt');
INSERT INTO SILUTEL.TAMU VALUES('DfhczYIIThp1l','2Vkm0aJYI5Y','zgj8EOCJVUkh6LtbuoLFrXi0NuEKZfxeupeG85RPXTPSpRAPLeN4AMhrWW2w');
INSERT INTO SILUTEL.TAMU VALUES('D','dFAr2NVWGEY2Q35','BvOZ5FRsCxY62NnpvODGljYkf4AUNCX6X71VHQBv3LpfyAvzNsr1TywjUCCtWsiyeQjwKQrP1zRVuBMZQwTAjRPt3MVF');
INSERT INTO SILUTEL.TAMU VALUES('IvY','k7p3cS6Osq2nD','irT5qEcciaJI');
INSERT INTO SILUTEL.TAMU VALUES('iRYRZwvkLfnfSd6','C6WZGkFr9vToWFmmkWmV','ZNPdqQJVsBTiti0Ip257nMYUhsc1lAzoDCTqt6aN9T6yehhtQAzItJofJREVUSi0ch47MNwlZuIZnRyQ1LjIdGglcTjtgps4');
INSERT INTO SILUTEL.TAMU VALUES('yp','CI7sxIJPWFTMmlTOJ41tWrwDDY3bhT','gJw1Nwfcpn8pa3SIerzNFHmY4Ex2zOnVId2LEd3zsK8ShxtHrJZbOWiFIwX7gZXBYnLzI6sI4LMc');
INSERT INTO SILUTEL.TAMU VALUES('Cyyvy2jv1VwXMiHB2J','NiXPv6QccxzfA2xFl','Wshs3xZO04AY');
INSERT INTO SILUTEL.TAMU VALUES('16AZFeE2v3gcWmg1','KtInWq0317UppmQHIAhMFCu1','YtZbAv0ojDTa1uSO1Ma85BkUtUweicyX3IIymgfnNPo9gj4P2jtfyBx7c');
INSERT INTO SILUTEL.TAMU VALUES('nvzr','AK7M7jSI6SLfN2nr6hRv','cn7bXKzPm9uZ8foFr2tsqvYJMi');
INSERT INTO SILUTEL.TAMU VALUES('cbqAWovA2DR7BuxPla','tnUFPz1qIXg47m6r','QMgyN6rYbijbysz5SfOAbXTJyb0KTQA5TGLg4NgXaDIDbvX75qsXi4SdavwtZaDWUGq');
INSERT INTO SILUTEL.TAMU VALUES('n','oW0xZ2n90R0mgXDr','a1GqBVLirQ6NAeoZeQ8aInNBvE86P8H1hs5Uo8V6dY4dhNhxjRbxtzHPYHGVCG31wI9iw1UgRNUGLu');
INSERT INTO SILUTEL.TAMU VALUES('sJ8qFRD8oV7Jy7','3h','fYh');
INSERT INTO SILUTEL.TAMU VALUES('OiNLhfxAd','5szCBZFJu8E0FD','kW5UOBSSKu7bzCLoF7CqhjDAdTq7J8klPuU1aOn7Cq2w0NbXNaKFVj6mVtP9IoPfx02QETFoCFZsottarHdGdPtF');
INSERT INTO SILUTEL.TAMU VALUES('7','z','I4vQoDkQj9sV8UGCvS54XplXGrrT9c2Ghj1PyKA4YsAw3A');
INSERT INTO SILUTEL.TAMU VALUES('AwTDACUc8xLGDO4QjR','iI2tP4WmqckJaQbvnri','rBkIQU6JT26UNKQiGgwE6NzLlZp6rQqn3hf1ceQF4aX95n4VTbMU5ONw63sNRVHk4DtiteTZg2vczAhCHl4');
INSERT INTO SILUTEL.TAMU VALUES('NNvf5Yvv','5uY','KBaZ4plw74BHbl4XKyUBzbpgMt63IXkxFqmP5NLZvkYV9pTv6O0');
INSERT INTO SILUTEL.TAMU VALUES('eisu','eUOjlYDWeh','fsjqjveK5LRt8rDxdZE3hC0DBaNpkYSLM6pVQeLSn2NcdUWXmcHUaj');
INSERT INTO SILUTEL.TAMU VALUES('BnDhu4sGvhOQWNn','zvT4WATZsuIDtH','Tg9JhZSJnqkR0DPERLqxAzNFpv7U8KvJ4T12IoDn');
INSERT INTO SILUTEL.TAMU VALUES('W9AcCIok7N0N','z55GiFljPozMVK','p0UidFhIrH0JhkPvCycMtIrgnrr22EV3uD9WnOivbZuAgk8');
INSERT INTO SILUTEL.TAMU VALUES('MXzwqhQT8pMVwrHLc','qaO5cnVqJds6UbkqJwPl4','LgVeoZBLCgZUpicEvzYTojDDqfVivjrBYAWmzS62OBwflrQf5iSCuILh3QUbQaKXYy1CFN8p1tOSqK');
INSERT INTO SILUTEL.TAMU VALUES('PMsIWnbb4g','yCtYg7','sBicngh5TSzAXN0007Dltx88ZjmEHGjZ3kcf');
INSERT INTO SILUTEL.TAMU VALUES('4h4M4ZwRObXrnUm','55YaX511Fz8f4NLTS2IqHoVQJcAiZ3PrM','zxC3UxAzvbqrzKPYjTRyvZbu64xfvWmM6YqxW2');
INSERT INTO SILUTEL.TAMU VALUES('tFc68X0I7Hsq1Z','El3TFPx6MbfhTBkSC','gywzqsopIJ6n7dwJfTy7Vjx2j4VeM8iETC87dvMb8rx0oDViSYlcpHgKyNsL3q130qnuI5ukUSFFUbEj6hMInklQ');
INSERT INTO SILUTEL.TAMU VALUES('WqkWStUwJt90WTS8','JySHwHbHSe62kCf6yWNXOI4jCr8Q1KdV7y','p');
INSERT INTO SILUTEL.TAMU VALUES('S6MCDmHCl4wTTI','QaQYD9wmpxV2BFxCb6cUrqHGeC','I1W3y');
INSERT INTO SILUTEL.TAMU VALUES('e6i0XBEnH4eBrxkoq8L','CyaV','lO50n3UNuXukLCikCP3qRgs2IfhPcjT6omKpNDEJ7ACDWfPS2tM03VB5miBzj8EM2Q4gutj6lc4RugunU2HruZMDN518sb');
INSERT INTO SILUTEL.TAMU VALUES('en5ZY11YvzG9t1w','ZsmzvG9SjNW7','eGNeEpZIlxDdZ6wnr2XZsCiANFMWYGTn4vJwbgnAixbnMzg7L2wQCzxS1D6KxMyjmOOeIH0zTrsZbj');
INSERT INTO SILUTEL.TAMU VALUES('i7lL713pU','NzRGB1EsIF55q','nVwLXM8TjH0sNXrs76yPFBnq4bxF2wd16MtrPPGgJ1r8BZPwUAbtyMaSISnvcEHBQAfS2pVq8QbvmeBBLvFZTOp4LFekSD0W5jC');
INSERT INTO SILUTEL.TAMU VALUES('P','XwU4bPvZdNYk4jmEihKFWS','mK3ioif4mbvBTgQLlmxAt7gCErt4qscF5avLkYF3lJIQkVioFdK7L8kcq');
INSERT INTO SILUTEL.TAMU VALUES('AQJJOcCT9vR3KUDZ','G8dpyp5UxVDYbNrIJ7txHZ44s2zNHo2N','iSldPvcsGNLSOC7Ujs5rSw889r0PvQ69zyYAkbmHeyllapgICLjA0Kj2TqlCd9s3KYZVVLRkUGZnJLgEKZBM');
INSERT INTO SILUTEL.TAMU VALUES('lLRgmlwtyUUcNM8WVIx','kQg','UnpcxgKI7GhwLuM4sYT97gwOwck3cTPUVb3sRVji0WXZjryHLOA1W1Nur7cgdCs');
INSERT INTO SILUTEL.TAMU VALUES('9yKX5ht7Z7269','BYb8ZC','EtLTkePpypQRZl8hKjdlFMJxdIoCgfIBBu0PNMT93EijdWiEPcJe31T0UnFgU2zIZLB5Y3W2be');
INSERT INTO SILUTEL.TAMU VALUES('XHKw3gDMVVA','ganhudSw6ceYgXiwPMHBuCumg2W','bQMKknTNQvSvzz28AE');
INSERT INTO SILUTEL.TAMU VALUES('AFVpBL0s','CGrXgd6kpL8NzTTV0','PU5idMdScoHWTlMSLjDd4jnG39Oh3n7TEuDR2mXLgZyhJw5eKlcdl');
INSERT INTO SILUTEL.TAMU VALUES('YUq','cVAqbpTYTaiZ','XLfOcr0B4uCO0dFTd0KhjCDEpnk2ibLXUJdkVVoByYjxDtRlcESzTRTXBq0Hrs5yGh9eyuQtc4Uz7u6dZ');
INSERT INTO SILUTEL.TAMU VALUES('Y28Q3uGal7MM','eDB0OTZClg7aIfmG1Un','k3hTGhCOtRtZzbpw1LR7');
INSERT INTO SILUTEL.TAMU VALUES('Gye7sHor','dJwYIC5TsbqWFEQlKIYlaIA7','sx9QmzZsheJ2gs7BOqiFrHb60bn6iXsabGbHXNmgASZSynJ');
INSERT INTO SILUTEL.TAMU VALUES('BK62pY','7LPVEnlMxjGyNDhNr','l4d');
INSERT INTO SILUTEL.TAMU VALUES('h32QpTdCyxcxRgFwCmBu','blKsjyeWidfwK7S5HKdoaw0cVwf68','QWNKzmZYX0YGZS3xpPsmIDQoxXHrXZNxo6Uz1LfUfm5ytiSVKglxnMcOt21456id6K4Uxyw');
INSERT INTO SILUTEL.TAMU VALUES('wHbqqKnG8p456B','d66bpragVMiohDV2A1','ZAjPNYnhAROqxX');
INSERT INTO SILUTEL.TAMU VALUES('ks5UshACsp','t40pbVH0DYBsi1STVlCy9EAI','VUOjJuHOq2o36amFMagEfaUM8sWRnejEvUwGZDJcaAfWXJOwfDZ7Vu7Axdq1gf');
INSERT INTO SILUTEL.TAMU_TELEPON VALUES('9yKX5ht7Z7269','76768799');
INSERT INTO SILUTEL.TAMU_TELEPON VALUES('en5ZY11YvzG9t1w','9703902');
INSERT INTO SILUTEL.TAMU_TELEPON VALUES('nvzr','808243');
INSERT INTO SILUTEL.TAMU_TELEPON VALUES('9jtsRa5g','897208752381');
INSERT INTO SILUTEL.TAMU_TELEPON VALUES('eisu','98893943899136');
INSERT INTO SILUTEL.TAMU_TELEPON VALUES('tjYwCn','3155511');
INSERT INTO SILUTEL.TAMU_TELEPON VALUES('sJ8qFRD8oV7Jy7','16');
INSERT INTO SILUTEL.TAMU_TELEPON VALUES('tFc68X0I7Hsq1Z','7');
INSERT INTO SILUTEL.TAMU_TELEPON VALUES('cbqAWovA2DR7BuxPla','857188695');
INSERT INTO SILUTEL.TAMU_TELEPON VALUES('XHKw3gDMVVA','46862805478662089080');
INSERT INTO SILUTEL.TAMU_TELEPON VALUES('en5ZY11YvzG9t1w','78094549126761');
INSERT INTO SILUTEL.TAMU_TELEPON VALUES('NNvf5Yvv','8435637');
INSERT INTO SILUTEL.TAMU_TELEPON VALUES('BK62pY','2802012201460396');
INSERT INTO SILUTEL.TAMU_TELEPON VALUES('16AZFeE2v3gcWmg1','6343122235408197114');
INSERT INTO SILUTEL.TAMU_TELEPON VALUES('DfhczYIIThp1l','56');
INSERT INTO SILUTEL.TAMU_TELEPON VALUES('tPU','15751144595513');
INSERT INTO SILUTEL.TAMU_TELEPON VALUES('OiNLhfxAd','43512234491729');
INSERT INTO SILUTEL.TAMU_TELEPON VALUES('Y28Q3uGal7MM','1428848597932');
INSERT INTO SILUTEL.TAMU_TELEPON VALUES('O0uUFao8R8b','0562');
INSERT INTO SILUTEL.TAMU_TELEPON VALUES('WqkWStUwJt90WTS8','9586717868624242');
INSERT INTO SILUTEL.TAMU_TELEPON VALUES('yp','381989833');
INSERT INTO SILUTEL.TAMU_TELEPON VALUES('Gye7sHor','50155853');
INSERT INTO SILUTEL.TAMU_TELEPON VALUES('e6i0XBEnH4eBrxkoq8L','26355445041188730');
INSERT INTO SILUTEL.TAMU_TELEPON VALUES('Xl','68756421960539271079');
INSERT INTO SILUTEL.TAMU_TELEPON VALUES('UWb6vuSwtCY','3');
INSERT INTO SILUTEL.TAMU_TELEPON VALUES('IvY','98924');
INSERT INTO SILUTEL.TAMU_TELEPON VALUES('AQJJOcCT9vR3KUDZ','334');
INSERT INTO SILUTEL.TAMU_TELEPON VALUES('S6MCDmHCl4wTTI','41609429');
INSERT INTO SILUTEL.TAMU_TELEPON VALUES('lLRgmlwtyUUcNM8WVIx','5171933852');
INSERT INTO SILUTEL.TAMU_TELEPON VALUES('ks5UshACsp','007330247');
INSERT INTO SILUTEL.TAMU_TELEPON VALUES('CIh','77');
INSERT INTO SILUTEL.TAMU_TELEPON VALUES('MXzwqhQT8pMVwrHLc','128080');
INSERT INTO SILUTEL.TAMU_TELEPON VALUES('xlhfuC35tP5N5GRjRYm','77973004063936246164');
INSERT INTO SILUTEL.TAMU_TELEPON VALUES('7','3489486689606');
INSERT INTO SILUTEL.TAMU_TELEPON VALUES('Gye7sHor','0305015926209791595');
INSERT INTO SILUTEL.TAMU_TELEPON VALUES('e6i0XBEnH4eBrxkoq8L','742192435');
INSERT INTO SILUTEL.TAMU_TELEPON VALUES('NNvf5Yvv','8032525');
INSERT INTO SILUTEL.TAMU_TELEPON VALUES('YUq','78874281182616654552');
INSERT INTO SILUTEL.TAMU_TELEPON VALUES('i7lL713pU','491');
INSERT INTO SILUTEL.TAMU_TELEPON VALUES('eisu','30995071738');
INSERT INTO SILUTEL.TAMU_TELEPON VALUES('KsvL','645155623931');
INSERT INTO SILUTEL.TAMU_TELEPON VALUES('P','985435');
INSERT INTO SILUTEL.TAMU_TELEPON VALUES('wHbqqKnG8p456B','103');
INSERT INTO SILUTEL.TAMU_TELEPON VALUES('O0uUFao8R8b','76');
INSERT INTO SILUTEL.TAMU_TELEPON VALUES('PMsIWnbb4g','2559362432699');
INSERT INTO SILUTEL.TAMU_TELEPON VALUES('Y3IQ7pW5C','529494332335535232');
INSERT INTO SILUTEL.TAMU_TELEPON VALUES('iRYRZwvkLfnfSd6','4473');
INSERT INTO SILUTEL.TAMU_TELEPON VALUES('PMsIWnbb4g','99879754022969113432');
INSERT INTO SILUTEL.TAMU_TELEPON VALUES('D','04344114732009107');
INSERT INTO SILUTEL.TAMU_TELEPON VALUES('h32QpTdCyxcxRgFwCmBu','15656343769');
INSERT INTO SILUTEL.TAMU_TELEPON VALUES('W9AcCIok7N0N','5236388771440');
INSERT INTO SILUTEL.TAMU_TELEPON VALUES('4h4M4ZwRObXrnUm','9296505');
INSERT INTO SILUTEL.TAMU_TELEPON VALUES('n','610121448');
INSERT INTO SILUTEL.TAMU_TELEPON VALUES('Cyyvy2jv1VwXMiHB2J','81');
INSERT INTO SILUTEL.TAMU_TELEPON VALUES('BK62pY','944');
INSERT INTO SILUTEL.TAMU_TELEPON VALUES('BnDhu4sGvhOQWNn','69079160783315139');
INSERT INTO SILUTEL.TAMU_TELEPON VALUES('AwTDACUc8xLGDO4QjR','1204883302');
INSERT INTO SILUTEL.TAMU_TELEPON VALUES('AFVpBL0s','2201572829031');
INSERT INTO SILUTEL.TAMU_TELEPON VALUES('cbqAWovA2DR7BuxPla','6257703037006397177');
INSERT INTO SILUTEL.TAMU_TELEPON VALUES('9jtsRa5g','6531');
INSERT INTO SILUTEL.INVOICE VALUES('PVlJ2Q','2016-04-02 23:54:30','2016-05-07 0:51:54',44,'NNvf5Yvv',0,0);
INSERT INTO SILUTEL.INVOICE VALUES('tFWyIf','2016-04-29 17:9:25','2016-04-29 16:36:36',73,'9yKX5ht7Z7269',0,0);
INSERT INTO SILUTEL.INVOICE VALUES('RkAGak','2016-05-18 19:46:33','2016-05-19 1:16:24',2,'Y3IQ7pW5C',0,0);
INSERT INTO SILUTEL.INVOICE VALUES('gLHmfn','2016-04-22 7:50:8','2016-04-25 21:22:46',70,'9jtsRa5g',0,0);
INSERT INTO SILUTEL.INVOICE VALUES('ZLY29W','2016-04-13 9:7:10','2016-04-25 8:8:27',7,'Y3IQ7pW5C',0,0);
INSERT INTO SILUTEL.INVOICE VALUES('mTqaSP','2016-04-11 0:18:21','2016-05-21 2:54:8',21,'sJ8qFRD8oV7Jy7',0,0);
INSERT INTO SILUTEL.INVOICE VALUES('6wIO8V','2016-05-12 2:25:43','2016-05-19 22:59:13',33,'eisu',0,0);
INSERT INTO SILUTEL.INVOICE VALUES('pJSVhl','2016-04-17 4:28:13','2016-04-28 18:15:35',92,'S6MCDmHCl4wTTI',0,0);
INSERT INTO SILUTEL.INVOICE VALUES('dNVvTw','2016-04-02 17:3:22','2016-04-14 17:37:22',64,'h32QpTdCyxcxRgFwCmBu',0,0);
INSERT INTO SILUTEL.INVOICE VALUES('rFcezy','2016-04-13 11:47:51','2016-04-13 10:40:59',46,'lLRgmlwtyUUcNM8WVIx',0,0);
INSERT INTO SILUTEL.INVOICE VALUES('0v7FDo','2016-04-26 13:49:54','2016-04-26 6:56:0',92,'AQJJOcCT9vR3KUDZ',0,0);
INSERT INTO SILUTEL.INVOICE VALUES('oeHOee','2016-04-10 4:10:21','2016-05-14 16:23:34',98,'S6MCDmHCl4wTTI',0,0);
INSERT INTO SILUTEL.INVOICE VALUES('nlGRtl','2016-04-03 1:11:10','2016-04-05 5:12:1',3,'en5ZY11YvzG9t1w',0,0);
INSERT INTO SILUTEL.INVOICE VALUES('tGgwFI','2016-04-19 20:58:20','2016-04-19 5:57:5',3,'AQJJOcCT9vR3KUDZ',0,0);
INSERT INTO SILUTEL.INVOICE VALUES('INOcDA','2016-05-18 19:15:22','2016-05-28 20:26:32',39,'YUq',0,0);
INSERT INTO SILUTEL.INVOICE VALUES('FTUZq7','2016-04-19 10:38:0','2016-04-29 15:48:7',3,'tFc68X0I7Hsq1Z',0,0);
INSERT INTO SILUTEL.INVOICE VALUES('hfTLsr','2016-04-08 14:57:54','2016-04-09 15:51:0',30,'eisu',0,0);
INSERT INTO SILUTEL.INVOICE VALUES('aSUZr7','2016-04-23 0:7:3','2016-04-26 9:45:52',44,'eisu',0,0);
INSERT INTO SILUTEL.INVOICE VALUES('nXlKAU','2016-04-10 0:16:29','2016-05-22 3:12:44',7,'IvY',0,0);
INSERT INTO SILUTEL.INVOICE VALUES('65iBzz','2016-04-15 19:15:11','2016-04-29 13:37:21',8,'9jtsRa5g',0,0);
INSERT INTO SILUTEL.INVOICE VALUES('uxCQum','2016-04-08 14:11:45','2016-05-09 3:6:16',50,'PMsIWnbb4g',0,0);
INSERT INTO SILUTEL.INVOICE VALUES('dOvXK2','2016-04-07 12:34:28','2016-05-17 2:1:10',99,'Xl',0,0);
INSERT INTO SILUTEL.INVOICE VALUES('2ki0Ob','2016-05-27 8:28:17','2016-05-27 0:33:3',64,'Cyyvy2jv1VwXMiHB2J',0,0);
INSERT INTO SILUTEL.INVOICE VALUES('8wPRoI','2016-04-29 6:17:11','2016-04-29 0:34:29',44,'WqkWStUwJt90WTS8',0,0);
INSERT INTO SILUTEL.INVOICE VALUES('ngDV30','2016-04-06 1:58:37','2016-05-27 22:7:47',89,'en5ZY11YvzG9t1w',0,0);
INSERT INTO SILUTEL.INVOICE VALUES('4ZU2wW','2016-04-24 5:47:48','2016-05-27 18:23:28',69,'P',0,0);
INSERT INTO SILUTEL.INVOICE VALUES('elwcma','2016-05-09 23:13:25','2016-05-19 9:3:56',75,'P',0,0);
INSERT INTO SILUTEL.INVOICE VALUES('B4ePUM','2016-05-11 22:40:16','2016-05-21 19:39:50',56,'i7lL713pU',0,0);
INSERT INTO SILUTEL.INVOICE VALUES('KOnguI','2016-04-07 8:30:26','2016-05-19 22:50:0',94,'YUq',0,0);
INSERT INTO SILUTEL.INVOICE VALUES('YnX49M','2016-05-05 22:36:3','2016-05-25 14:55:46',69,'9yKX5ht7Z7269',0,0);
INSERT INTO SILUTEL.INVOICE VALUES('hzGHIm','2016-05-16 23:40:8','2016-05-28 16:1:56',5,'lLRgmlwtyUUcNM8WVIx',0,0);
INSERT INTO SILUTEL.INVOICE VALUES('p8syS8','2016-04-27 9:10:49','2016-04-28 12:10:49',44,'tFc68X0I7Hsq1Z',0,0);
INSERT INTO SILUTEL.INVOICE VALUES('QoFxpL','2016-04-26 18:29:2','2016-05-28 19:46:20',30,'OiNLhfxAd',0,0);
INSERT INTO SILUTEL.INVOICE VALUES('ynSNEZ','2016-04-11 0:43:32','2016-05-12 5:56:11',96,'Cyyvy2jv1VwXMiHB2J',0,0);
INSERT INTO SILUTEL.INVOICE VALUES('6dlO4o','2016-04-18 7:25:10','2016-04-28 18:9:27',37,'KsvL',0,0);
INSERT INTO SILUTEL.INVOICE VALUES('xanyC2','2016-05-21 16:14:52','2016-05-26 16:40:51',15,'nvzr',0,0);
INSERT INTO SILUTEL.INVOICE VALUES('EJGrhS','2016-05-04 10:1:16','2016-05-26 10:10:13',32,'i7lL713pU',0,0);
INSERT INTO SILUTEL.INVOICE VALUES('8Vi56Y','2016-05-23 5:8:18','2016-05-27 21:26:48',50,'WqkWStUwJt90WTS8',0,0);
INSERT INTO SILUTEL.INVOICE VALUES('bW1YCT','2016-04-14 15:57:46','2016-04-25 6:20:17',58,'wHbqqKnG8p456B',0,0);
INSERT INTO SILUTEL.INVOICE VALUES('Tpkhjd','2016-04-22 23:21:26','2016-05-26 22:7:8',21,'OiNLhfxAd',0,0);
INSERT INTO SILUTEL.INVOICE VALUES('dpMGUk','2016-04-14 3:50:44','2016-04-15 18:40:9',77,'Y3IQ7pW5C',0,0);
INSERT INTO SILUTEL.INVOICE VALUES('bWjxAu','2016-04-06 5:13:2','2016-04-08 17:11:36',72,'AQJJOcCT9vR3KUDZ',0,0);
INSERT INTO SILUTEL.INVOICE VALUES('OyCNfd','2016-04-03 9:33:49','2016-04-08 16:50:31',79,'7',0,0);
INSERT INTO SILUTEL.INVOICE VALUES('yK09cL','2016-04-27 4:36:30','2016-05-27 1:57:11',67,'W9AcCIok7N0N',0,0);
INSERT INTO SILUTEL.INVOICE VALUES('DgMbXV','2016-05-18 14:47:1','2016-05-29 6:56:36',35,'iRYRZwvkLfnfSd6',0,0);
INSERT INTO SILUTEL.INVOICE VALUES('wSdzCu','2016-05-24 16:1:48','2016-05-27 2:51:49',47,'XHKw3gDMVVA',0,0);
INSERT INTO SILUTEL.INVOICE VALUES('LfBgXt','2016-05-26 13:41:14','2016-05-28 14:56:57',13,'iRYRZwvkLfnfSd6',0,0);
INSERT INTO SILUTEL.INVOICE VALUES('lbiKXr','2016-04-20 16:57:17','2016-04-26 5:2:41',72,'D',0,0);
INSERT INTO SILUTEL.INVOICE VALUES('qYL4vZ','2016-04-13 7:59:49','2016-05-19 8:20:52',93,'cbqAWovA2DR7BuxPla',0,0);
INSERT INTO SILUTEL.INVOICE VALUES('jWuQ9u','2016-04-29 5:55:4','2016-05-29 13:24:47',23,'tPU',0,0);
INSERT INTO SILUTEL.INVOICE VALUES('p1n3YO','2016-05-13 10:12:19','2016-05-13 21:36:29',33,'sJ8qFRD8oV7Jy7',0,0);
INSERT INTO SILUTEL.INVOICE VALUES('16CRws','2016-05-05 12:43:24','2016-05-19 2:13:52',0,'i7lL713pU',0,0);
INSERT INTO SILUTEL.INVOICE VALUES('vbXsVe','2016-04-24 12:19:38','2016-04-25 19:49:42',98,'7',0,0);
INSERT INTO SILUTEL.INVOICE VALUES('ueGbNi','2016-04-21 12:42:19','2016-05-21 11:18:15',64,'AFVpBL0s',0,0);
INSERT INTO SILUTEL.INVOICE VALUES('s21QFr','2016-05-22 4:11:7','2016-05-29 19:56:32',16,'BnDhu4sGvhOQWNn',0,0);
INSERT INTO SILUTEL.INVOICE VALUES('TyYmfU','2016-04-10 2:6:52','2016-04-26 10:6:38',7,'NNvf5Yvv',0,0);
INSERT INTO SILUTEL.INVOICE VALUES('M7Cwe5','2016-04-13 6:16:8','2016-04-26 10:29:59',16,'nvzr',0,0);
INSERT INTO SILUTEL.INVOICE VALUES('7d30QN','2016-04-04 2:0:16','2016-05-16 4:20:52',77,'NNvf5Yvv',0,0);
INSERT INTO SILUTEL.INVOICE VALUES('hxNj4U','2016-05-23 19:35:16','2016-05-29 13:27:4',1,'Cyyvy2jv1VwXMiHB2J',0,0);
INSERT INTO SILUTEL.INVOICE VALUES('mKhgsx','2016-04-04 23:19:12','2016-05-27 9:23:43',85,'KsvL',0,0);
INSERT INTO SILUTEL.INVOICE VALUES('RVT2Ip','2016-05-27 1:43:51','2016-05-28 18:22:24',58,'IvY',0,0);
INSERT INTO SILUTEL.INVOICE VALUES('mqhAn0','2016-05-05 21:37:31','2016-05-19 12:40:35',61,'tPU',0,0);
INSERT INTO SILUTEL.INVOICE VALUES('6MdG0O','2016-05-28 22:18:14','2016-05-28 23:3:48',81,'ks5UshACsp',0,0);
INSERT INTO SILUTEL.INVOICE VALUES('XGVKAj','2016-05-08 15:5:37','2016-05-28 17:30:29',30,'9jtsRa5g',0,0);
INSERT INTO SILUTEL.INVOICE VALUES('Xio9bQ','2016-05-02 10:48:11','2016-05-25 14:5:50',94,'WqkWStUwJt90WTS8',0,0);
INSERT INTO SILUTEL.INVOICE VALUES('EdkOFn','2016-05-27 23:35:40','2016-05-29 7:58:1',26,'ks5UshACsp',0,0);
INSERT INTO SILUTEL.INVOICE VALUES('LKgsZ2','2016-05-11 4:24:38','2016-05-28 8:30:59',7,'CIh',0,0);
INSERT INTO SILUTEL.INVOICE VALUES('QvcA7x','2016-04-07 9:21:5','2016-05-28 17:22:49',6,'P',0,0);
INSERT INTO SILUTEL.INVOICE VALUES('6Q2JQU','2016-05-03 19:36:14','2016-05-18 20:55:24',38,'IvY',0,0);
INSERT INTO SILUTEL.INVOICE VALUES('DqlEtF','2016-04-23 17:54:14','2016-04-28 21:49:14',59,'CIh',0,0);
INSERT INTO SILUTEL.INVOICE VALUES('ieKPuO','2016-05-04 16:2:12','2016-05-29 14:54:26',55,'n',0,0);
INSERT INTO SILUTEL.INVOICE VALUES('Kpy6L6','2016-04-15 17:38:17','2016-04-28 2:59:39',27,'16AZFeE2v3gcWmg1',0,0);
INSERT INTO SILUTEL.INVOICE VALUES('FAWfnt','2016-04-20 13:0:9','2016-05-25 9:49:12',13,'sJ8qFRD8oV7Jy7',0,0);
INSERT INTO SILUTEL.INVOICE VALUES('7UowJ0','2016-04-27 0:56:59','2016-04-29 22:17:5',79,'e6i0XBEnH4eBrxkoq8L',0,0);
INSERT INTO SILUTEL.INVOICE VALUES('Kyr276','2016-04-22 3:24:29','2016-04-26 0:1:5',84,'Y28Q3uGal7MM',0,0);
INSERT INTO SILUTEL.INVOICE VALUES('PALOlt','2016-04-15 12:58:59','2016-04-15 13:10:11',31,'P',0,0);
INSERT INTO SILUTEL.INVOICE VALUES('XJ1aHm','2016-05-21 11:16:33','2016-05-22 12:2:19',8,'7',0,0);
INSERT INTO SILUTEL.INVOICE VALUES('M7yCst','2016-04-04 4:21:0','2016-05-29 3:32:52',2,'Y28Q3uGal7MM',0,0);
INSERT INTO SILUTEL.INVOICE VALUES('oNaXmV','2016-05-04 9:48:15','2016-05-07 9:21:24',92,'Xl',0,0);
INSERT INTO SILUTEL.INVOICE VALUES('HySasa','2016-05-12 4:46:8','2016-05-19 21:39:49',57,'AwTDACUc8xLGDO4QjR',0,0);
INSERT INTO SILUTEL.INVOICE VALUES('14XlnR','2016-05-03 18:37:37','2016-05-19 5:37:22',37,'WqkWStUwJt90WTS8',0,0);
INSERT INTO SILUTEL.INVOICE VALUES('MS7c74','2016-05-05 0:32:29','2016-05-07 18:54:7',34,'D',0,0);
INSERT INTO SILUTEL.INVOICE VALUES('j7kseX','2016-04-22 12:21:11','2016-04-24 7:10:43',55,'9jtsRa5g',0,0);
INSERT INTO SILUTEL.INVOICE VALUES('xNpEZk','2016-04-12 16:33:52','2016-05-26 8:38:45',90,'Y3IQ7pW5C',0,0);
INSERT INTO SILUTEL.INVOICE VALUES('1qyPR4','2016-04-07 12:33:52','2016-05-18 5:15:55',69,'7',0,0);
INSERT INTO SILUTEL.INVOICE VALUES('FCHjdC','2016-04-26 18:21:24','2016-04-26 0:39:44',67,'NNvf5Yvv',0,0);
INSERT INTO SILUTEL.INVOICE VALUES('zycz4E','2016-04-23 16:10:38','2016-05-24 7:44:9',79,'P',0,0);
INSERT INTO SILUTEL.INVOICE VALUES('ywI1eV','2016-04-04 11:17:39','2016-04-09 20:45:55',51,'KsvL',0,0);
INSERT INTO SILUTEL.INVOICE VALUES('u0JZLv','2016-04-15 1:34:57','2016-05-17 4:39:18',59,'h32QpTdCyxcxRgFwCmBu',0,0);
INSERT INTO SILUTEL.INVOICE VALUES('lGO4Zi','2016-05-15 7:20:21','2016-05-16 7:11:22',7,'Cyyvy2jv1VwXMiHB2J',0,0);
INSERT INTO SILUTEL.INVOICE VALUES('nfoTtA','2016-05-27 15:26:0','2016-05-29 3:26:55',11,'P',0,0);
INSERT INTO SILUTEL.INVOICE VALUES('QJhtdG','2016-05-02 14:41:22','2016-05-23 2:1:44',21,'PMsIWnbb4g',0,0);
INSERT INTO SILUTEL.INVOICE VALUES('FCbE2a','2016-04-07 18:40:8','2016-04-28 15:48:27',81,'xlhfuC35tP5N5GRjRYm',0,0);
INSERT INTO SILUTEL.INVOICE VALUES('WbTF3H','2016-05-16 12:47:9','2016-05-16 7:7:0',15,'e6i0XBEnH4eBrxkoq8L',0,0);
INSERT INTO SILUTEL.INVOICE VALUES('qQpMTt','2016-05-21 2:8:55','2016-05-22 19:59:29',26,'tPU',0,0);
INSERT INTO SILUTEL.INVOICE VALUES('PntHOL','2016-04-25 5:55:57','2016-04-25 19:51:6',9,'BK62pY',0,0);
INSERT INTO SILUTEL.INVOICE VALUES('mKqGNw','2016-05-10 1:49:11','2016-05-28 1:46:44',14,'AFVpBL0s',0,0);
INSERT INTO SILUTEL.INVOICE VALUES('BMM6nN','2016-04-01 15:55:43','2016-04-29 16:43:32',82,'P',0,0);
INSERT INTO SILUTEL.INVOICE VALUES('ItDdWV','2016-05-27 6:35:20','2016-05-27 13:4:1',8,'wHbqqKnG8p456B',0,0);
INSERT INTO SILUTEL.INVOICE VALUES('jutDxg','2016-05-30 1:36:33','2016-05-30 8:12:47',50,'i7lL713pU',0,0);
INSERT INTO SILUTEL.INVOICE VALUES('HuynNx','2016-04-16 20:12:44','2016-04-16 0:35:32',9,'9yKX5ht7Z7269',0,0);
INSERT INTO SILUTEL.INVOICE VALUES('FdRGWT','2016-04-02 20:49:52','2016-04-04 22:7:20',63,'h32QpTdCyxcxRgFwCmBu',0,0);
INSERT INTO SILUTEL.INVOICE VALUES('S2I9nZ','2016-04-20 23:30:8','2016-04-23 11:13:43',20,'n',0,0);
INSERT INTO SILUTEL.INVOICE VALUES('vxkYH2','2016-05-19 15:3:39','2016-05-29 1:44:28',75,'W9AcCIok7N0N',0,0);
INSERT INTO SILUTEL.INVOICE VALUES('wMHLw5','2016-05-01 23:4:40','2016-05-03 12:20:30',31,'i7lL713pU',0,0);
INSERT INTO SILUTEL.INVOICE VALUES('um9p34','2016-05-27 22:1:16','2016-05-29 3:55:1',28,'AQJJOcCT9vR3KUDZ',0,0);
INSERT INTO SILUTEL.INVOICE VALUES('odE02Q','2016-05-06 1:1:37','2016-05-19 14:10:19',50,'IvY',0,0);
INSERT INTO SILUTEL.INVOICE VALUES('m2E0ZY','2016-05-18 6:25:36','2016-05-18 9:15:34',22,'BnDhu4sGvhOQWNn',0,0);
INSERT INTO SILUTEL.INVOICE VALUES('sqsNiq','2016-04-24 2:5:8','2016-05-27 14:38:28',5,'PMsIWnbb4g',0,0);
INSERT INTO SILUTEL.INVOICE VALUES('bEopg6','2016-05-19 17:4:9','2016-05-19 8:23:7',20,'MXzwqhQT8pMVwrHLc',0,0);
INSERT INTO SILUTEL.INVOICE VALUES('pERs7O','2016-04-22 16:13:52','2016-05-29 14:25:0',61,'W9AcCIok7N0N',0,0);
INSERT INTO SILUTEL.INVOICE VALUES('PIwl8U','2016-04-01 5:21:59','2016-05-15 19:30:20',96,'BK62pY',0,0);
INSERT INTO SILUTEL.INVOICE VALUES('WNd2RC','2016-04-28 21:46:47','2016-05-29 17:59:18',34,'n',0,0);
INSERT INTO SILUTEL.INVOICE VALUES('uLnuKv','2016-05-16 23:37:47','2016-05-16 17:7:16',23,'Gye7sHor',0,0);
INSERT INTO SILUTEL.INVOICE VALUES('CIYm5o','2016-05-08 19:55:10','2016-05-08 20:44:46',43,'tjYwCn',0,0);
INSERT INTO SILUTEL.INVOICE VALUES('7XYZ7a','2016-04-06 23:2:55','2016-04-26 2:45:30',86,'XHKw3gDMVVA',0,0);
INSERT INTO SILUTEL.INVOICE VALUES('M0eeNH','2016-05-03 9:52:40','2016-05-29 3:18:45',78,'BK62pY',0,0);
INSERT INTO SILUTEL.INVOICE VALUES('vptu3I','2016-04-08 10:35:50','2016-05-28 21:39:11',17,'en5ZY11YvzG9t1w',0,0);
INSERT INTO SILUTEL.INVOICE VALUES('fBNjDU','2016-04-27 16:52:10','2016-05-28 10:40:7',21,'tjYwCn',0,0);
INSERT INTO SILUTEL.INVOICE VALUES('RCCzop','2016-04-08 14:50:36','2016-05-08 5:51:28',62,'S6MCDmHCl4wTTI',0,0);
INSERT INTO SILUTEL.INVOICE VALUES('YQQ5ip','2016-05-25 9:37:54','2016-05-29 23:54:1',96,'BnDhu4sGvhOQWNn',0,0);
INSERT INTO SILUTEL.INVOICE VALUES('zHEtad','2016-04-05 17:49:6','2016-04-27 8:1:40',56,'en5ZY11YvzG9t1w',0,0);
INSERT INTO SILUTEL.INVOICE VALUES('2oedOR','2016-04-03 15:12:48','2016-05-03 8:9:3',20,'DfhczYIIThp1l',0,0);
INSERT INTO SILUTEL.INVOICE VALUES('7GhUcV','2016-05-21 19:37:5','2016-05-24 21:22:40',13,'yp',0,0);
INSERT INTO SILUTEL.INVOICE VALUES('asYA2D','2016-04-26 21:28:21','2016-04-26 6:23:44',96,'DfhczYIIThp1l',0,0);
INSERT INTO SILUTEL.INVOICE VALUES('akeCEN','2016-04-25 0:38:23','2016-04-25 2:42:2',24,'iRYRZwvkLfnfSd6',0,0);
INSERT INTO SILUTEL.INVOICE VALUES('SD6c6a','2016-05-20 0:51:59','2016-05-30 4:35:20',4,'PMsIWnbb4g',0,0);
INSERT INTO SILUTEL.INVOICE VALUES('gpRiap','2016-05-14 12:29:15','2016-05-28 4:0:10',82,'DfhczYIIThp1l',0,0);
INSERT INTO SILUTEL.INVOICE VALUES('ZaUHmK','2016-05-20 16:54:36','2016-05-27 3:56:7',61,'Y3IQ7pW5C',0,0);
INSERT INTO SILUTEL.INVOICE VALUES('fppftj','2016-05-27 22:36:47','2016-05-27 23:33:49',55,'MXzwqhQT8pMVwrHLc',0,0);
INSERT INTO SILUTEL.INVOICE VALUES('qXx7ZU','2016-05-03 10:8:12','2016-05-08 1:36:34',76,'iRYRZwvkLfnfSd6',0,0);
INSERT INTO SILUTEL.INVOICE VALUES('7rDkcx','2016-04-22 23:37:16','2016-05-27 9:45:2',7,'4h4M4ZwRObXrnUm',0,0);
INSERT INTO SILUTEL.INVOICE VALUES('qkoWWM','2016-04-05 17:4:56','2016-05-19 7:17:41',14,'IvY',0,0);
INSERT INTO SILUTEL.INVOICE VALUES('crdAD3','2016-05-14 18:58:18','2016-05-28 5:3:54',70,'O0uUFao8R8b',0,0);
INSERT INTO SILUTEL.INVOICE VALUES('nEGNwQ','2016-04-24 10:16:11','2016-05-25 2:47:47',58,'n',0,0);
INSERT INTO SILUTEL.INVOICE VALUES('w4pwy2','2016-05-23 6:16:37','2016-05-23 14:28:56',49,'wHbqqKnG8p456B',0,0);
INSERT INTO SILUTEL.INVOICE VALUES('3ETfIZ','2016-04-06 21:15:16','2016-05-17 10:16:37',51,'lLRgmlwtyUUcNM8WVIx',0,0);
INSERT INTO SILUTEL.INVOICE VALUES('WkkIN3','2016-05-30 2:39:56','2016-05-30 4:36:42',11,'UWb6vuSwtCY',0,0);
INSERT INTO SILUTEL.INVOICE VALUES('E9QCVg','2016-05-14 23:58:14','2016-05-24 10:23:27',74,'AwTDACUc8xLGDO4QjR',0,0);
INSERT INTO SILUTEL.INVOICE VALUES('Xw1DfL','2016-04-14 11:5:24','2016-04-17 22:20:34',10,'wHbqqKnG8p456B',0,0);
INSERT INTO SILUTEL.INVOICE VALUES('6Itjts','2016-04-09 0:14:20','2016-04-09 9:20:42',99,'eisu',0,0);
INSERT INTO SILUTEL.INVOICE VALUES('nWEz1E','2016-05-09 17:24:50','2016-05-29 10:1:0',25,'BnDhu4sGvhOQWNn',0,0);
INSERT INTO SILUTEL.INVOICE VALUES('XRhYKY','2016-05-02 4:36:48','2016-05-22 11:42:7',85,'cbqAWovA2DR7BuxPla',0,0);
INSERT INTO SILUTEL.INVOICE VALUES('nxMvrB','2016-05-08 23:34:51','2016-05-28 18:29:39',44,'tjYwCn',0,0);
INSERT INTO SILUTEL.INVOICE VALUES('rvFQZS','2016-04-28 8:12:52','2016-05-29 10:47:23',59,'Y3IQ7pW5C',0,0);
INSERT INTO SILUTEL.INVOICE VALUES('c5JfEF','2016-05-24 8:44:30','2016-05-25 18:31:21',27,'iRYRZwvkLfnfSd6',0,0);
INSERT INTO SILUTEL.INVOICE VALUES('xQHiNY','2016-05-08 10:9:39','2016-05-18 1:34:28',74,'Y28Q3uGal7MM',0,0);
INSERT INTO SILUTEL.INVOICE VALUES('H4E3nR','2016-05-25 11:8:20','2016-05-27 3:27:41',5,'tFc68X0I7Hsq1Z',0,0);
INSERT INTO SILUTEL.INVOICE VALUES('7Fp5Vy','2016-04-15 12:37:37','2016-04-15 14:4:2',4,'AwTDACUc8xLGDO4QjR',0,0);
INSERT INTO SILUTEL.INVOICE VALUES('s5s9X7','2016-04-23 0:18:32','2016-04-26 1:11:59',77,'KsvL',0,0);
INSERT INTO SILUTEL.TIPE_KAMAR VALUES('31yGUr7FDFowSc9p',79,'GwulVU3QO7ILO7o2VbEcWU4wEv2ZAmHjMLYKjpajcau7KRn8DWPN1',10674,80);
INSERT INTO SILUTEL.TIPE_KAMAR VALUES('zz4CkFpYq4',38,'gpJg8ZoYS9cDN4i8eCqr9PWgQlY8kJ6rEW3tMszjvKJboPgmcRtlupl3xT9tDGLD3F9k8YsOTMwkDV9Jg5kkNSHLlAIsPbGB',23678,75);
INSERT INTO SILUTEL.TIPE_KAMAR VALUES('ng6ZyOzhCY1zcUZhet7',61,'8LE8Zm5pf7EdAb3U8H67g52QAx08Mytl4EUDVXitUJyFrgg430xacdT0eyApoMk4ApLCBolVQV2zyrqIbwW',1449,95);
INSERT INTO SILUTEL.TIPE_KAMAR VALUES('V2C8d0HOELMAPj',0,'dIAEhLwHuo2HfLBkveWL35rxnfNRQ3YjnieMpaiERtFesGwUejJ2Ud74u5nYsKmibIzYCOSgFHF12W80sn8cfWCybFkCA731zW1y',9137,15);
INSERT INTO SILUTEL.TIPE_KAMAR VALUES('QvsiFUv8Ks',53,'Yszi2i6xexYbOnclq9xBx8MK3qZX00O1RXTglbYzGaHc1jQ5mST',25732,18);
INSERT INTO SILUTEL.TIPE_KAMAR VALUES('f9jDyLn',52,'3lLxYMn63QwAk0Fx3xDLjTefDd',9585,25);
INSERT INTO SILUTEL.TIPE_KAMAR VALUES('A7aEfwQhGFImFqLZE',76,'TlMfkKZaRUbMASNXMgHhB8EW4',19748,75);
INSERT INTO SILUTEL.TIPE_KAMAR VALUES('R8VGGXA7w7N',54,'1cTB1SndsdhlLXYhjlh0tN01HVKRVtfsUdrcl5X2pJIpvOIyFYr0dew6ywNS3feXXD0a',7204,71);
INSERT INTO SILUTEL.TIPE_KAMAR VALUES('rP',97,'EdzRBwNpfmnBI2DW4CROpoku4yYpnq0QmOWfjamDkQWGaPsYay8dUdAW4zhu',16599,39);
INSERT INTO SILUTEL.TIPE_KAMAR VALUES('d',80,'d8snWaKQKwSh64spTfSU1tUhXUl0MlgzZJmXRil3r0',15275,95);
INSERT INTO SILUTEL.KAMAR VALUES(48,90,'ng6ZyOzhCY1zcUZhet7');
INSERT INTO SILUTEL.KAMAR VALUES(58,37,'ng6ZyOzhCY1zcUZhet7');
INSERT INTO SILUTEL.KAMAR VALUES(12,68,'d');
INSERT INTO SILUTEL.KAMAR VALUES(14,46,'f9jDyLn');
INSERT INTO SILUTEL.KAMAR VALUES(34,41,'zz4CkFpYq4');
INSERT INTO SILUTEL.KAMAR VALUES(7,79,'A7aEfwQhGFImFqLZE');
INSERT INTO SILUTEL.KAMAR VALUES(45,40,'A7aEfwQhGFImFqLZE');
INSERT INTO SILUTEL.KAMAR VALUES(20,95,'QvsiFUv8Ks');
INSERT INTO SILUTEL.KAMAR VALUES(45,25,'d');
INSERT INTO SILUTEL.KAMAR VALUES(99,30,'31yGUr7FDFowSc9p');
INSERT INTO SILUTEL.KAMAR VALUES(81,64,'zz4CkFpYq4');
INSERT INTO SILUTEL.KAMAR VALUES(42,57,'31yGUr7FDFowSc9p');
INSERT INTO SILUTEL.KAMAR VALUES(92,82,'QvsiFUv8Ks');
INSERT INTO SILUTEL.KAMAR VALUES(59,32,'d');
INSERT INTO SILUTEL.KAMAR VALUES(28,74,'ng6ZyOzhCY1zcUZhet7');
INSERT INTO SILUTEL.KAMAR VALUES(70,7,'R8VGGXA7w7N');
INSERT INTO SILUTEL.KAMAR VALUES(23,43,'R8VGGXA7w7N');
INSERT INTO SILUTEL.KAMAR VALUES(3,24,'V2C8d0HOELMAPj');
INSERT INTO SILUTEL.KAMAR VALUES(75,10,'31yGUr7FDFowSc9p');
INSERT INTO SILUTEL.KAMAR VALUES(14,16,'V2C8d0HOELMAPj');
INSERT INTO SILUTEL.KAMAR VALUES(50,18,'A7aEfwQhGFImFqLZE');
INSERT INTO SILUTEL.KAMAR VALUES(21,97,'zz4CkFpYq4');
INSERT INTO SILUTEL.KAMAR VALUES(87,51,'QvsiFUv8Ks');
INSERT INTO SILUTEL.KAMAR VALUES(68,74,'QvsiFUv8Ks');
INSERT INTO SILUTEL.KAMAR VALUES(19,7,'d');
INSERT INTO SILUTEL.KAMAR VALUES(42,98,'f9jDyLn');
INSERT INTO SILUTEL.KAMAR VALUES(96,51,'zz4CkFpYq4');
INSERT INTO SILUTEL.KAMAR VALUES(71,73,'QvsiFUv8Ks');
INSERT INTO SILUTEL.KAMAR VALUES(5,78,'d');
INSERT INTO SILUTEL.KAMAR VALUES(90,95,'zz4CkFpYq4');
INSERT INTO SILUTEL.KAMAR VALUES(21,82,'31yGUr7FDFowSc9p');
INSERT INTO SILUTEL.KAMAR VALUES(64,1,'zz4CkFpYq4');
INSERT INTO SILUTEL.KAMAR VALUES(3,78,'R8VGGXA7w7N');
INSERT INTO SILUTEL.KAMAR VALUES(61,37,'QvsiFUv8Ks');
INSERT INTO SILUTEL.KAMAR VALUES(42,7,'QvsiFUv8Ks');
INSERT INTO SILUTEL.KAMAR VALUES(20,67,'QvsiFUv8Ks');
INSERT INTO SILUTEL.KAMAR VALUES(60,43,'f9jDyLn');
INSERT INTO SILUTEL.KAMAR VALUES(94,5,'rP');
INSERT INTO SILUTEL.KAMAR VALUES(47,60,'31yGUr7FDFowSc9p');
INSERT INTO SILUTEL.KAMAR VALUES(17,72,'d');
INSERT INTO SILUTEL.KAMAR VALUES(51,70,'V2C8d0HOELMAPj');
INSERT INTO SILUTEL.KAMAR VALUES(16,91,'ng6ZyOzhCY1zcUZhet7');
INSERT INTO SILUTEL.KAMAR VALUES(7,80,'f9jDyLn');
INSERT INTO SILUTEL.KAMAR VALUES(12,2,'V2C8d0HOELMAPj');
INSERT INTO SILUTEL.KAMAR VALUES(57,45,'QvsiFUv8Ks');
INSERT INTO SILUTEL.KAMAR VALUES(14,1,'V2C8d0HOELMAPj');
INSERT INTO SILUTEL.KAMAR VALUES(67,69,'31yGUr7FDFowSc9p');
INSERT INTO SILUTEL.KAMAR VALUES(71,28,'A7aEfwQhGFImFqLZE');
INSERT INTO SILUTEL.KAMAR VALUES(21,16,'d');
INSERT INTO SILUTEL.KAMAR VALUES(88,75,'R8VGGXA7w7N');
INSERT INTO SILUTEL.INVOICE_KAMAR VALUES('8Vi56Y',14,1);
INSERT INTO SILUTEL.INVOICE_KAMAR VALUES('HuynNx',64,1);
INSERT INTO SILUTEL.INVOICE_KAMAR VALUES('pJSVhl',12,68);
INSERT INTO SILUTEL.INVOICE_KAMAR VALUES('oNaXmV',87,51);
INSERT INTO SILUTEL.INVOICE_KAMAR VALUES('KOnguI',21,97);
INSERT INTO SILUTEL.INVOICE_KAMAR VALUES('WbTF3H',28,74);
INSERT INTO SILUTEL.INVOICE_KAMAR VALUES('hzGHIm',21,82);
INSERT INTO SILUTEL.INVOICE_KAMAR VALUES('7XYZ7a',42,57);
INSERT INTO SILUTEL.INVOICE_KAMAR VALUES('7XYZ7a',61,37);
INSERT INTO SILUTEL.INVOICE_KAMAR VALUES('tGgwFI',12,2);
INSERT INTO SILUTEL.INVOICE_KAMAR VALUES('wMHLw5',58,37);
INSERT INTO SILUTEL.INVOICE_KAMAR VALUES('hfTLsr',21,97);
INSERT INTO SILUTEL.INVOICE_KAMAR VALUES('aSUZr7',81,64);
INSERT INTO SILUTEL.INVOICE_KAMAR VALUES('RkAGak',45,25);
INSERT INTO SILUTEL.INVOICE_KAMAR VALUES('mTqaSP',21,82);
INSERT INTO SILUTEL.INVOICE_KAMAR VALUES('LKgsZ2',59,32);
INSERT INTO SILUTEL.INVOICE_KAMAR VALUES('CIYm5o',7,79);
INSERT INTO SILUTEL.INVOICE_KAMAR VALUES('8wPRoI',21,16);
INSERT INTO SILUTEL.INVOICE_KAMAR VALUES('tGgwFI',21,16);
INSERT INTO SILUTEL.INVOICE_KAMAR VALUES('nEGNwQ',48,90);
INSERT INTO SILUTEL.INVOICE_KAMAR VALUES('bW1YCT',45,25);
INSERT INTO SILUTEL.INVOICE_KAMAR VALUES('nlGRtl',21,97);
INSERT INTO SILUTEL.INVOICE_KAMAR VALUES('ywI1eV',47,60);
INSERT INTO SILUTEL.INVOICE_KAMAR VALUES('um9p34',28,74);
INSERT INTO SILUTEL.INVOICE_KAMAR VALUES('zHEtad',21,82);
INSERT INTO SILUTEL.INVOICE_KAMAR VALUES('RkAGak',71,28);
INSERT INTO SILUTEL.INVOICE_KAMAR VALUES('1qyPR4',45,25);
INSERT INTO SILUTEL.INVOICE_KAMAR VALUES('6wIO8V',21,97);
INSERT INTO SILUTEL.INVOICE_KAMAR VALUES('s5s9X7',3,24);
INSERT INTO SILUTEL.INVOICE_KAMAR VALUES('EJGrhS',96,51);
INSERT INTO SILUTEL.INVOICE_KAMAR VALUES('lbiKXr',42,57);
INSERT INTO SILUTEL.INVOICE_KAMAR VALUES('mKqGNw',75,10);
INSERT INTO SILUTEL.INVOICE_KAMAR VALUES('7Fp5Vy',42,98);
INSERT INTO SILUTEL.INVOICE_KAMAR VALUES('wSdzCu',50,18);
INSERT INTO SILUTEL.INVOICE_KAMAR VALUES('asYA2D',67,69);
INSERT INTO SILUTEL.INVOICE_KAMAR VALUES('u0JZLv',45,25);
INSERT INTO SILUTEL.INVOICE_KAMAR VALUES('akeCEN',71,28);
INSERT INTO SILUTEL.INVOICE_KAMAR VALUES('tFWyIf',14,16);
INSERT INTO SILUTEL.INVOICE_KAMAR VALUES('dOvXK2',42,7);
INSERT INTO SILUTEL.INVOICE_KAMAR VALUES('c5JfEF',19,7);
INSERT INTO SILUTEL.INVOICE_KAMAR VALUES('LfBgXt',20,67);
INSERT INTO SILUTEL.INVOICE_KAMAR VALUES('1qyPR4',12,68);
INSERT INTO SILUTEL.INVOICE_KAMAR VALUES('zHEtad',70,7);
INSERT INTO SILUTEL.INVOICE_KAMAR VALUES('nxMvrB',20,67);
INSERT INTO SILUTEL.INVOICE_KAMAR VALUES('SD6c6a',59,32);
INSERT INTO SILUTEL.INVOICE_KAMAR VALUES('XRhYKY',99,30);
INSERT INTO SILUTEL.INVOICE_KAMAR VALUES('6dlO4o',61,37);
INSERT INTO SILUTEL.INVOICE_KAMAR VALUES('lGO4Zi',81,64);
INSERT INTO SILUTEL.INVOICE_KAMAR VALUES('zycz4E',64,1);
INSERT INTO SILUTEL.INVOICE_KAMAR VALUES('MS7c74',5,78);
INSERT INTO SILUTEL.INVOICE_KAMAR VALUES('ngDV30',23,43);
INSERT INTO SILUTEL.INVOICE_KAMAR VALUES('akeCEN',68,74);
INSERT INTO SILUTEL.INVOICE_KAMAR VALUES('SD6c6a',87,51);
INSERT INTO SILUTEL.INVOICE_KAMAR VALUES('xNpEZk',92,82);
INSERT INTO SILUTEL.INVOICE_KAMAR VALUES('H4E3nR',21,82);
INSERT INTO SILUTEL.INVOICE_KAMAR VALUES('uxCQum',19,7);
INSERT INTO SILUTEL.INVOICE_KAMAR VALUES('bWjxAu',70,7);
INSERT INTO SILUTEL.INVOICE_KAMAR VALUES('QoFxpL',7,79);
INSERT INTO SILUTEL.INVOICE_KAMAR VALUES('YQQ5ip',59,32);
INSERT INTO SILUTEL.INVOICE_KAMAR VALUES('H4E3nR',20,67);
INSERT INTO SILUTEL.INVOICE_KAMAR VALUES('yK09cL',88,75);
INSERT INTO SILUTEL.INVOICE_KAMAR VALUES('E9QCVg',50,18);
INSERT INTO SILUTEL.INVOICE_KAMAR VALUES('65iBzz',50,18);
INSERT INTO SILUTEL.INVOICE_KAMAR VALUES('INOcDA',3,78);
INSERT INTO SILUTEL.INVOICE_KAMAR VALUES('fppftj',87,51);
INSERT INTO SILUTEL.INVOICE_KAMAR VALUES('xQHiNY',45,25);
INSERT INTO SILUTEL.INVOICE_KAMAR VALUES('7rDkcx',42,7);
INSERT INTO SILUTEL.INVOICE_KAMAR VALUES('M7yCst',59,32);
INSERT INTO SILUTEL.INVOICE_KAMAR VALUES('EdkOFn',21,16);
INSERT INTO SILUTEL.INVOICE_KAMAR VALUES('nXlKAU',90,95);
INSERT INTO SILUTEL.INVOICE_KAMAR VALUES('nWEz1E',34,41);
INSERT INTO SILUTEL.INVOICE_KAMAR VALUES('OyCNfd',64,1);
INSERT INTO SILUTEL.INVOICE_KAMAR VALUES('QJhtdG',7,79);
INSERT INTO SILUTEL.INVOICE_KAMAR VALUES('16CRws',96,51);
INSERT INTO SILUTEL.INVOICE_KAMAR VALUES('ieKPuO',12,68);
INSERT INTO SILUTEL.INVOICE_KAMAR VALUES('qXx7ZU',67,69);
INSERT INTO SILUTEL.INVOICE_KAMAR VALUES('6wIO8V',34,41);
INSERT INTO SILUTEL.INVOICE_KAMAR VALUES('RVT2Ip',19,7);
INSERT INTO SILUTEL.INVOICE_KAMAR VALUES('bEopg6',71,73);
INSERT INTO SILUTEL.INVOICE_KAMAR VALUES('QvcA7x',7,80);
INSERT INTO SILUTEL.INVOICE_KAMAR VALUES('vbXsVe',50,18);
INSERT INTO SILUTEL.INVOICE_KAMAR VALUES('vxkYH2',47,60);
INSERT INTO SILUTEL.INVOICE_KAMAR VALUES('B4ePUM',3,78);
INSERT INTO SILUTEL.INVOICE_KAMAR VALUES('oNaXmV',42,7);
INSERT INTO SILUTEL.INVOICE_KAMAR VALUES('6MdG0O',61,37);
INSERT INTO SILUTEL.INVOICE_KAMAR VALUES('hzGHIm',92,82);
INSERT INTO SILUTEL.INVOICE_KAMAR VALUES('lbiKXr',81,64);
INSERT INTO SILUTEL.INVOICE_KAMAR VALUES('FTUZq7',5,78);
INSERT INTO SILUTEL.INVOICE_KAMAR VALUES('3ETfIZ',67,69);
INSERT INTO SILUTEL.INVOICE_KAMAR VALUES('Xw1DfL',28,74);
INSERT INTO SILUTEL.INVOICE_KAMAR VALUES('lGO4Zi',60,43);
INSERT INTO SILUTEL.INVOICE_KAMAR VALUES('mKhgsx',42,98);
INSERT INTO SILUTEL.INVOICE_KAMAR VALUES('S2I9nZ',88,75);
INSERT INTO SILUTEL.INVOICE_KAMAR VALUES('QJhtdG',3,24);
INSERT INTO SILUTEL.INVOICE_KAMAR VALUES('qkoWWM',67,69);
INSERT INTO SILUTEL.INVOICE_KAMAR VALUES('7d30QN',21,97);
INSERT INTO SILUTEL.INVOICE_KAMAR VALUES('oeHOee',45,25);
INSERT INTO SILUTEL.INVOICE_KAMAR VALUES('rvFQZS',5,78);
INSERT INTO SILUTEL.INVOICE_KAMAR VALUES('RCCzop',47,60);
INSERT INTO SILUTEL.INVOICE_KAMAR VALUES('HySasa',90,95);
INSERT INTO SILUTEL.INVOICE_KAMAR VALUES('2ki0Ob',68,74);
INSERT INTO SILUTEL.INVOICE_KAMAR VALUES('SD6c6a',42,57);
INSERT INTO SILUTEL.INVOICE_KAMAR VALUES('WbTF3H',51,70);
INSERT INTO SILUTEL.INVOICE_KAMAR VALUES('mqhAn0',64,1);
INSERT INTO SILUTEL.INVOICE_KAMAR VALUES('FTUZq7',28,74);
INSERT INTO SILUTEL.INVOICE_KAMAR VALUES('3ETfIZ',88,75);
INSERT INTO SILUTEL.INVOICE_KAMAR VALUES('ynSNEZ',81,64);
INSERT INTO SILUTEL.INVOICE_KAMAR VALUES('DgMbXV',34,41);
INSERT INTO SILUTEL.INVOICE_KAMAR VALUES('hxNj4U',42,7);
INSERT INTO SILUTEL.INVOICE_KAMAR VALUES('Kpy6L6',45,25);
INSERT INTO SILUTEL.INVOICE_KAMAR VALUES('8Vi56Y',21,82);
INSERT INTO SILUTEL.INVOICE_KAMAR VALUES('sqsNiq',99,30);
INSERT INTO SILUTEL.INVOICE_KAMAR VALUES('w4pwy2',92,82);
INSERT INTO SILUTEL.INVOICE_KAMAR VALUES('jWuQ9u',3,24);
INSERT INTO SILUTEL.INVOICE_KAMAR VALUES('m2E0ZY',47,60);
INSERT INTO SILUTEL.INVOICE_KAMAR VALUES('0v7FDo',3,24);
INSERT INTO SILUTEL.INVOICE_KAMAR VALUES('M0eeNH',3,24);
INSERT INTO SILUTEL.INVOICE_KAMAR VALUES('dpMGUk',75,10);
INSERT INTO SILUTEL.INVOICE_KAMAR VALUES('YnX49M',92,82);
INSERT INTO SILUTEL.INVOICE_KAMAR VALUES('p1n3YO',87,51);
INSERT INTO SILUTEL.INVOICE_KAMAR VALUES('7UowJ0',60,43);
INSERT INTO SILUTEL.INVOICE_KAMAR VALUES('ZLY29W',88,75);
INSERT INTO SILUTEL.INVOICE_KAMAR VALUES('DgMbXV',7,80);
INSERT INTO SILUTEL.INVOICE_KAMAR VALUES('WNd2RC',5,78);
INSERT INTO SILUTEL.INVOICE_KAMAR VALUES('7d30QN',81,64);
INSERT INTO SILUTEL.INVOICE_KAMAR VALUES('ZaUHmK',92,82);
INSERT INTO SILUTEL.INVOICE_KAMAR VALUES('DqlEtF',20,95);
INSERT INTO SILUTEL.INVOICE_KAMAR VALUES('4ZU2wW',64,1);
INSERT INTO SILUTEL.INVOICE_KAMAR VALUES('ueGbNi',96,51);
INSERT INTO SILUTEL.INVOICE_KAMAR VALUES('gLHmfn',20,95);
INSERT INTO SILUTEL.INVOICE_KAMAR VALUES('j7kseX',21,82);
INSERT INTO SILUTEL.INVOICE_KAMAR VALUES('PALOlt',21,97);
INSERT INTO SILUTEL.INVOICE_KAMAR VALUES('odE02Q',12,68);
INSERT INTO SILUTEL.INVOICE_KAMAR VALUES('crdAD3',92,82);
INSERT INTO SILUTEL.INVOICE_KAMAR VALUES('qQpMTt',12,2);
INSERT INTO SILUTEL.INVOICE_KAMAR VALUES('zycz4E',34,41);
INSERT INTO SILUTEL.INVOICE_KAMAR VALUES('nlGRtl',12,2);
INSERT INTO SILUTEL.INVOICE_KAMAR VALUES('pERs7O',42,98);
INSERT INTO SILUTEL.INVOICE_KAMAR VALUES('dNVvTw',61,37);
INSERT INTO SILUTEL.INVOICE_KAMAR VALUES('XGVKAj',48,90);
INSERT INTO SILUTEL.INVOICE_KAMAR VALUES('wMHLw5',51,70);
INSERT INTO SILUTEL.INVOICE_KAMAR VALUES('QJhtdG',34,41);
INSERT INTO SILUTEL.INVOICE_KAMAR VALUES('uLnuKv',3,78);
INSERT INTO SILUTEL.INVOICE_KAMAR VALUES('2oedOR',70,7);
INSERT INTO SILUTEL.INVOICE_KAMAR VALUES('M7Cwe5',92,82);
INSERT INTO SILUTEL.INVOICE_KAMAR VALUES('w4pwy2',3,78);
INSERT INTO SILUTEL.INVOICE_KAMAR VALUES('PntHOL',60,43);
INSERT INTO SILUTEL.INVOICE_KAMAR VALUES('ZLY29W',28,74);
INSERT INTO SILUTEL.INVOICE_KAMAR VALUES('nfoTtA',50,18);
INSERT INTO SILUTEL.INVOICE_KAMAR VALUES('RVT2Ip',59,32);
INSERT INTO SILUTEL.INVOICE_KAMAR VALUES('6wIO8V',71,28);
INSERT INTO SILUTEL.INVOICE_KAMAR VALUES('u0JZLv',7,79);
INSERT INTO SILUTEL.INVOICE_KAMAR VALUES('w4pwy2',7,79);
INSERT INTO SILUTEL.INVOICE_KAMAR VALUES('Xio9bQ',48,90);
INSERT INTO SILUTEL.INVOICE_KAMAR VALUES('u0JZLv',94,5);
INSERT INTO SILUTEL.INVOICE_KAMAR VALUES('pJSVhl',19,7);
INSERT INTO SILUTEL.INVOICE_KAMAR VALUES('PALOlt',7,79);
INSERT INTO SILUTEL.INVOICE_KAMAR VALUES('2ki0Ob',87,51);
INSERT INTO SILUTEL.INVOICE_KAMAR VALUES('p8syS8',59,32);
INSERT INTO SILUTEL.INVOICE_KAMAR VALUES('M7yCst',88,75);
INSERT INTO SILUTEL.INVOICE_KAMAR VALUES('gpRiap',71,28);
INSERT INTO SILUTEL.INVOICE_KAMAR VALUES('pERs7O',70,7);
INSERT INTO SILUTEL.INVOICE_KAMAR VALUES('rFcezy',51,70);
INSERT INTO SILUTEL.INVOICE_KAMAR VALUES('oeHOee',34,41);
INSERT INTO SILUTEL.INVOICE_KAMAR VALUES('ItDdWV',96,51);
INSERT INTO SILUTEL.INVOICE_KAMAR VALUES('BMM6nN',59,32);
INSERT INTO SILUTEL.INVOICE_KAMAR VALUES('RkAGak',81,64);
INSERT INTO SILUTEL.INVOICE_KAMAR VALUES('LKgsZ2',70,7);
INSERT INTO SILUTEL.INVOICE_KAMAR VALUES('vptu3I',28,74);
INSERT INTO SILUTEL.INVOICE_KAMAR VALUES('QJhtdG',94,5);
INSERT INTO SILUTEL.INVOICE_KAMAR VALUES('PVlJ2Q',92,82);
INSERT INTO SILUTEL.INVOICE_KAMAR VALUES('WkkIN3',48,90);
INSERT INTO SILUTEL.INVOICE_KAMAR VALUES('dpMGUk',90,95);
INSERT INTO SILUTEL.INVOICE_KAMAR VALUES('WNd2RC',48,90);
INSERT INTO SILUTEL.INVOICE_KAMAR VALUES('xanyC2',17,72);
INSERT INTO SILUTEL.INVOICE_KAMAR VALUES('2oedOR',87,51);
INSERT INTO SILUTEL.INVOICE_KAMAR VALUES('FdRGWT',68,74);
INSERT INTO SILUTEL.INVOICE_KAMAR VALUES('Tpkhjd',64,1);
INSERT INTO SILUTEL.INVOICE_KAMAR VALUES('c5JfEF',12,68);
INSERT INTO SILUTEL.INVOICE_KAMAR VALUES('p8syS8',64,1);
INSERT INTO SILUTEL.INVOICE_KAMAR VALUES('6Itjts',61,37);
INSERT INTO SILUTEL.INVOICE_KAMAR VALUES('s21QFr',51,70);
INSERT INTO SILUTEL.INVOICE_KAMAR VALUES('H4E3nR',64,1);
INSERT INTO SILUTEL.INVOICE_KAMAR VALUES('FAWfnt',47,60);
INSERT INTO SILUTEL.INVOICE_KAMAR VALUES('PIwl8U',47,60);
INSERT INTO SILUTEL.INVOICE_KAMAR VALUES('6Q2JQU',42,7);
INSERT INTO SILUTEL.INVOICE_KAMAR VALUES('jutDxg',71,73);
INSERT INTO SILUTEL.INVOICE_KAMAR VALUES('7GhUcV',34,41);
INSERT INTO SILUTEL.INVOICE_KAMAR VALUES('m2E0ZY',12,2);
INSERT INTO SILUTEL.INVOICE_KAMAR VALUES('FCbE2a',92,82);
INSERT INTO SILUTEL.INVOICE_KAMAR VALUES('14XlnR',87,51);
INSERT INTO SILUTEL.INVOICE_KAMAR VALUES('qXx7ZU',42,98);
INSERT INTO SILUTEL.INVOICE_KAMAR VALUES('Kyr276',28,74);
INSERT INTO SILUTEL.INVOICE_KAMAR VALUES('ynSNEZ',3,78);
INSERT INTO SILUTEL.INVOICE_KAMAR VALUES('XJ1aHm',23,43);
INSERT INTO SILUTEL.INVOICE_KAMAR VALUES('TyYmfU',7,80);
INSERT INTO SILUTEL.INVOICE_KAMAR VALUES('elwcma',12,2);
INSERT INTO SILUTEL.INVOICE_KAMAR VALUES('FCHjdC',14,46);
INSERT INTO SILUTEL.INVOICE_KAMAR VALUES('fBNjDU',75,10);
INSERT INTO SILUTEL.INVOICE_KAMAR VALUES('qYL4vZ',51,70);
INSERT INTO SILUTEL.INVENTORI VALUES('pExOOzw6iIhVlOa','VRlf4SRcrnXRBgV',0);
INSERT INTO SILUTEL.INVENTORI VALUES('D','RWZV2WN9FxpGCTRG',0);
INSERT INTO SILUTEL.INVENTORI VALUES('Am','B36KVA1fz',0);
INSERT INTO SILUTEL.INVENTORI VALUES('1pJQUODZ','MWXOnctug',0);
INSERT INTO SILUTEL.INVENTORI VALUES('C1UcnunMkXztMkicI7','eZfoj74wM',0);
INSERT INTO SILUTEL.INVENTORI VALUES('uK','LXqFCQlq6dF',0);
INSERT INTO SILUTEL.INVENTORI VALUES('36q2iWBUVsg','gbcBZkzE',0);
INSERT INTO SILUTEL.INVENTORI VALUES('Tc2sR1NXJc6','jYVeLAlbFKn0wzi',0);
INSERT INTO SILUTEL.INVENTORI VALUES('xBB5cb00OjK','cFlJEFL0T',0);
INSERT INTO SILUTEL.INVENTORI VALUES('ROd6TkvHi7nvT','rEPp61S0abg5h4',0);
INSERT INTO SILUTEL.INVENTORI VALUES('mu3OeW5l','UEBRRc',0);
INSERT INTO SILUTEL.INVENTORI VALUES('dvXyOsLBCCJy02iie','mQO',0);
INSERT INTO SILUTEL.INVENTORI VALUES('UvKWAJOGvlV3r','YCMRTMBdYn',0);
INSERT INTO SILUTEL.INVENTORI VALUES('AywhiL','yyZLiBGY1bTI3',0);
INSERT INTO SILUTEL.INVENTORI VALUES('ySm1KVezq','zr6cyuzBiqOF9q0WWh',0);
INSERT INTO SILUTEL.INVENTORI VALUES('GJIQ','tN9wZTTQHQR2Tap8',0);
INSERT INTO SILUTEL.INVENTORI VALUES('nYg6xXCNjbG','UuEWx9maYFakbGW',0);
INSERT INTO SILUTEL.INVENTORI VALUES('wv7P96mTd','MIqVcrzFmARD0A',0);
INSERT INTO SILUTEL.INVENTORI VALUES('cO9BGEx','qYLSGDr0avCMfKeaJ0eA',0);
INSERT INTO SILUTEL.INVENTORI VALUES('m','zndJCmAe1QVB',0);
INSERT INTO SILUTEL.INVENTORI VALUES('ilDjup','iFw7AKqg',0);
INSERT INTO SILUTEL.INVENTORI VALUES('5sIV8dlG','RpWP8SLzcJ9',0);
INSERT INTO SILUTEL.INVENTORI VALUES('T6EqbsdgW8Nj4a','fRcdQNr1JwYGYJ6XIHW',0);
INSERT INTO SILUTEL.INVENTORI VALUES('fGCB5WSDIn88a','T3ywce42pM',0);
INSERT INTO SILUTEL.INVENTORI VALUES('2TC4QNw1MMXXabh','MzUqDZ',0);
INSERT INTO SILUTEL.INVENTORI VALUES('uALMLTL','d7Q20p',0);
INSERT INTO SILUTEL.INVENTORI VALUES('fjSsFO1mzsi6JJc0fo','Br0W6JZjS2x83Z',0);
INSERT INTO SILUTEL.INVENTORI VALUES('CvDK5','Z462dW9i8Oz',0);
INSERT INTO SILUTEL.INVENTORI VALUES('iZxt','yb4w0sjczO1',0);
INSERT INTO SILUTEL.INVENTORI VALUES('OwYa7EDQyM','QcvtZxNG',0);
INSERT INTO SILUTEL.INVENTORI VALUES('2os8M94bG6','BZLHY',0);
INSERT INTO SILUTEL.INVENTORI VALUES('tznXwQXl','oH',0);
INSERT INTO SILUTEL.INVENTORI VALUES('w3J0uXjRvyd8','prn5l0nL',0);
INSERT INTO SILUTEL.INVENTORI VALUES('2sWYqxO','VN',0);
INSERT INTO SILUTEL.INVENTORI VALUES('aZQjvZrMhssQkpkWhopI','S8',0);
INSERT INTO SILUTEL.INVENTORI VALUES('YAcsm2Fm','OoKqBhhV2U3ZM4vGfGgP',0);
INSERT INTO SILUTEL.INVENTORI VALUES('I2ibx6wqWWXhwx','R03obt1ZhqY',0);
INSERT INTO SILUTEL.INVENTORI VALUES('609nz2LDTauwit','rlZYM',0);
INSERT INTO SILUTEL.INVENTORI VALUES('vOFrJHqhG','OqtbVvVwo',0);
INSERT INTO SILUTEL.INVENTORI VALUES('W5lcZ6p97fL','nA2',0);
INSERT INTO SILUTEL.INVENTORI VALUES('6s1gYXJ4Bt9MjQNbc','yixdsfJD',0);
INSERT INTO SILUTEL.INVENTORI VALUES('NXKiBfqFkThNfb7fi','n9pHCXo23q61S1zkE',0);
INSERT INTO SILUTEL.INVENTORI VALUES('CMvpMbzFMuiYEB','dMqYKWcb1CSXGyMxbs',0);
INSERT INTO SILUTEL.INVENTORI VALUES('eepjdgHx','U7BBtIeBl5HdNF',0);
INSERT INTO SILUTEL.INVENTORI VALUES('2yAo93GMOSbOcAk','ZN9OZWu6vRN4ms0rbP6F',0);
INSERT INTO SILUTEL.INVENTORI VALUES('bD0kIJbawWLCeVkN','VEtG1P',0);
INSERT INTO SILUTEL.INVENTORI VALUES('ys','ZeggaCzlKq',0);
INSERT INTO SILUTEL.INVENTORI VALUES('TV9tcdyS','Tce1Wqh1OmYdaKP',0);
INSERT INTO SILUTEL.INVENTORI VALUES('mjWPZd','d65tgJSS267UzrQj',0);
INSERT INTO SILUTEL.INVENTORI VALUES('yrhPxy5d4Z6hdaq2','vhUNU3b',0);
INSERT INTO SILUTEL.INVENTORI_TIPE_KAMAR VALUES('R8VGGXA7w7N','CMvpMbzFMuiYEB','dMqYKWcb1CSXGyMxbs',67);
INSERT INTO SILUTEL.INVENTORI_TIPE_KAMAR VALUES('R8VGGXA7w7N','6s1gYXJ4Bt9MjQNbc','yixdsfJD',20);
INSERT INTO SILUTEL.INVENTORI_TIPE_KAMAR VALUES('rP','dvXyOsLBCCJy02iie','mQO',88);
INSERT INTO SILUTEL.INVENTORI_TIPE_KAMAR VALUES('zz4CkFpYq4','ySm1KVezq','zr6cyuzBiqOF9q0WWh',67);
INSERT INTO SILUTEL.INVENTORI_TIPE_KAMAR VALUES('A7aEfwQhGFImFqLZE','vOFrJHqhG','OqtbVvVwo',99);
INSERT INTO SILUTEL.INVENTORI_TIPE_KAMAR VALUES('d','tznXwQXl','oH',70);
INSERT INTO SILUTEL.INVENTORI_TIPE_KAMAR VALUES('QvsiFUv8Ks','609nz2LDTauwit','rlZYM',98);
INSERT INTO SILUTEL.INVENTORI_TIPE_KAMAR VALUES('f9jDyLn','TV9tcdyS','Tce1Wqh1OmYdaKP',89);
INSERT INTO SILUTEL.INVENTORI_TIPE_KAMAR VALUES('A7aEfwQhGFImFqLZE','uALMLTL','d7Q20p',45);
INSERT INTO SILUTEL.INVENTORI_TIPE_KAMAR VALUES('d','uK','LXqFCQlq6dF',94);
INSERT INTO SILUTEL.INVENTORI_TIPE_KAMAR VALUES('ng6ZyOzhCY1zcUZhet7','iZxt','yb4w0sjczO1',26);
INSERT INTO SILUTEL.INVENTORI_TIPE_KAMAR VALUES('V2C8d0HOELMAPj','nYg6xXCNjbG','UuEWx9maYFakbGW',10);
INSERT INTO SILUTEL.INVENTORI_TIPE_KAMAR VALUES('ng6ZyOzhCY1zcUZhet7','2sWYqxO','VN',41);
INSERT INTO SILUTEL.INVENTORI_TIPE_KAMAR VALUES('V2C8d0HOELMAPj','2sWYqxO','VN',36);
INSERT INTO SILUTEL.INVENTORI_TIPE_KAMAR VALUES('ng6ZyOzhCY1zcUZhet7','C1UcnunMkXztMkicI7','eZfoj74wM',11);
INSERT INTO SILUTEL.INVENTORI_TIPE_KAMAR VALUES('zz4CkFpYq4','cO9BGEx','qYLSGDr0avCMfKeaJ0eA',41);
INSERT INTO SILUTEL.INVENTORI_TIPE_KAMAR VALUES('31yGUr7FDFowSc9p','2sWYqxO','VN',78);
INSERT INTO SILUTEL.INVENTORI_TIPE_KAMAR VALUES('f9jDyLn','yrhPxy5d4Z6hdaq2','vhUNU3b',84);
INSERT INTO SILUTEL.INVENTORI_TIPE_KAMAR VALUES('V2C8d0HOELMAPj','bD0kIJbawWLCeVkN','VEtG1P',17);
INSERT INTO SILUTEL.INVENTORI_TIPE_KAMAR VALUES('QvsiFUv8Ks','dvXyOsLBCCJy02iie','mQO',70);
INSERT INTO SILUTEL.INVENTORI_TIPE_KAMAR VALUES('QvsiFUv8Ks','cO9BGEx','qYLSGDr0avCMfKeaJ0eA',9);
INSERT INTO SILUTEL.INVENTORI_TIPE_KAMAR VALUES('zz4CkFpYq4','m','zndJCmAe1QVB',34);
INSERT INTO SILUTEL.INVENTORI_TIPE_KAMAR VALUES('A7aEfwQhGFImFqLZE','1pJQUODZ','MWXOnctug',45);
INSERT INTO SILUTEL.INVENTORI_TIPE_KAMAR VALUES('V2C8d0HOELMAPj','YAcsm2Fm','OoKqBhhV2U3ZM4vGfGgP',56);
INSERT INTO SILUTEL.INVENTORI_TIPE_KAMAR VALUES('R8VGGXA7w7N','mu3OeW5l','UEBRRc',32);
INSERT INTO SILUTEL.INVENTORI_TIPE_KAMAR VALUES('f9jDyLn','pExOOzw6iIhVlOa','VRlf4SRcrnXRBgV',14);
INSERT INTO SILUTEL.INVENTORI_TIPE_KAMAR VALUES('R8VGGXA7w7N','fjSsFO1mzsi6JJc0fo','Br0W6JZjS2x83Z',70);
INSERT INTO SILUTEL.INVENTORI_TIPE_KAMAR VALUES('A7aEfwQhGFImFqLZE','T6EqbsdgW8Nj4a','fRcdQNr1JwYGYJ6XIHW',25);
INSERT INTO SILUTEL.INVENTORI_TIPE_KAMAR VALUES('f9jDyLn','bD0kIJbawWLCeVkN','VEtG1P',82);
INSERT INTO SILUTEL.INVENTORI_TIPE_KAMAR VALUES('A7aEfwQhGFImFqLZE','ilDjup','iFw7AKqg',80);
INSERT INTO SILUTEL.INVENTORI_TIPE_KAMAR VALUES('f9jDyLn','2TC4QNw1MMXXabh','MzUqDZ',79);
INSERT INTO SILUTEL.INVENTORI_TIPE_KAMAR VALUES('QvsiFUv8Ks','2yAo93GMOSbOcAk','ZN9OZWu6vRN4ms0rbP6F',16);
INSERT INTO SILUTEL.INVENTORI_TIPE_KAMAR VALUES('R8VGGXA7w7N','1pJQUODZ','MWXOnctug',40);
INSERT INTO SILUTEL.INVENTORI_TIPE_KAMAR VALUES('A7aEfwQhGFImFqLZE','36q2iWBUVsg','gbcBZkzE',40);
INSERT INTO SILUTEL.INVENTORI_TIPE_KAMAR VALUES('rP','mu3OeW5l','UEBRRc',35);
INSERT INTO SILUTEL.INVENTORI_TIPE_KAMAR VALUES('A7aEfwQhGFImFqLZE','GJIQ','tN9wZTTQHQR2Tap8',81);
INSERT INTO SILUTEL.INVENTORI_TIPE_KAMAR VALUES('QvsiFUv8Ks','UvKWAJOGvlV3r','YCMRTMBdYn',47);
INSERT INTO SILUTEL.INVENTORI_TIPE_KAMAR VALUES('zz4CkFpYq4','aZQjvZrMhssQkpkWhopI','S8',67);
INSERT INTO SILUTEL.INVENTORI_TIPE_KAMAR VALUES('31yGUr7FDFowSc9p','ilDjup','iFw7AKqg',23);
INSERT INTO SILUTEL.INVENTORI_TIPE_KAMAR VALUES('V2C8d0HOELMAPj','wv7P96mTd','MIqVcrzFmARD0A',57);
INSERT INTO SILUTEL.INVENTORI_TIPE_KAMAR VALUES('A7aEfwQhGFImFqLZE','TV9tcdyS','Tce1Wqh1OmYdaKP',5);
INSERT INTO SILUTEL.INVENTORI_TIPE_KAMAR VALUES('V2C8d0HOELMAPj','UvKWAJOGvlV3r','YCMRTMBdYn',30);
INSERT INTO SILUTEL.INVENTORI_TIPE_KAMAR VALUES('d','xBB5cb00OjK','cFlJEFL0T',48);
INSERT INTO SILUTEL.INVENTORI_TIPE_KAMAR VALUES('rP','yrhPxy5d4Z6hdaq2','vhUNU3b',63);
INSERT INTO SILUTEL.INVENTORI_TIPE_KAMAR VALUES('R8VGGXA7w7N','fGCB5WSDIn88a','T3ywce42pM',93);
INSERT INTO SILUTEL.INVENTORI_TIPE_KAMAR VALUES('f9jDyLn','2yAo93GMOSbOcAk','ZN9OZWu6vRN4ms0rbP6F',34);
INSERT INTO SILUTEL.INVENTORI_TIPE_KAMAR VALUES('31yGUr7FDFowSc9p','2os8M94bG6','BZLHY',94);
INSERT INTO SILUTEL.INVENTORI_TIPE_KAMAR VALUES('rP','I2ibx6wqWWXhwx','R03obt1ZhqY',45);
INSERT INTO SILUTEL.INVENTORI_TIPE_KAMAR VALUES('ng6ZyOzhCY1zcUZhet7','5sIV8dlG','RpWP8SLzcJ9',83);
INSERT INTO SILUTEL.INVENTORI_TIPE_KAMAR VALUES('rP','Tc2sR1NXJc6','jYVeLAlbFKn0wzi',37);
INSERT INTO SILUTEL.INVENTORI_TIPE_KAMAR VALUES('zz4CkFpYq4','YAcsm2Fm','OoKqBhhV2U3ZM4vGfGgP',42);
INSERT INTO SILUTEL.INVENTORI_TIPE_KAMAR VALUES('ng6ZyOzhCY1zcUZhet7','ys','ZeggaCzlKq',1);
INSERT INTO SILUTEL.INVENTORI_TIPE_KAMAR VALUES('ng6ZyOzhCY1zcUZhet7','2TC4QNw1MMXXabh','MzUqDZ',0);
INSERT INTO SILUTEL.INVENTORI_TIPE_KAMAR VALUES('ng6ZyOzhCY1zcUZhet7','2yAo93GMOSbOcAk','ZN9OZWu6vRN4ms0rbP6F',73);
INSERT INTO SILUTEL.INVENTORI_TIPE_KAMAR VALUES('rP','AywhiL','yyZLiBGY1bTI3',78);
INSERT INTO SILUTEL.INVENTORI_TIPE_KAMAR VALUES('ng6ZyOzhCY1zcUZhet7','I2ibx6wqWWXhwx','R03obt1ZhqY',65);
INSERT INTO SILUTEL.INVENTORI_TIPE_KAMAR VALUES('d','mjWPZd','d65tgJSS267UzrQj',98);
INSERT INTO SILUTEL.INVENTORI_TIPE_KAMAR VALUES('d','aZQjvZrMhssQkpkWhopI','S8',80);
INSERT INTO SILUTEL.INVENTORI_TIPE_KAMAR VALUES('f9jDyLn','eepjdgHx','U7BBtIeBl5HdNF',46);
INSERT INTO SILUTEL.INVENTORI_TIPE_KAMAR VALUES('QvsiFUv8Ks','YAcsm2Fm','OoKqBhhV2U3ZM4vGfGgP',2);
INSERT INTO SILUTEL.INVENTORI_TIPE_KAMAR VALUES('31yGUr7FDFowSc9p','OwYa7EDQyM','QcvtZxNG',13);
INSERT INTO SILUTEL.INVENTORI_TIPE_KAMAR VALUES('ng6ZyOzhCY1zcUZhet7','Am','B36KVA1fz',69);
INSERT INTO SILUTEL.INVENTORI_TIPE_KAMAR VALUES('R8VGGXA7w7N','TV9tcdyS','Tce1Wqh1OmYdaKP',98);
INSERT INTO SILUTEL.INVENTORI_TIPE_KAMAR VALUES('V2C8d0HOELMAPj','ROd6TkvHi7nvT','rEPp61S0abg5h4',22);
INSERT INTO SILUTEL.INVENTORI_TIPE_KAMAR VALUES('d','2os8M94bG6','BZLHY',49);
INSERT INTO SILUTEL.INVENTORI_TIPE_KAMAR VALUES('31yGUr7FDFowSc9p','ySm1KVezq','zr6cyuzBiqOF9q0WWh',98);
INSERT INTO SILUTEL.INVENTORI_TIPE_KAMAR VALUES('d','NXKiBfqFkThNfb7fi','n9pHCXo23q61S1zkE',84);
INSERT INTO SILUTEL.INVENTORI_TIPE_KAMAR VALUES('A7aEfwQhGFImFqLZE','CvDK5','Z462dW9i8Oz',76);
INSERT INTO SILUTEL.INVENTORI_TIPE_KAMAR VALUES('d','D','RWZV2WN9FxpGCTRG',24);
INSERT INTO SILUTEL.INVENTORI_TIPE_KAMAR VALUES('rP','uALMLTL','d7Q20p',57);
INSERT INTO SILUTEL.INVENTORI_TIPE_KAMAR VALUES('ng6ZyOzhCY1zcUZhet7','w3J0uXjRvyd8','prn5l0nL',23);
INSERT INTO SILUTEL.INVENTORI_TIPE_KAMAR VALUES('V2C8d0HOELMAPj','CMvpMbzFMuiYEB','dMqYKWcb1CSXGyMxbs',29);
INSERT INTO SILUTEL.INVENTORI_TIPE_KAMAR VALUES('rP','W5lcZ6p97fL','nA2',35);
INSERT INTO SILUTEL.INVENTORI_TIPE_KAMAR VALUES('A7aEfwQhGFImFqLZE','2os8M94bG6','BZLHY',91);
INSERT INTO SILUTEL.INVENTORI_TIPE_KAMAR VALUES('V2C8d0HOELMAPj','W5lcZ6p97fL','nA2',94);
INSERT INTO SILUTEL.LAUNDRY_INVENTORI VALUES('yrhPxy5d4Z6hdaq2','vhUNU3b','rwH2NGssmYxs1isg@lalala.com','2016-05-24 2:26:18',70,30337,'2016-05-28 11:14:47');
INSERT INTO SILUTEL.LAUNDRY_INVENTORI VALUES('CMvpMbzFMuiYEB','dMqYKWcb1CSXGyMxbs','zKX1RMKJfhBPvFgiGj0@foo.bar','2016-04-28 0:56:16',81,29365,'2016-04-29 5:11:35');
INSERT INTO SILUTEL.LAUNDRY_INVENTORI VALUES('yrhPxy5d4Z6hdaq2','vhUNU3b','u7DJ1muEaiEaFyfP@lalala.com','2016-05-21 15:39:43',44,2431,'2016-05-22 6:42:45');
INSERT INTO SILUTEL.LAUNDRY_INVENTORI VALUES('6s1gYXJ4Bt9MjQNbc','yixdsfJD','u7DJ1muEaiEaFyfP@lalala.com','2016-04-02 10:13:30',75,4726,'2016-04-06 5:12:23');
INSERT INTO SILUTEL.LAUNDRY_INVENTORI VALUES('mjWPZd','d65tgJSS267UzrQj','zKX1RMKJfhBPvFgiGj0@foo.bar','2016-05-16 11:48:35',39,24882,'2016-05-17 11:11:55');
INSERT INTO SILUTEL.LAUNDRY_INVENTORI VALUES('pExOOzw6iIhVlOa','VRlf4SRcrnXRBgV','7O@ui.ac.id','2016-05-05 2:38:38',41,28966,'2016-05-17 15:1:35');
INSERT INTO SILUTEL.LAUNDRY_INVENTORI VALUES('D','RWZV2WN9FxpGCTRG','FbhfyTp5bawtOrVUzBV@ui.ac.id','2016-05-27 21:1:38',77,31812,'2016-05-29 13:17:45');
INSERT INTO SILUTEL.LAUNDRY_INVENTORI VALUES('ySm1KVezq','zr6cyuzBiqOF9q0WWh','AtWRUO@foo.bar','2016-04-07 11:58:41',3,1708,'2016-04-18 0:11:24');
INSERT INTO SILUTEL.LAUNDRY_INVENTORI VALUES('C1UcnunMkXztMkicI7','eZfoj74wM','mtWJKicL26yGY@ui.ac.id','2016-04-09 19:41:15',3,1864,'2016-04-09 18:34:42');
INSERT INTO SILUTEL.LAUNDRY_INVENTORI VALUES('2yAo93GMOSbOcAk','ZN9OZWu6vRN4ms0rbP6F','vn@ui.ac.id','2016-04-17 6:10:14',27,26906,'2016-05-19 5:21:49');
INSERT INTO SILUTEL.LAUNDRY_INVENTORI VALUES('nYg6xXCNjbG','UuEWx9maYFakbGW','mvldno@foo.bar','2016-05-13 12:55:55',29,7529,'2016-05-28 4:31:55');
INSERT INTO SILUTEL.LAUNDRY_INVENTORI VALUES('CvDK5','Z462dW9i8Oz','z@lalala.com','2016-05-15 11:52:48',59,9743,'2016-05-27 3:52:32');
INSERT INTO SILUTEL.LAUNDRY_INVENTORI VALUES('bD0kIJbawWLCeVkN','VEtG1P','rwH2NGssmYxs1isg@lalala.com','2016-05-24 2:26:18',84,6105,'2016-05-27 22:1:9');
INSERT INTO SILUTEL.LAUNDRY_INVENTORI VALUES('m','zndJCmAe1QVB','kyrYhOZQRQr@lalala.com','2016-04-16 16:39:59',81,25845,'2016-05-17 14:18:9');
INSERT INTO SILUTEL.LAUNDRY_INVENTORI VALUES('I2ibx6wqWWXhwx','R03obt1ZhqY','kyrYhOZQRQr@lalala.com','2016-04-06 12:9:51',99,20154,'2016-05-16 13:3:29');
INSERT INTO SILUTEL.LAUNDRY_INVENTORI VALUES('2TC4QNw1MMXXabh','MzUqDZ','YgnLlnc07i@ui.ac.id','2016-05-21 12:12:39',49,32297,'2016-05-27 3:33:29');
INSERT INTO SILUTEL.LAUNDRY_INVENTORI VALUES('Tc2sR1NXJc6','jYVeLAlbFKn0wzi','D9VzCjsvOYvmecA@ui.ac.id','2016-04-13 4:23:11',46,9913,'2016-04-13 15:21:39');
INSERT INTO SILUTEL.LAUNDRY_INVENTORI VALUES('nYg6xXCNjbG','UuEWx9maYFakbGW','YgnLlnc07i@ui.ac.id','2016-05-20 18:32:39',65,16767,'2016-05-28 16:41:41');
INSERT INTO SILUTEL.LAUNDRY_INVENTORI VALUES('cO9BGEx','qYLSGDr0avCMfKeaJ0eA','YMoExVIQx9tivYhc@ui.ac.id','2016-05-01 9:46:43',37,17443,'2016-05-05 19:50:18');
INSERT INTO SILUTEL.LAUNDRY_INVENTORI VALUES('2os8M94bG6','BZLHY','YMoExVIQx9tivYhc@ui.ac.id','2016-05-01 9:46:43',74,4070,'2016-05-06 10:21:44');
INSERT INTO SILUTEL.LAUNDRY_INVENTORI VALUES('YAcsm2Fm','OoKqBhhV2U3ZM4vGfGgP','A7R9wJ9dD@foo.bar','2016-04-12 15:25:39',11,14653,'2016-04-19 3:38:36');
INSERT INTO SILUTEL.LAUNDRY_INVENTORI VALUES('2TC4QNw1MMXXabh','MzUqDZ','FbhfyTp5bawtOrVUzBV@ui.ac.id','2016-04-20 18:5:55',89,20763,'2016-04-27 9:55:9');
INSERT INTO SILUTEL.LAUNDRY_INVENTORI VALUES('aZQjvZrMhssQkpkWhopI','S8','0c7Ilc5LhzDit3sv@foo.bar','2016-05-11 10:23:23',56,22983,'2016-05-21 12:25:4');
INSERT INTO SILUTEL.LAUNDRY_INVENTORI VALUES('fjSsFO1mzsi6JJc0fo','Br0W6JZjS2x83Z','FbhfyTp5bawtOrVUzBV@ui.ac.id','2016-04-20 18:5:55',36,20622,'2016-05-20 15:21:7');
INSERT INTO SILUTEL.LAUNDRY_INVENTORI VALUES('GJIQ','tN9wZTTQHQR2Tap8','mtWJKicL26yGY@ui.ac.id','2016-04-09 19:41:15',41,6336,'2016-05-19 16:9:17');
INSERT INTO SILUTEL.LAUNDRY_INVENTORI VALUES('D','RWZV2WN9FxpGCTRG','kyrYhOZQRQr@lalala.com','2016-05-05 0:53:16',72,18094,'2016-05-28 5:45:51');
INSERT INTO SILUTEL.LAUNDRY_INVENTORI VALUES('Am','B36KVA1fz','AtWRUO@foo.bar','2016-04-07 11:58:41',38,11023,'2016-04-18 19:13:36');
INSERT INTO SILUTEL.LAUNDRY_INVENTORI VALUES('T6EqbsdgW8Nj4a','fRcdQNr1JwYGYJ6XIHW','0c7Ilc5LhzDit3sv@foo.bar','2016-05-11 10:23:23',95,25889,'2016-05-19 4:29:36');
INSERT INTO SILUTEL.LAUNDRY_INVENTORI VALUES('yrhPxy5d4Z6hdaq2','vhUNU3b','z@lalala.com','2016-05-07 20:47:51',53,19276,'2016-05-07 14:10:24');
INSERT INTO SILUTEL.LAUNDRY_INVENTORI VALUES('2os8M94bG6','BZLHY','kyrYhOZQRQr@lalala.com','2016-04-14 2:44:9',13,20494,'2016-04-16 2:0:7');
INSERT INTO SILUTEL.LAUNDRY_INVENTORI VALUES('uALMLTL','d7Q20p','u7DJ1muEaiEaFyfP@lalala.com','2016-04-02 10:13:30',39,78,'2016-04-09 1:23:14');
INSERT INTO SILUTEL.LAUNDRY_INVENTORI VALUES('Am','B36KVA1fz','kyrYhOZQRQr@lalala.com','2016-04-16 16:39:59',50,18907,'2016-05-29 7:48:35');
INSERT INTO SILUTEL.LAUNDRY_INVENTORI VALUES('bD0kIJbawWLCeVkN','VEtG1P','kyrYhOZQRQr@lalala.com','2016-04-16 16:39:59',77,27044,'2016-05-17 0:28:45');
INSERT INTO SILUTEL.LAUNDRY_INVENTORI VALUES('cO9BGEx','qYLSGDr0avCMfKeaJ0eA','EEpYFS6HNmW8bj@ui.ac.id','2016-05-29 17:41:7',47,1093,'2016-05-29 3:50:25');
INSERT INTO SILUTEL.LAUNDRY_INVENTORI VALUES('GJIQ','tN9wZTTQHQR2Tap8','YMoExVIQx9tivYhc@ui.ac.id','2016-04-12 3:53:39',28,7091,'2016-05-26 9:55:58');
INSERT INTO SILUTEL.LAUNDRY_INVENTORI VALUES('eepjdgHx','U7BBtIeBl5HdNF','vn@ui.ac.id','2016-04-27 20:16:41',40,14266,'2016-05-28 6:39:8');
INSERT INTO SILUTEL.LAUNDRY_INVENTORI VALUES('eepjdgHx','U7BBtIeBl5HdNF','EEpYFS6HNmW8bj@ui.ac.id','2016-05-29 17:41:7',88,1495,'2016-05-29 14:47:18');
INSERT INTO SILUTEL.LAUNDRY_INVENTORI VALUES('uALMLTL','d7Q20p','rwH2NGssmYxs1isg@lalala.com','2016-05-01 8:53:49',43,5368,'2016-05-14 12:5:55');
INSERT INTO SILUTEL.LAUNDRY_INVENTORI VALUES('dvXyOsLBCCJy02iie','mQO','A7R9wJ9dD@foo.bar','2016-04-12 15:25:39',15,30515,'2016-05-18 23:23:5');
INSERT INTO SILUTEL.LAUNDRY_INVENTORI VALUES('mu3OeW5l','UEBRRc','8@ui.ac.id','2016-05-13 15:10:13',87,22541,'2016-05-19 18:12:39');
INSERT INTO SILUTEL.LAUNDRY_INVENTORI VALUES('UvKWAJOGvlV3r','YCMRTMBdYn','rvk4icW1rmr5si7hiH@lalala.com','2016-05-26 4:52:55',4,3956,'2016-05-27 11:48:40');
INSERT INTO SILUTEL.LAUNDRY_INVENTORI VALUES('T6EqbsdgW8Nj4a','fRcdQNr1JwYGYJ6XIHW','8@ui.ac.id','2016-05-13 15:10:13',10,28301,'2016-05-23 3:55:27');
INSERT INTO SILUTEL.LAUNDRY_INVENTORI VALUES('iZxt','yb4w0sjczO1','rvk4icW1rmr5si7hiH@lalala.com','2016-04-22 10:16:1',37,19537,'2016-05-22 4:22:10');
INSERT INTO SILUTEL.LAUNDRY_INVENTORI VALUES('D','RWZV2WN9FxpGCTRG','7O@ui.ac.id','2016-05-05 2:38:38',40,14664,'2016-05-28 1:12:0');
INSERT INTO SILUTEL.LAUNDRY_INVENTORI VALUES('2sWYqxO','VN','D9VzCjsvOYvmecA@ui.ac.id','2016-04-29 23:10:13',58,4495,'2016-05-29 23:11:48');
INSERT INTO SILUTEL.LAUNDRY_INVENTORI VALUES('eepjdgHx','U7BBtIeBl5HdNF','rvk4icW1rmr5si7hiH@lalala.com','2016-04-22 10:16:1',29,23373,'2016-04-23 4:15:51');
INSERT INTO SILUTEL.LAUNDRY_INVENTORI VALUES('Tc2sR1NXJc6','jYVeLAlbFKn0wzi','FbhfyTp5bawtOrVUzBV@ui.ac.id','2016-04-24 5:37:49',47,2107,'2016-05-28 12:15:48');
INSERT INTO SILUTEL.LAUNDRY_INVENTORI VALUES('CvDK5','Z462dW9i8Oz','FbhfyTp5bawtOrVUzBV@ui.ac.id','2016-04-24 5:37:49',68,31380,'2016-05-28 0:50:26');
INSERT INTO SILUTEL.LAUNDRY_INVENTORI VALUES('m','zndJCmAe1QVB','FbhfyTp5bawtOrVUzBV@ui.ac.id','2016-05-26 13:34:3',14,4653,'2016-05-26 14:51:0');
INSERT INTO SILUTEL.LAUNDRY_INVENTORI VALUES('2sWYqxO','VN','0c7Ilc5LhzDit3sv@foo.bar','2016-05-19 6:34:9',3,12476,'2016-05-29 16:35:10');
INSERT INTO SILUTEL.LAUNDRY_INVENTORI VALUES('CvDK5','Z462dW9i8Oz','rwH2NGssmYxs1isg@lalala.com','2016-05-24 2:26:18',73,12124,'2016-05-25 21:54:25');
INSERT INTO SILUTEL.LAUNDRY_INVENTORI VALUES('nYg6xXCNjbG','UuEWx9maYFakbGW','z@lalala.com','2016-05-07 20:47:51',76,23158,'2016-05-07 5:57:16');
INSERT INTO SILUTEL.LAUNDRY_INVENTORI VALUES('YAcsm2Fm','OoKqBhhV2U3ZM4vGfGgP','0c7Ilc5LhzDit3sv@foo.bar','2016-04-16 5:26:55',5,13702,'2016-05-27 10:54:27');
INSERT INTO SILUTEL.LAUNDRY_INVENTORI VALUES('AywhiL','yyZLiBGY1bTI3','D9VzCjsvOYvmecA@ui.ac.id','2016-04-29 23:10:13',10,1585,'2016-04-29 17:23:5');
INSERT INTO SILUTEL.LAUNDRY_INVENTORI VALUES('6s1gYXJ4Bt9MjQNbc','yixdsfJD','rwH2NGssmYxs1isg@lalala.com','2016-05-01 8:53:49',75,16674,'2016-05-29 19:31:50');
INSERT INTO SILUTEL.LAUNDRY_INVENTORI VALUES('D','RWZV2WN9FxpGCTRG','0c7Ilc5LhzDit3sv@foo.bar','2016-05-11 10:23:23',47,31223,'2016-05-15 5:48:23');
INSERT INTO SILUTEL.LAUNDRY_INVENTORI VALUES('iZxt','yb4w0sjczO1','YMoExVIQx9tivYhc@ui.ac.id','2016-05-01 9:46:43',17,7130,'2016-05-15 18:0:25');
INSERT INTO SILUTEL.LAUNDRY_INVENTORI VALUES('GJIQ','tN9wZTTQHQR2Tap8','0c7Ilc5LhzDit3sv@foo.bar','2016-05-10 10:34:26',65,14251,'2016-05-14 1:50:31');
INSERT INTO SILUTEL.LAUNDRY_INVENTORI VALUES('AywhiL','yyZLiBGY1bTI3','YMoExVIQx9tivYhc@ui.ac.id','2016-04-23 10:25:29',94,22917,'2016-05-25 1:18:28');
INSERT INTO SILUTEL.LAUNDRY_INVENTORI VALUES('mu3OeW5l','UEBRRc','YgnLlnc07i@ui.ac.id','2016-05-20 18:32:39',58,6355,'2016-05-25 10:24:6');
INSERT INTO SILUTEL.LAUNDRY_INVENTORI VALUES('5sIV8dlG','RpWP8SLzcJ9','z@lalala.com','2016-05-15 11:52:48',49,31137,'2016-05-19 2:53:40');
INSERT INTO SILUTEL.LAUNDRY_INVENTORI VALUES('iZxt','yb4w0sjczO1','zKX1RMKJfhBPvFgiGj0@foo.bar','2016-04-28 0:56:16',34,26205,'2016-04-29 10:21:20');
INSERT INTO SILUTEL.LAUNDRY_INVENTORI VALUES('UvKWAJOGvlV3r','YCMRTMBdYn','YgnLlnc07i@ui.ac.id','2016-05-20 18:32:39',93,23587,'2016-05-30 8:57:0');
INSERT INTO SILUTEL.LAUNDRY_INVENTORI VALUES('ilDjup','iFw7AKqg','FbhfyTp5bawtOrVUzBV@ui.ac.id','2016-04-20 18:5:55',47,3472,'2016-04-28 16:16:58');
INSERT INTO SILUTEL.LAUNDRY_INVENTORI VALUES('NXKiBfqFkThNfb7fi','n9pHCXo23q61S1zkE','FbhfyTp5bawtOrVUzBV@ui.ac.id','2016-05-27 21:1:38',82,13609,'2016-05-28 9:31:6');
INSERT INTO SILUTEL.LAUNDRY_INVENTORI VALUES('OwYa7EDQyM','QcvtZxNG','rvk4icW1rmr5si7hiH@lalala.com','2016-05-26 4:52:55',50,16530,'2016-05-28 23:38:11');
INSERT INTO SILUTEL.LAUNDRY_INVENTORI VALUES('yrhPxy5d4Z6hdaq2','vhUNU3b','FbhfyTp5bawtOrVUzBV@ui.ac.id','2016-04-20 18:5:55',54,19086,'2016-04-26 13:32:23');
INSERT INTO SILUTEL.LAUNDRY_INVENTORI VALUES('W5lcZ6p97fL','nA2','zKX1RMKJfhBPvFgiGj0@foo.bar','2016-04-28 0:56:16',30,5386,'2016-04-28 10:9:10');
INSERT INTO SILUTEL.LAUNDRY_INVENTORI VALUES('tznXwQXl','oH','z@lalala.com','2016-05-09 20:53:42',82,16179,'2016-05-19 9:13:14');
INSERT INTO SILUTEL.LAUNDRY_INVENTORI VALUES('6s1gYXJ4Bt9MjQNbc','yixdsfJD','D9VzCjsvOYvmecA@ui.ac.id','2016-05-11 14:12:20',97,32191,'2016-05-29 2:45:49');
INSERT INTO SILUTEL.LAUNDRY_INVENTORI VALUES('2yAo93GMOSbOcAk','ZN9OZWu6vRN4ms0rbP6F','z@lalala.com','2016-05-15 11:52:48',78,5928,'2016-05-16 3:16:11');
INSERT INTO SILUTEL.LAUNDRY_INVENTORI VALUES('I2ibx6wqWWXhwx','R03obt1ZhqY','rvk4icW1rmr5si7hiH@lalala.com','2016-05-26 4:52:55',68,26894,'2016-05-27 16:56:4');
INSERT INTO SILUTEL.LAUNDRY_INVENTORI VALUES('dvXyOsLBCCJy02iie','mQO','kyrYhOZQRQr@lalala.com','2016-04-16 16:39:59',40,18818,'2016-05-26 19:0:7');
INSERT INTO SILUTEL.LAUNDRY_INVENTORI VALUES('wv7P96mTd','MIqVcrzFmARD0A','YMoExVIQx9tivYhc@ui.ac.id','2016-04-23 10:25:29',5,10152,'2016-04-23 11:4:10');
INSERT INTO SILUTEL.LAUNDRY_INVENTORI VALUES('2yAo93GMOSbOcAk','ZN9OZWu6vRN4ms0rbP6F','rwH2NGssmYxs1isg@lalala.com','2016-04-11 18:23:22',71,14540,'2016-04-24 10:5:30');
INSERT INTO SILUTEL.SUPPLIER VALUES('wBHtYo5FLziuNlzCsERrXpfvlsqbz9M','czn3S5GicXmFU9316bEEzgdcIP4FVw','CDI3ALBjP0F@ui.ac.id');
INSERT INTO SILUTEL.SUPPLIER VALUES('C5948BMP9g6FcmbI3zJeKzwv','zxgyck9WtYH8csmTvO99aJLoG5ZFDJOAZdgXMKPZ77TKbce5ovcjuCFw2zdZxLAFCBLem2sgKCeGExZU93d','a9aRtnH9rkPgeyns@foo.bar');
INSERT INTO SILUTEL.SUPPLIER VALUES('pTXI9ZKwvo8','LaRPWqSqwCLq5dkdNH2Olf1ES9J3M29IrWBVvddJki2HsMPHRJVdBapP4MyrXKPPsfO','VFcY6JvoBI@ui.ac.id');
INSERT INTO SILUTEL.SUPPLIER VALUES('URFpQpYSQb5hgAYgPhXxYay22cjuc','hkJByNkgPnHVI5Ny5oOJ0NsTfb8HurInCmifRcpfYtAdzWnWpagcG98M5OLf6aZYSZBvzYneRVsEcK4tZ8V9QyCfa2wgFO','vpRmC7fuvEI@ui.ac.id');
INSERT INTO SILUTEL.SUPPLIER VALUES('EcBchJuqhkjIilcXqGqo','7jvkh5zjSZqQ2AUU5cGps2eRo8q2dqeZ2qSQnztGGBOyjNMe96o1Z8Cfm1sHAi5QF76e72Sc70eLL8Xs98Nv7GdGj','dgfd5tAFpuln7jvEPxq@lalala.com');
INSERT INTO SILUTEL.SUPPLIER VALUES('pjrICvr6lIXsSE5hsU','WmFQgFA0BGqWSrHKqoTpFMbAxBdEqexwe5QKXl7Qgv8GUbYdOQS6pOS0hXah46ormhBNpUN85s9iTfo','jk6G@foo.bar');
INSERT INTO SILUTEL.SUPPLIER VALUES('cg2x33lacqCA','4LzaszucrpHFlBZ','9pXwR68vLzG2RAAvX0@lalala.com');
INSERT INTO SILUTEL.SUPPLIER VALUES('wkTuhqM56l','HpkS0z0G2de8jatKC3RWr5H6ComnjUuqn8GXizWtBgrXpuRwROlJ','7aZJbBjUcRl27@ui.ac.id');
INSERT INTO SILUTEL.SUPPLIER VALUES('WBZYFHq0XtmScaVXSx5L2f','ZAkd8T5GO3WcdJSD746Wsc7uM7ALFE0N3qb5tbzOEBK5O','BuXfif6x6rpkj7BmwYS@foo.bar');
INSERT INTO SILUTEL.SUPPLIER VALUES('WL02Qy0n4A20oSQkYsl7sROM49m3d00Y','We2u81JyjOamAJE2916f349ys','I66EjE@lalala.com');
INSERT INTO SILUTEL.SUPPLIER VALUES('4KJ3XwebXkwxwWiNhK1v','eO8aOZP8ujvTFYR7nWBWwXUi8HcCrFXZtYcyFBaWl0jMOYwt0fDpHPlo','h2e0GK5vVkCdKzTl@lalala.com');
INSERT INTO SILUTEL.SUPPLIER VALUES('Ncf2npXE98mhuGpJudMK3BR','3QMYU3Ws8jpmJfxMxgIubgTg6ftmPE1eTzLPz','bvBWZmpRifXZXneuiu@foo.bar');
INSERT INTO SILUTEL.SUPPLIER VALUES('hGl3EjFBsEEDcMO1VxUFH5CEXO','OPt65NyvmpjLqk7zxjPOsrtKU1y222SbNVZi7X2JTJz6Dc0kyrjllephtOZzbJNcJqJbdf2lJHxnTA0cV','p9M3QmVr6657@ui.ac.id');
INSERT INTO SILUTEL.SUPPLIER VALUES('Kr5V4yTzbatSp2Exf84','5Gw1QvgyoCVNcD5pxlSaJEigPKnJT1viHZSw','pISkrXXusSC4QX9mv@lalala.com');
INSERT INTO SILUTEL.SUPPLIER VALUES('VaUN5defY','H3D3ej00Vi9TONi4yVIVqx6n8CJoAJ7UR8d0P5JGopLmxbu962DENeZCC2HKNcVa5DVGO','G0cRxcQ6etCK@ui.ac.id');
INSERT INTO SILUTEL.SUPPLIER VALUES('UIYIN','kshVUBBzHaIDZBhfEMS7SgAB1kkIdV6WzqX0DfWWNmvLJDNVnqHcy6vEQ8LhY','0Vl1q9yJcLGdD3ALKZ7t@foo.bar');
INSERT INTO SILUTEL.SUPPLIER VALUES('xmP4I4JO2KZyRUCYaso0SFM0B','Nb8UzIr8H9QeTHuF0Ms','Kuo9xZFueo5u@lalala.com');
INSERT INTO SILUTEL.SUPPLIER VALUES('UAf1kNJiS42UmnPv5ZMxPxhz6uvU','JGTpttiJaB','BcVPSxIqytNIosh9Ei@ui.ac.id');
INSERT INTO SILUTEL.SUPPLIER VALUES('nLvaX1X7W6VL7mydCPE','VDc0yVWVoLnzFJ29qsm6UCMYe5jlV6iOX9kynsMPQ23k14uioUVQSJpaieTXXHOlvc51amLL0aUyLBuLXeu','Dk1SjJYzg6A0tY@ui.ac.id');
INSERT INTO SILUTEL.SUPPLIER VALUES('YB6R0mr17','ra0qeE2fG2vq0hvmKoWJU1oN','kaj0Vf2WC24SdyrK@ui.ac.id');
INSERT INTO SILUTEL.SUPPLIER VALUES('EIITGV7yQBSkOouATnPIkBl3r','6HSkXLVWIq7fTmS4','cYLr@lalala.com');
INSERT INTO SILUTEL.SUPPLIER VALUES('8sqfTrc4M2hCPRvGlc4KU9XSTWLtRmcs','WhwyT8TrT','6bYeNq@foo.bar');
INSERT INTO SILUTEL.SUPPLIER VALUES('h6OiWSQsqLF8fXqpz','gL9PaF8oq4wfk4ySt','Tu6mMTLlKYWLC6I0R@lalala.com');
INSERT INTO SILUTEL.SUPPLIER VALUES('2r2EZuK5QO7cnQMbi','SZPhyCvZCZdrpd3hpEszbgKtvusSsUVJcQceVRmM0igxByFxgfsZR1oMP227o8xW7','dwmEjbiWLlD21jOs@foo.bar');
INSERT INTO SILUTEL.SUPPLIER VALUES('i2WISxrqOvBI','esZlCLDlLu52I','gjdAG@lalala.com');
INSERT INTO SILUTEL.SUPPLIER VALUES('lC','c1dgGVCDdLS1dHVIMv2JK','jUSQKpjwHngHEmkB2V@lalala.com');
INSERT INTO SILUTEL.SUPPLIER VALUES('JXaomP5nXAFxyv3qbZRE','R0FCymUa0dSXc6dWUUsfI767RSshezp4ayOkQ','9p@lalala.com');
INSERT INTO SILUTEL.SUPPLIER VALUES('drgybn','ezCD4cEPV282kXQT','hQD5JkpwFSyl05mTP@lalala.com');
INSERT INTO SILUTEL.SUPPLIER VALUES('GgEtiVPrvnYnh1xtUG9QZ7D','pHBqyncB','1EsCVfmV8Ei1@lalala.com');
INSERT INTO SILUTEL.SUPPLIER VALUES('pLMaRkYdTB6sS2ssRvVh30g2JUsX6EJd','LkZulaAs9PvPYE7ugJakMhagrJeZdoQe5dtBdBVqMmgbPtTUU36mZa7SA6d6RLIUBCD1lJtmtFe5hktrNjpW4mRH','GAtP8LA@lalala.com');
INSERT INTO SILUTEL.SUPPLIER VALUES('3AFIumi2kd','p7OVCaSSTWDnO2HMoCsi1ZnwFE0FC7xI6ePWQ','LNWBNALwI8dkiRpdUrj@foo.bar');
INSERT INTO SILUTEL.SUPPLIER VALUES('Cv4xZE2tufm6p1M','xPqOYfEyYMvwCBSYZdMlqzdfjuZREPJsD1j1WE88QotFTOw9CpJDJ6888n38WjxMbracq2sSYoyaFb08gtzhzGgawbaNCgwI','GJ8Ou4xogM@ui.ac.id');
INSERT INTO SILUTEL.SUPPLIER VALUES('WjWYPH1nhrBRlUoaerXkVdWgZNZ6FrEOu4','OyqDy','nJU3@lalala.com');
INSERT INTO SILUTEL.SUPPLIER VALUES('ey','02WyxCe7Inn2fNNqjcKUHEuUN0gelBCqMs6WUmiOzdUctmcp4I2NJSl6A3lxFqV149','dOxy@lalala.com');
INSERT INTO SILUTEL.SUPPLIER VALUES('FwDpznK2CmjMCo0tJ6','yyrC05jYA56YnNbQgrGiGRt6Wb0PC8lUQETd0WXV6Hmz8E6w5AbsNmEUpquTzP5I8j9diXgSFsWp','5J4IliMXIimzp8qy@foo.bar');
INSERT INTO SILUTEL.SUPPLIER VALUES('M2','fHoohGA0EDNhFOaVaaBrxULJCkGlYYF6S7dlfRZsPNV3m4CZwjiqgs5iVjtm1rXJvIvMvfd0MWvtd5mDB','xl@lalala.com');
INSERT INTO SILUTEL.SUPPLIER VALUES('NjKsnX0','HbVdJAaysIZ8uKxg6Jk50x5G50FeOWJIzTWY2kKsg8HVGtDs67xVQXDqH2oEL0MUF0xAAolF3yD3F6Xm2yAVoqcDGTgFvKJHVH6','rvwikJnuy1@foo.bar');
INSERT INTO SILUTEL.SUPPLIER VALUES('KqQYXAHjIZu9Gq4Ao0sKXD89p8','mHS5CZS0isghsEl1VpVNNX6kthA9LA5bALk6WoQL0YwXhHyNKQN74iHWlVw','U@ui.ac.id');
INSERT INTO SILUTEL.SUPPLIER VALUES('vazazwWGl','retLNWvLfd02Kd6wPdBapHFzf536Ba7IFpyC','lfbs2PyZT@lalala.com');
INSERT INTO SILUTEL.SUPPLIER VALUES('boN9pf95iC4COY2CEe1AHC','FsAusHY6g8Z9cLbedkPVu3XI4oxV3bd9oeQ0oTfytGYpdvGuCLQ03L1OVU','59XBypJzaN2@lalala.com');
INSERT INTO SILUTEL.SUPPLIER VALUES('rWxIHyxk4WezeglSsgLeNn6KyleSkobccD','i85sCtkFv7zGzsVVb3U1P','bYPg4xr@lalala.com');
INSERT INTO SILUTEL.SUPPLIER VALUES('UicwGKg9pwp1c4EvptE1VUhlVi','yXwh8X55MAKLgETPswJaEthq5','aYo58LXW9cg5q48B@ui.ac.id');
INSERT INTO SILUTEL.SUPPLIER VALUES('S4PiO2zUSjn52oRj3iU','uf8R0MmI9F2oGGcrUa5b6NOuggOD44LC2XUemn1PMTjj4KcQmDanpTEs','YAGs7bv6qZy15f@foo.bar');
INSERT INTO SILUTEL.SUPPLIER VALUES('TbenC5c59wKhJleeI','haidMBDEF7SzkhVHDaWoP9q0qbjiQYUaW88bsNfYD','0PdpvSZr@lalala.com');
INSERT INTO SILUTEL.SUPPLIER VALUES('TA2zyB2xPS3Nzs','W95Cr3w45zrfpVDIsxzlc5yIPDL9THdiHhWehttu9AfeP0aPiShdh703jFI15DDAaoBTH99nXynMhGV4u','I7DN7@ui.ac.id');
INSERT INTO SILUTEL.SUPPLIER VALUES('x','wGXAM2mM3YI7pPiYLdcun5dLkpxNdcTdPFD0FdMMF9G5jzlLia','LLIP9XJt@foo.bar');
INSERT INTO SILUTEL.SUPPLIER VALUES('f5Vn8XGdCmORxTNJKav17zjqoQ5RO','DlD1ddL8umVij6FcL134V5HsYvLW0o7qW2Y9cKmoCZzijmEoCpgnvwvsurX0a37zH','8z5Zp@ui.ac.id');
INSERT INTO SILUTEL.SUPPLIER VALUES('S0','uULAm3bH02IWELdbt93Dcs4vFudezw5twySNMMzVEKa8NAxs6zbjXsCy0JN6tyGxR1WQLenZj2TLha1YDZo3ngchDldkpvrsn8','aP27zTBOYwlTe@foo.bar');
INSERT INTO SILUTEL.SUPPLIER VALUES('O7VFakzTlhnJfFi','HGUUU0IVJF6PVDQ0GweJcm9CFnlI2KVBwJEK0D6mQBmBrpxfkYNWw2G7hMVxcDmGEodItEEpEncE6eLGU','yxBXsWA7@lalala.com');
INSERT INTO SILUTEL.SUPPLIER VALUES('KSsH7UttJ06iSIC2z65aAMteJJ','5T','TE94ctDr12K11NNY@ui.ac.id');
INSERT INTO SILUTEL.SUPPLIER_TELEPON VALUES('4KJ3XwebXkwxwWiNhK1v','6151910406705842');
INSERT INTO SILUTEL.SUPPLIER_TELEPON VALUES('KSsH7UttJ06iSIC2z65aAMteJJ','2263837023847');
INSERT INTO SILUTEL.SUPPLIER_TELEPON VALUES('rWxIHyxk4WezeglSsgLeNn6KyleSkobccD','264419791915403');
INSERT INTO SILUTEL.SUPPLIER_TELEPON VALUES('VaUN5defY','588745805350415175');
INSERT INTO SILUTEL.SUPPLIER_TELEPON VALUES('xmP4I4JO2KZyRUCYaso0SFM0B','257085220');
INSERT INTO SILUTEL.SUPPLIER_TELEPON VALUES('pTXI9ZKwvo8','0143307');
INSERT INTO SILUTEL.SUPPLIER_TELEPON VALUES('FwDpznK2CmjMCo0tJ6','458259383562486');
INSERT INTO SILUTEL.SUPPLIER_TELEPON VALUES('UIYIN','3516188164');
INSERT INTO SILUTEL.SUPPLIER_TELEPON VALUES('JXaomP5nXAFxyv3qbZRE','16377663869102');
INSERT INTO SILUTEL.SUPPLIER_TELEPON VALUES('xmP4I4JO2KZyRUCYaso0SFM0B','2373045242864');
INSERT INTO SILUTEL.SUPPLIER_TELEPON VALUES('NjKsnX0','74414107716');
INSERT INTO SILUTEL.SUPPLIER_TELEPON VALUES('KqQYXAHjIZu9Gq4Ao0sKXD89p8','26565537521076');
INSERT INTO SILUTEL.SUPPLIER_TELEPON VALUES('C5948BMP9g6FcmbI3zJeKzwv','9413630999');
INSERT INTO SILUTEL.SUPPLIER_TELEPON VALUES('O7VFakzTlhnJfFi','3570283');
INSERT INTO SILUTEL.SUPPLIER_TELEPON VALUES('GgEtiVPrvnYnh1xtUG9QZ7D','0447235640821');
INSERT INTO SILUTEL.SUPPLIER_TELEPON VALUES('cg2x33lacqCA','84961176');
INSERT INTO SILUTEL.SUPPLIER_TELEPON VALUES('hGl3EjFBsEEDcMO1VxUFH5CEXO','14285867796281428');
INSERT INTO SILUTEL.SUPPLIER_TELEPON VALUES('wBHtYo5FLziuNlzCsERrXpfvlsqbz9M','13987');
INSERT INTO SILUTEL.SUPPLIER_TELEPON VALUES('WjWYPH1nhrBRlUoaerXkVdWgZNZ6FrEOu4','26994240639769676');
INSERT INTO SILUTEL.SUPPLIER_TELEPON VALUES('wkTuhqM56l','1278767');
INSERT INTO SILUTEL.SUPPLIER_TELEPON VALUES('8sqfTrc4M2hCPRvGlc4KU9XSTWLtRmcs','389524338');
INSERT INTO SILUTEL.SUPPLIER_TELEPON VALUES('TbenC5c59wKhJleeI','2926127534035');
INSERT INTO SILUTEL.SUPPLIER_TELEPON VALUES('Ncf2npXE98mhuGpJudMK3BR','745257375');
INSERT INTO SILUTEL.SUPPLIER_TELEPON VALUES('UicwGKg9pwp1c4EvptE1VUhlVi','0426088324878787');
INSERT INTO SILUTEL.SUPPLIER_TELEPON VALUES('WBZYFHq0XtmScaVXSx5L2f','31039188065');
INSERT INTO SILUTEL.SUPPLIER_TELEPON VALUES('YB6R0mr17','633217646123');
INSERT INTO SILUTEL.SUPPLIER_TELEPON VALUES('pLMaRkYdTB6sS2ssRvVh30g2JUsX6EJd','44324496616956259925');
INSERT INTO SILUTEL.SUPPLIER_TELEPON VALUES('KqQYXAHjIZu9Gq4Ao0sKXD89p8','75424');
INSERT INTO SILUTEL.SUPPLIER_TELEPON VALUES('GgEtiVPrvnYnh1xtUG9QZ7D','39939718508');
INSERT INTO SILUTEL.SUPPLIER_TELEPON VALUES('EcBchJuqhkjIilcXqGqo','075523460852');
INSERT INTO SILUTEL.SUPPLIER_TELEPON VALUES('vazazwWGl','190691752447542');
INSERT INTO SILUTEL.SUPPLIER_TELEPON VALUES('URFpQpYSQb5hgAYgPhXxYay22cjuc','40764193230918848');
INSERT INTO SILUTEL.SUPPLIER_TELEPON VALUES('S4PiO2zUSjn52oRj3iU','49');
INSERT INTO SILUTEL.SUPPLIER_TELEPON VALUES('WL02Qy0n4A20oSQkYsl7sROM49m3d00Y','223669845490');
INSERT INTO SILUTEL.SUPPLIER_TELEPON VALUES('3AFIumi2kd','57510099838');
INSERT INTO SILUTEL.SUPPLIER_TELEPON VALUES('ey','368813271204090');
INSERT INTO SILUTEL.SUPPLIER_TELEPON VALUES('2r2EZuK5QO7cnQMbi','660111');
INSERT INTO SILUTEL.SUPPLIER_TELEPON VALUES('S0','1575617815630');
INSERT INTO SILUTEL.SUPPLIER_TELEPON VALUES('nLvaX1X7W6VL7mydCPE','065');
INSERT INTO SILUTEL.SUPPLIER_TELEPON VALUES('2r2EZuK5QO7cnQMbi','422686586439');
INSERT INTO SILUTEL.SUPPLIER_TELEPON VALUES('Kr5V4yTzbatSp2Exf84','7529');
INSERT INTO SILUTEL.SUPPLIER_TELEPON VALUES('i2WISxrqOvBI','40923319165');
INSERT INTO SILUTEL.SUPPLIER_TELEPON VALUES('lC','068579');
INSERT INTO SILUTEL.SUPPLIER_TELEPON VALUES('pjrICvr6lIXsSE5hsU','338713593404637');
INSERT INTO SILUTEL.SUPPLIER_TELEPON VALUES('rWxIHyxk4WezeglSsgLeNn6KyleSkobccD','071815432797');
INSERT INTO SILUTEL.SUPPLIER_TELEPON VALUES('UAf1kNJiS42UmnPv5ZMxPxhz6uvU','717');
INSERT INTO SILUTEL.SUPPLIER_TELEPON VALUES('EIITGV7yQBSkOouATnPIkBl3r','86');
INSERT INTO SILUTEL.SUPPLIER_TELEPON VALUES('4KJ3XwebXkwxwWiNhK1v','647156');
INSERT INTO SILUTEL.SUPPLIER_TELEPON VALUES('UicwGKg9pwp1c4EvptE1VUhlVi','176660503131230');
INSERT INTO SILUTEL.SUPPLIER_TELEPON VALUES('Cv4xZE2tufm6p1M','08253');
INSERT INTO SILUTEL.SUPPLIER_TELEPON VALUES('h6OiWSQsqLF8fXqpz','98793694792578');
INSERT INTO SILUTEL.SUPPLIER_TELEPON VALUES('M2','5662141');
INSERT INTO SILUTEL.SUPPLIER_TELEPON VALUES('8sqfTrc4M2hCPRvGlc4KU9XSTWLtRmcs','9823150806505442');
INSERT INTO SILUTEL.SUPPLIER_TELEPON VALUES('x','15351332705570');
INSERT INTO SILUTEL.SUPPLIER_TELEPON VALUES('TA2zyB2xPS3Nzs','1524453504451');
INSERT INTO SILUTEL.SUPPLIER_TELEPON VALUES('f5Vn8XGdCmORxTNJKav17zjqoQ5RO','76413');
INSERT INTO SILUTEL.SUPPLIER_TELEPON VALUES('vazazwWGl','2866389078399');
INSERT INTO SILUTEL.SUPPLIER_TELEPON VALUES('drgybn','55980654243527833631');
INSERT INTO SILUTEL.SUPPLIER_TELEPON VALUES('boN9pf95iC4COY2CEe1AHC','729692975886');
INSERT INTO SILUTEL.SUPPLIER_TELEPON VALUES('pjrICvr6lIXsSE5hsU','5136783136068277815');
INSERT INTO SILUTEL.PEMBELIAN VALUES('2H9z6O','2016-04-08 4:15:8','pjrICvr6lIXsSE5hsU','KylB368@foo.bar');
INSERT INTO SILUTEL.PEMBELIAN VALUES('eE3hYh','2016-05-20 14:13:51','GgEtiVPrvnYnh1xtUG9QZ7D','yNiVCuFNLOu@lalala.com');
INSERT INTO SILUTEL.PEMBELIAN VALUES('XHclrh','2016-05-29 13:51:40','hGl3EjFBsEEDcMO1VxUFH5CEXO','TnPCWHSExHnM@foo.bar');
INSERT INTO SILUTEL.PEMBELIAN VALUES('ccWrEU','2016-05-16 6:56:33','KSsH7UttJ06iSIC2z65aAMteJJ','O9gaR0a9@ui.ac.id');
INSERT INTO SILUTEL.PEMBELIAN VALUES('9UU5an','2016-05-13 22:33:59','EIITGV7yQBSkOouATnPIkBl3r','QxLk@lalala.com');
INSERT INTO SILUTEL.PEMBELIAN VALUES('MULSRG','2016-04-27 21:31:43','GgEtiVPrvnYnh1xtUG9QZ7D','V22TCK9oCA6ROxW@ui.ac.id');
INSERT INTO SILUTEL.PEMBELIAN VALUES('UgWyLn','2016-04-10 13:27:57','3AFIumi2kd','z5VZt8xOCZsQSu@foo.bar');
INSERT INTO SILUTEL.PEMBELIAN VALUES('hxyPcs','2016-04-14 12:43:12','TA2zyB2xPS3Nzs','z5VZt8xOCZsQSu@foo.bar');
INSERT INTO SILUTEL.PEMBELIAN VALUES('Kvsnxn','2016-04-07 21:58:27','Kr5V4yTzbatSp2Exf84','XnC@lalala.com');
INSERT INTO SILUTEL.PEMBELIAN VALUES('zUWYgR','2016-04-28 15:44:31','pjrICvr6lIXsSE5hsU','wsrPQW@ui.ac.id');
INSERT INTO SILUTEL.PEMBELIAN VALUES('qKhYiS','2016-05-26 6:37:16','lC','FHccFZj@ui.ac.id');
INSERT INTO SILUTEL.PEMBELIAN VALUES('iPvmnV','2016-04-10 8:11:6','UicwGKg9pwp1c4EvptE1VUhlVi','oXDUW@ui.ac.id');
INSERT INTO SILUTEL.PEMBELIAN VALUES('TMIdUU','2016-04-22 10:36:53','Kr5V4yTzbatSp2Exf84','z5VZt8xOCZsQSu@foo.bar');
INSERT INTO SILUTEL.PEMBELIAN VALUES('lf2jAB','2016-04-13 8:28:7','f5Vn8XGdCmORxTNJKav17zjqoQ5RO','FHccFZj@ui.ac.id');
INSERT INTO SILUTEL.PEMBELIAN VALUES('FkE3nf','2016-04-11 19:25:9','S4PiO2zUSjn52oRj3iU','CGYpZuW1CDSVOHvM@lalala.com');
INSERT INTO SILUTEL.PEMBELIAN VALUES('tDtGwg','2016-05-15 13:47:17','VaUN5defY','CGYpZuW1CDSVOHvM@lalala.com');
INSERT INTO SILUTEL.PEMBELIAN VALUES('inxZgP','2016-05-08 18:10:3','UIYIN','D3w0ila4LexWLIjQALK@ui.ac.id');
INSERT INTO SILUTEL.PEMBELIAN VALUES('CBaFGT','2016-05-12 9:21:4','xmP4I4JO2KZyRUCYaso0SFM0B','0MFJ5gbIC8FNs30T@lalala.com');
INSERT INTO SILUTEL.PEMBELIAN VALUES('dHhLB6','2016-05-02 13:31:36','C5948BMP9g6FcmbI3zJeKzwv','FHccFZj@ui.ac.id');
INSERT INTO SILUTEL.PEMBELIAN VALUES('xcPKw1','2016-04-28 11:21:42','wBHtYo5FLziuNlzCsERrXpfvlsqbz9M','D3w0ila4LexWLIjQALK@ui.ac.id');
INSERT INTO SILUTEL.PEMBELIAN VALUES('hDKxbG','2016-05-10 0:18:18','NjKsnX0','XnC@lalala.com');
INSERT INTO SILUTEL.PEMBELIAN VALUES('wUSYJg','2016-04-20 23:52:2','Kr5V4yTzbatSp2Exf84','oXDUW@ui.ac.id');
INSERT INTO SILUTEL.PEMBELIAN VALUES('jwTLLR','2016-04-11 1:8:39','pTXI9ZKwvo8','QxLk@lalala.com');
INSERT INTO SILUTEL.PEMBELIAN VALUES('0JcyUH','2016-05-28 9:6:11','KSsH7UttJ06iSIC2z65aAMteJJ','EnVicnH1HGvyC@lalala.com');
INSERT INTO SILUTEL.PEMBELIAN VALUES('XIWEpd','2016-04-13 4:50:7','pLMaRkYdTB6sS2ssRvVh30g2JUsX6EJd','c2UiduQ2@ui.ac.id');
INSERT INTO SILUTEL.PEMBELIAN VALUES('ZqISjP','2016-05-17 10:3:16','f5Vn8XGdCmORxTNJKav17zjqoQ5RO','z5VZt8xOCZsQSu@foo.bar');
INSERT INTO SILUTEL.PEMBELIAN VALUES('utv7ba','2016-05-18 6:59:35','GgEtiVPrvnYnh1xtUG9QZ7D','O9gaR0a9@ui.ac.id');
INSERT INTO SILUTEL.PEMBELIAN VALUES('p38gyr','2016-04-08 15:27:12','wBHtYo5FLziuNlzCsERrXpfvlsqbz9M','D3w0ila4LexWLIjQALK@ui.ac.id');
INSERT INTO SILUTEL.PEMBELIAN VALUES('qhgs4e','2016-05-09 5:14:28','URFpQpYSQb5hgAYgPhXxYay22cjuc','nfSFpM@lalala.com');
INSERT INTO SILUTEL.PEMBELIAN VALUES('vH6aIy','2016-04-02 1:26:0','WL02Qy0n4A20oSQkYsl7sROM49m3d00Y','yNiVCuFNLOu@lalala.com');
INSERT INTO SILUTEL.PEMBELIAN VALUES('Qyty3i','2016-05-04 6:11:56','lC','uW@foo.bar');
INSERT INTO SILUTEL.PEMBELIAN VALUES('Y7IJyj','2016-04-23 12:55:59','Ncf2npXE98mhuGpJudMK3BR','c2UiduQ2@ui.ac.id');
INSERT INTO SILUTEL.PEMBELIAN VALUES('PaNQnO','2016-05-20 5:31:37','UicwGKg9pwp1c4EvptE1VUhlVi','2HgEM4kEaDY@foo.bar');
INSERT INTO SILUTEL.PEMBELIAN VALUES('7lOOVQ','2016-05-08 11:51:41','f5Vn8XGdCmORxTNJKav17zjqoQ5RO','w1Ppsgx2b03Gbx@ui.ac.id');
INSERT INTO SILUTEL.PEMBELIAN VALUES('6WTdDx','2016-05-18 0:9:58','JXaomP5nXAFxyv3qbZRE','3CCqUTMy9dli4ZChU9Wt@lalala.com');
INSERT INTO SILUTEL.PEMBELIAN VALUES('HjvjII','2016-05-18 2:1:41','wBHtYo5FLziuNlzCsERrXpfvlsqbz9M','QxLk@lalala.com');
INSERT INTO SILUTEL.PEMBELIAN VALUES('aO5C3s','2016-05-08 11:41:39','3AFIumi2kd','z5VZt8xOCZsQSu@foo.bar');
INSERT INTO SILUTEL.PEMBELIAN VALUES('Dm2ijb','2016-04-28 5:18:43','GgEtiVPrvnYnh1xtUG9QZ7D','3CCqUTMy9dli4ZChU9Wt@lalala.com');
INSERT INTO SILUTEL.PEMBELIAN VALUES('qD4I51','2016-04-29 4:26:28','WL02Qy0n4A20oSQkYsl7sROM49m3d00Y','V22TCK9oCA6ROxW@ui.ac.id');
INSERT INTO SILUTEL.PEMBELIAN VALUES('caZGzj','2016-04-16 17:13:4','lC','D3w0ila4LexWLIjQALK@ui.ac.id');
INSERT INTO SILUTEL.PEMBELIAN VALUES('t8RcuH','2016-05-21 13:16:25','x','c9YG5Knjo95uqq@foo.bar');
INSERT INTO SILUTEL.PEMBELIAN VALUES('G7RXmg','2016-04-10 18:17:20','O7VFakzTlhnJfFi','c2UiduQ2@ui.ac.id');
INSERT INTO SILUTEL.PEMBELIAN VALUES('m9VDAC','2016-05-10 18:25:46','URFpQpYSQb5hgAYgPhXxYay22cjuc','GPe1WoO2Q3@ui.ac.id');
INSERT INTO SILUTEL.PEMBELIAN VALUES('0VPIEM','2016-04-07 1:25:17','Ncf2npXE98mhuGpJudMK3BR','0MFJ5gbIC8FNs30T@lalala.com');
INSERT INTO SILUTEL.PEMBELIAN VALUES('xEDPYO','2016-04-19 10:23:17','ey','XnC@lalala.com');
INSERT INTO SILUTEL.PEMBELIAN VALUES('TTWDVJ','2016-05-22 14:49:59','JXaomP5nXAFxyv3qbZRE','CGYpZuW1CDSVOHvM@lalala.com');
INSERT INTO SILUTEL.PEMBELIAN VALUES('sxY1Z7','2016-05-15 22:35:10','hGl3EjFBsEEDcMO1VxUFH5CEXO','w1Ppsgx2b03Gbx@ui.ac.id');
INSERT INTO SILUTEL.PEMBELIAN VALUES('BZQp79','2016-04-11 6:48:54','4KJ3XwebXkwxwWiNhK1v','wsrPQW@ui.ac.id');
INSERT INTO SILUTEL.PEMBELIAN VALUES('M0e9MH','2016-04-04 22:48:59','YB6R0mr17','2HgEM4kEaDY@foo.bar');
INSERT INTO SILUTEL.PEMBELIAN VALUES('CthcnS','2016-05-08 6:32:1','8sqfTrc4M2hCPRvGlc4KU9XSTWLtRmcs','c2UiduQ2@ui.ac.id');
INSERT INTO SILUTEL.PEMBELIAN VALUES('X7iPgK','2016-05-16 23:57:19','M2','c2UiduQ2@ui.ac.id');
INSERT INTO SILUTEL.PEMBELIAN VALUES('Ex3Lte','2016-05-22 12:35:34','UIYIN','2HgEM4kEaDY@foo.bar');
INSERT INTO SILUTEL.PEMBELIAN VALUES('X7pByu','2016-04-20 17:8:24','URFpQpYSQb5hgAYgPhXxYay22cjuc','sMOIGbHTT3KjSgGB1@foo.bar');
INSERT INTO SILUTEL.PEMBELIAN VALUES('H5YliA','2016-04-28 21:3:59','TbenC5c59wKhJleeI','2HgEM4kEaDY@foo.bar');
INSERT INTO SILUTEL.PEMBELIAN VALUES('OP0KIH','2016-05-15 7:28:50','KqQYXAHjIZu9Gq4Ao0sKXD89p8','sMOIGbHTT3KjSgGB1@foo.bar');
INSERT INTO SILUTEL.PEMBELIAN VALUES('mAijlb','2016-04-14 17:52:5','hGl3EjFBsEEDcMO1VxUFH5CEXO','KylB368@foo.bar');
INSERT INTO SILUTEL.PEMBELIAN VALUES('OHtO7A','2016-05-12 22:26:48','KqQYXAHjIZu9Gq4Ao0sKXD89p8','V22TCK9oCA6ROxW@ui.ac.id');
INSERT INTO SILUTEL.PEMBELIAN VALUES('gWgY7F','2016-04-14 10:57:29','8sqfTrc4M2hCPRvGlc4KU9XSTWLtRmcs','oXDUW@ui.ac.id');
INSERT INTO SILUTEL.PEMBELIAN VALUES('X1CyQ5','2016-04-16 21:38:44','S4PiO2zUSjn52oRj3iU','0MFJ5gbIC8FNs30T@lalala.com');
INSERT INTO SILUTEL.PEMBELIAN VALUES('4G0OoP','2016-04-11 12:22:56','C5948BMP9g6FcmbI3zJeKzwv','z5VZt8xOCZsQSu@foo.bar');
INSERT INTO SILUTEL.PEMBELIAN VALUES('1mxLHt','2016-04-20 3:10:54','VaUN5defY','3CCqUTMy9dli4ZChU9Wt@lalala.com');
INSERT INTO SILUTEL.PEMBELIAN VALUES('QPEL7M','2016-04-22 0:48:28','4KJ3XwebXkwxwWiNhK1v','yNiVCuFNLOu@lalala.com');
INSERT INTO SILUTEL.PEMBELIAN VALUES('yWAzyh','2016-05-02 18:24:49','rWxIHyxk4WezeglSsgLeNn6KyleSkobccD','FHccFZj@ui.ac.id');
INSERT INTO SILUTEL.PEMBELIAN VALUES('E15I0l','2016-04-27 11:33:20','WjWYPH1nhrBRlUoaerXkVdWgZNZ6FrEOu4','nfSFpM@lalala.com');
INSERT INTO SILUTEL.PEMBELIAN VALUES('gqkZDj','2016-05-21 4:59:14','WBZYFHq0XtmScaVXSx5L2f','sMOIGbHTT3KjSgGB1@foo.bar');
INSERT INTO SILUTEL.PEMBELIAN VALUES('TtEpll','2016-04-22 23:31:3','KSsH7UttJ06iSIC2z65aAMteJJ','V22TCK9oCA6ROxW@ui.ac.id');
INSERT INTO SILUTEL.PEMBELIAN VALUES('Mugz5O','2016-05-16 16:6:40','C5948BMP9g6FcmbI3zJeKzwv','3CCqUTMy9dli4ZChU9Wt@lalala.com');
INSERT INTO SILUTEL.PEMBELIAN VALUES('Q10895','2016-04-05 22:27:51','nLvaX1X7W6VL7mydCPE','QxLk@lalala.com');
INSERT INTO SILUTEL.PEMBELIAN VALUES('u8Yexw','2016-04-01 14:59:0','S0','oXDUW@ui.ac.id');
INSERT INTO SILUTEL.PEMBELIAN VALUES('BGg5Ao','2016-05-18 5:52:37','h6OiWSQsqLF8fXqpz','sMOIGbHTT3KjSgGB1@foo.bar');
INSERT INTO SILUTEL.PEMBELIAN VALUES('mvcRAf','2016-05-11 1:21:49','UIYIN','GPe1WoO2Q3@ui.ac.id');
INSERT INTO SILUTEL.PEMBELIAN VALUES('SAR9QU','2016-05-21 0:55:24','YB6R0mr17','3CCqUTMy9dli4ZChU9Wt@lalala.com');
INSERT INTO SILUTEL.PEMBELIAN VALUES('cpumpe','2016-04-09 13:15:20','GgEtiVPrvnYnh1xtUG9QZ7D','XnC@lalala.com');
INSERT INTO SILUTEL.PEMBELIAN VALUES('L8QBRu','2016-05-23 13:26:5','i2WISxrqOvBI','yNiVCuFNLOu@lalala.com');
INSERT INTO SILUTEL.PEMBELIAN VALUES('XUoWwh','2016-04-18 8:36:23','JXaomP5nXAFxyv3qbZRE','XnC@lalala.com');
INSERT INTO SILUTEL.PEMBELIAN VALUES('wwnZ1V','2016-04-25 1:59:29','EIITGV7yQBSkOouATnPIkBl3r','c2UiduQ2@ui.ac.id');
INSERT INTO SILUTEL.PEMBELIAN VALUES('pnmBpv','2016-04-28 4:53:3','2r2EZuK5QO7cnQMbi','TnPCWHSExHnM@foo.bar');
INSERT INTO SILUTEL.PEMBELIAN VALUES('75DXQG','2016-04-07 20:37:26','i2WISxrqOvBI','D3w0ila4LexWLIjQALK@ui.ac.id');
INSERT INTO SILUTEL.PEMBELIAN VALUES('V6k3in','2016-05-30 13:10:42','8sqfTrc4M2hCPRvGlc4KU9XSTWLtRmcs','w1Ppsgx2b03Gbx@ui.ac.id');
INSERT INTO SILUTEL.PEMBELIAN VALUES('YsFYeV','2016-05-14 10:34:17','pLMaRkYdTB6sS2ssRvVh30g2JUsX6EJd','oXDUW@ui.ac.id');
INSERT INTO SILUTEL.PEMBELIAN VALUES('1wipBt','2016-04-06 0:19:42','drgybn','TnPCWHSExHnM@foo.bar');
INSERT INTO SILUTEL.PEMBELIAN VALUES('yCgrHa','2016-04-13 8:19:44','lC','w1Ppsgx2b03Gbx@ui.ac.id');
INSERT INTO SILUTEL.PEMBELIAN VALUES('JU3jU5','2016-05-07 17:11:37','3AFIumi2kd','3ED9VltHG7QjSCbZUTM@lalala.com');
INSERT INTO SILUTEL.PEMBELIAN VALUES('dlvgRE','2016-04-11 11:22:4','UIYIN','3CCqUTMy9dli4ZChU9Wt@lalala.com');
INSERT INTO SILUTEL.PEMBELIAN VALUES('ntuBMp','2016-04-27 7:8:35','FwDpznK2CmjMCo0tJ6','XnC@lalala.com');
INSERT INTO SILUTEL.PEMBELIAN VALUES('TfhWot','2016-04-16 0:5:31','NjKsnX0','D3w0ila4LexWLIjQALK@ui.ac.id');
INSERT INTO SILUTEL.PEMBELIAN VALUES('nBl5l7','2016-04-12 8:50:57','WBZYFHq0XtmScaVXSx5L2f','D3w0ila4LexWLIjQALK@ui.ac.id');
INSERT INTO SILUTEL.PEMBELIAN VALUES('issa7J','2016-05-22 13:1:37','S0','KylB368@foo.bar');
INSERT INTO SILUTEL.PEMBELIAN VALUES('r8pjny','2016-04-17 21:40:57','O7VFakzTlhnJfFi','0MFJ5gbIC8FNs30T@lalala.com');
INSERT INTO SILUTEL.PEMBELIAN VALUES('o58Btv','2016-04-12 6:59:52','KqQYXAHjIZu9Gq4Ao0sKXD89p8','D3w0ila4LexWLIjQALK@ui.ac.id');
INSERT INTO SILUTEL.PEMBELIAN VALUES('LGp5PW','2016-05-27 5:23:28','3AFIumi2kd','XnC@lalala.com');
INSERT INTO SILUTEL.PEMBELIAN VALUES('hIedeO','2016-04-03 0:0:49','Ncf2npXE98mhuGpJudMK3BR','D3w0ila4LexWLIjQALK@ui.ac.id');
INSERT INTO SILUTEL.PEMBELIAN VALUES('0r0uXu','2016-04-22 3:51:19','FwDpznK2CmjMCo0tJ6','KylB368@foo.bar');
INSERT INTO SILUTEL.PEMBELIAN VALUES('n8t9lk','2016-05-06 2:50:3','FwDpznK2CmjMCo0tJ6','yNiVCuFNLOu@lalala.com');
INSERT INTO SILUTEL.PEMBELIAN VALUES('p544XL','2016-05-04 8:14:9','WjWYPH1nhrBRlUoaerXkVdWgZNZ6FrEOu4','TnPCWHSExHnM@foo.bar');
INSERT INTO SILUTEL.PEMBELIAN VALUES('vbU7Qo','2016-05-02 20:13:8','C5948BMP9g6FcmbI3zJeKzwv','KylB368@foo.bar');
INSERT INTO SILUTEL.PEMBELIAN VALUES('bDNgZY','2016-04-04 20:21:39','pLMaRkYdTB6sS2ssRvVh30g2JUsX6EJd','w1Ppsgx2b03Gbx@ui.ac.id');
INSERT INTO SILUTEL.PEMBELIAN VALUES('DmwGtA','2016-04-18 23:18:6','S0','uW@foo.bar');
INSERT INTO SILUTEL.PEMBELIAN VALUES('GnYPlx','2016-05-22 19:6:4','WjWYPH1nhrBRlUoaerXkVdWgZNZ6FrEOu4','0MFJ5gbIC8FNs30T@lalala.com');
INSERT INTO SILUTEL.PEMBELIAN VALUES('e89Vxs','2016-05-08 18:27:11','Ncf2npXE98mhuGpJudMK3BR','w1Ppsgx2b03Gbx@ui.ac.id');
INSERT INTO SILUTEL.PEMBELIAN VALUES('G05YPt','2016-05-19 21:4:23','drgybn','KylB368@foo.bar');
INSERT INTO SILUTEL.PEMBELIAN VALUES('ZCDKAv','2016-04-16 19:22:15','TA2zyB2xPS3Nzs','V22TCK9oCA6ROxW@ui.ac.id');
INSERT INTO SILUTEL.PEMBELIAN VALUES('p61UU0','2016-05-09 6:57:5','lC','0MFJ5gbIC8FNs30T@lalala.com');
INSERT INTO SILUTEL.PEMBELIAN VALUES('DAaGfw','2016-04-29 3:2:3','TbenC5c59wKhJleeI','FHccFZj@ui.ac.id');
INSERT INTO SILUTEL.PEMBELIAN VALUES('QRrITZ','2016-05-16 14:45:6','pjrICvr6lIXsSE5hsU','3CCqUTMy9dli4ZChU9Wt@lalala.com');
INSERT INTO SILUTEL.PEMBELIAN VALUES('UuH3V1','2016-05-10 18:2:52','GgEtiVPrvnYnh1xtUG9QZ7D','V22TCK9oCA6ROxW@ui.ac.id');
INSERT INTO SILUTEL.PEMBELIAN VALUES('31hoeX','2016-04-08 17:24:8','boN9pf95iC4COY2CEe1AHC','TnPCWHSExHnM@foo.bar');
INSERT INTO SILUTEL.PEMBELIAN VALUES('NAVFnZ','2016-04-21 15:53:21','M2','V22TCK9oCA6ROxW@ui.ac.id');
INSERT INTO SILUTEL.PEMBELIAN VALUES('YPSb0w','2016-05-05 19:20:23','KqQYXAHjIZu9Gq4Ao0sKXD89p8','TnPCWHSExHnM@foo.bar');
INSERT INTO SILUTEL.PEMBELIAN VALUES('tkKR7i','2016-05-26 0:28:3','WjWYPH1nhrBRlUoaerXkVdWgZNZ6FrEOu4','wsrPQW@ui.ac.id');
INSERT INTO SILUTEL.PEMBELIAN VALUES('j49yKB','2016-05-15 15:58:53','GgEtiVPrvnYnh1xtUG9QZ7D','c9YG5Knjo95uqq@foo.bar');
INSERT INTO SILUTEL.PEMBELIAN VALUES('Df5RuS','2016-04-04 5:14:20','wBHtYo5FLziuNlzCsERrXpfvlsqbz9M','QxLk@lalala.com');
INSERT INTO SILUTEL.PEMBELIAN VALUES('UY4x18','2016-05-13 13:22:38','nLvaX1X7W6VL7mydCPE','QxLk@lalala.com');
INSERT INTO SILUTEL.PEMBELIAN VALUES('ldq15l','2016-05-01 17:52:35','O7VFakzTlhnJfFi','KylB368@foo.bar');
INSERT INTO SILUTEL.PEMBELIAN VALUES('akqHo5','2016-04-20 8:15:50','xmP4I4JO2KZyRUCYaso0SFM0B','yNiVCuFNLOu@lalala.com');
INSERT INTO SILUTEL.PEMBELIAN VALUES('uB2rCY','2016-05-29 5:16:32','EIITGV7yQBSkOouATnPIkBl3r','z5VZt8xOCZsQSu@foo.bar');
INSERT INTO SILUTEL.PEMBELIAN VALUES('hDiR0a','2016-04-05 23:31:7','UAf1kNJiS42UmnPv5ZMxPxhz6uvU','3CCqUTMy9dli4ZChU9Wt@lalala.com');
INSERT INTO SILUTEL.PEMBELIAN VALUES('4vKNzM','2016-04-25 23:49:29','Ncf2npXE98mhuGpJudMK3BR','TnPCWHSExHnM@foo.bar');
INSERT INTO SILUTEL.PEMBELIAN VALUES('aSsdVn','2016-04-12 1:49:7','nLvaX1X7W6VL7mydCPE','wsrPQW@ui.ac.id');
INSERT INTO SILUTEL.PEMBELIAN VALUES('toIhry','2016-05-08 1:15:38','Ncf2npXE98mhuGpJudMK3BR','GPe1WoO2Q3@ui.ac.id');
INSERT INTO SILUTEL.PEMBELIAN VALUES('NVtM0D','2016-05-16 12:58:40','S4PiO2zUSjn52oRj3iU','wsrPQW@ui.ac.id');
INSERT INTO SILUTEL.PEMBELIAN VALUES('slzNWt','2016-04-14 15:47:39','4KJ3XwebXkwxwWiNhK1v','QxLk@lalala.com');
INSERT INTO SILUTEL.PEMBELIAN VALUES('2P5xH5','2016-04-26 9:41:32','ey','3ED9VltHG7QjSCbZUTM@lalala.com');
INSERT INTO SILUTEL.PEMBELIAN VALUES('9YcDIo','2016-05-21 4:24:13','Cv4xZE2tufm6p1M','QxLk@lalala.com');
INSERT INTO SILUTEL.PEMBELIAN VALUES('IMmxGw','2016-04-18 19:47:13','wBHtYo5FLziuNlzCsERrXpfvlsqbz9M','wsrPQW@ui.ac.id');
INSERT INTO SILUTEL.PEMBELIAN VALUES('Bzb2n7','2016-04-16 10:45:30','S4PiO2zUSjn52oRj3iU','yNiVCuFNLOu@lalala.com');
INSERT INTO SILUTEL.PEMBELIAN VALUES('U6SBsl','2016-05-02 0:17:7','TbenC5c59wKhJleeI','2HgEM4kEaDY@foo.bar');
INSERT INTO SILUTEL.PEMBELIAN VALUES('yBV2Dl','2016-05-15 19:35:4','C5948BMP9g6FcmbI3zJeKzwv','GPe1WoO2Q3@ui.ac.id');
INSERT INTO SILUTEL.PEMBELIAN VALUES('zTDtCN','2016-05-09 22:25:10','KSsH7UttJ06iSIC2z65aAMteJJ','3ED9VltHG7QjSCbZUTM@lalala.com');
INSERT INTO SILUTEL.PEMBELIAN VALUES('T2VPDH','2016-05-19 14:41:36','NjKsnX0','KylB368@foo.bar');
INSERT INTO SILUTEL.PEMBELIAN VALUES('i4D5XL','2016-04-22 10:57:19','KSsH7UttJ06iSIC2z65aAMteJJ','uW@foo.bar');
INSERT INTO SILUTEL.PEMBELIAN VALUES('8dhHji','2016-05-16 19:20:36','3AFIumi2kd','KylB368@foo.bar');
INSERT INTO SILUTEL.PEMBELIAN VALUES('2azPxz','2016-04-20 23:42:12','cg2x33lacqCA','O9gaR0a9@ui.ac.id');
INSERT INTO SILUTEL.PEMBELIAN VALUES('mz7yx8','2016-04-22 4:46:6','lC','z5VZt8xOCZsQSu@foo.bar');
INSERT INTO SILUTEL.PEMBELIAN VALUES('QwMOPQ','2016-05-17 7:23:22','S4PiO2zUSjn52oRj3iU','3ED9VltHG7QjSCbZUTM@lalala.com');
INSERT INTO SILUTEL.PEMBELIAN VALUES('stDKYr','2016-05-04 7:20:38','lC','oXDUW@ui.ac.id');
INSERT INTO SILUTEL.PEMBELIAN VALUES('8xeCOc','2016-05-11 23:29:5','UAf1kNJiS42UmnPv5ZMxPxhz6uvU','0MFJ5gbIC8FNs30T@lalala.com');
INSERT INTO SILUTEL.PEMBELIAN VALUES('TurSXP','2016-04-12 15:6:41','pjrICvr6lIXsSE5hsU','oXDUW@ui.ac.id');
INSERT INTO SILUTEL.PEMBELIAN VALUES('keHJ9D','2016-04-21 7:13:49','UicwGKg9pwp1c4EvptE1VUhlVi','w1Ppsgx2b03Gbx@ui.ac.id');
INSERT INTO SILUTEL.PEMBELIAN VALUES('QEx3Ap','2016-05-25 20:21:16','UicwGKg9pwp1c4EvptE1VUhlVi','sMOIGbHTT3KjSgGB1@foo.bar');
INSERT INTO SILUTEL.PEMBELIAN VALUES('iqDygN','2016-05-04 20:1:41','i2WISxrqOvBI','CGYpZuW1CDSVOHvM@lalala.com');
INSERT INTO SILUTEL.PEMBELIAN VALUES('mBo4GR','2016-04-10 5:13:3','4KJ3XwebXkwxwWiNhK1v','GPe1WoO2Q3@ui.ac.id');
INSERT INTO SILUTEL.PEMBELIAN VALUES('QECgcC','2016-05-04 2:24:48','UAf1kNJiS42UmnPv5ZMxPxhz6uvU','oXDUW@ui.ac.id');
INSERT INTO SILUTEL.PEMBELIAN VALUES('mJTixI','2016-05-11 12:13:26','pjrICvr6lIXsSE5hsU','uW@foo.bar');
INSERT INTO SILUTEL.PEMBELIAN VALUES('GKsD2X','2016-04-15 19:45:41','x','V22TCK9oCA6ROxW@ui.ac.id');
INSERT INTO SILUTEL.PEMBELIAN VALUES('zJqvaf','2016-05-16 15:0:50','S0','sMOIGbHTT3KjSgGB1@foo.bar');
INSERT INTO SILUTEL.PEMBELIAN VALUES('sLLwsq','2016-04-02 0:28:53','YB6R0mr17','0MFJ5gbIC8FNs30T@lalala.com');
INSERT INTO SILUTEL.PEMBELIAN VALUES('48FTgW','2016-04-24 4:15:35','boN9pf95iC4COY2CEe1AHC','3ED9VltHG7QjSCbZUTM@lalala.com');
INSERT INTO SILUTEL.PEMBELIAN VALUES('kAqYJ6','2016-04-10 19:42:19','drgybn','TnPCWHSExHnM@foo.bar');
INSERT INTO SILUTEL.PEMBELIAN VALUES('DU4b2f','2016-05-28 1:26:39','4KJ3XwebXkwxwWiNhK1v','nfSFpM@lalala.com');
INSERT INTO SILUTEL.PEMBELIAN VALUES('upBpAp','2016-04-18 22:7:23','O7VFakzTlhnJfFi','yNiVCuFNLOu@lalala.com');
INSERT INTO SILUTEL.PEMBELIAN VALUES('Du3NwC','2016-05-26 6:38:3','VaUN5defY','TnPCWHSExHnM@foo.bar');
INSERT INTO SILUTEL.PEMBELIAN VALUES('URVqCv','2016-05-15 12:5:46','boN9pf95iC4COY2CEe1AHC','2HgEM4kEaDY@foo.bar');
INSERT INTO SILUTEL.PEMBELIAN VALUES('Spit4F','2016-05-24 5:29:34','f5Vn8XGdCmORxTNJKav17zjqoQ5RO','sMOIGbHTT3KjSgGB1@foo.bar');
INSERT INTO SILUTEL.PEMBELIAN VALUES('wlcRyH','2016-05-08 12:23:31','i2WISxrqOvBI','GPe1WoO2Q3@ui.ac.id');
INSERT INTO SILUTEL.PEMBELIAN VALUES('EJJPyS','2016-05-11 17:8:0','UAf1kNJiS42UmnPv5ZMxPxhz6uvU','yNiVCuFNLOu@lalala.com');
INSERT INTO SILUTEL.PEMBELIAN VALUES('PcjhPI','2016-04-10 6:42:49','VaUN5defY','0MFJ5gbIC8FNs30T@lalala.com');
INSERT INTO SILUTEL.PEMBELIAN VALUES('wjje6Z','2016-04-19 22:18:53','2r2EZuK5QO7cnQMbi','CGYpZuW1CDSVOHvM@lalala.com');
INSERT INTO SILUTEL.PEMBELIAN VALUES('LSzbvg','2016-04-02 0:16:28','EcBchJuqhkjIilcXqGqo','yNiVCuFNLOu@lalala.com');
INSERT INTO SILUTEL.PEMBELIAN VALUES('VBAOqS','2016-05-03 20:39:20','UAf1kNJiS42UmnPv5ZMxPxhz6uvU','O9gaR0a9@ui.ac.id');
INSERT INTO SILUTEL.PEMBELIAN VALUES('p7VeT6','2016-04-06 19:45:57','h6OiWSQsqLF8fXqpz','EnVicnH1HGvyC@lalala.com');
INSERT INTO SILUTEL.PEMBELIAN VALUES('DKjOFc','2016-04-05 11:51:20','pjrICvr6lIXsSE5hsU','3CCqUTMy9dli4ZChU9Wt@lalala.com');
INSERT INTO SILUTEL.PEMBELIAN VALUES('0cfUEJ','2016-04-02 20:0:38','xmP4I4JO2KZyRUCYaso0SFM0B','XnC@lalala.com');
INSERT INTO SILUTEL.PEMBELIAN VALUES('4lUA5A','2016-04-04 9:38:23','WjWYPH1nhrBRlUoaerXkVdWgZNZ6FrEOu4','0MFJ5gbIC8FNs30T@lalala.com');
INSERT INTO SILUTEL.PEMBELIAN VALUES('8engC2','2016-04-05 23:17:15','xmP4I4JO2KZyRUCYaso0SFM0B','QxLk@lalala.com');
INSERT INTO SILUTEL.PEMBELIAN VALUES('XtQHO7','2016-05-15 23:43:28','pTXI9ZKwvo8','GPe1WoO2Q3@ui.ac.id');
INSERT INTO SILUTEL.PEMBELIAN VALUES('PKLA2v','2016-05-21 10:30:43','cg2x33lacqCA','wsrPQW@ui.ac.id');
INSERT INTO SILUTEL.PEMBELIAN VALUES('PGDDnL','2016-04-06 15:7:28','cg2x33lacqCA','GPe1WoO2Q3@ui.ac.id');
INSERT INTO SILUTEL.PEMBELIAN VALUES('7W5CYe','2016-04-15 11:42:3','x','oXDUW@ui.ac.id');
INSERT INTO SILUTEL.PEMBELIAN VALUES('fi9eee','2016-05-19 7:49:24','TbenC5c59wKhJleeI','uW@foo.bar');
INSERT INTO SILUTEL.PEMBELIAN VALUES('DzyhPf','2016-04-27 22:40:14','UAf1kNJiS42UmnPv5ZMxPxhz6uvU','O9gaR0a9@ui.ac.id');
INSERT INTO SILUTEL.PEMBELIAN VALUES('X6MCoa','2016-05-09 7:40:17','drgybn','w1Ppsgx2b03Gbx@ui.ac.id');
INSERT INTO SILUTEL.PEMBELIAN VALUES('Kux8ff','2016-04-18 12:47:50','hGl3EjFBsEEDcMO1VxUFH5CEXO','oXDUW@ui.ac.id');
INSERT INTO SILUTEL.PEMBELIAN VALUES('5GfNQZ','2016-05-05 6:54:32','nLvaX1X7W6VL7mydCPE','wsrPQW@ui.ac.id');
INSERT INTO SILUTEL.PEMBELIAN VALUES('gq1qC2','2016-04-13 15:13:23','2r2EZuK5QO7cnQMbi','c9YG5Knjo95uqq@foo.bar');
INSERT INTO SILUTEL.PEMBELIAN VALUES('ImdHUq','2016-05-01 2:11:11','YB6R0mr17','QxLk@lalala.com');
INSERT INTO SILUTEL.PEMBELIAN VALUES('4vA0CW','2016-04-03 16:4:59','M2','3ED9VltHG7QjSCbZUTM@lalala.com');
INSERT INTO SILUTEL.PEMBELIAN VALUES('C50e6s','2016-05-30 7:4:38','WjWYPH1nhrBRlUoaerXkVdWgZNZ6FrEOu4','FHccFZj@ui.ac.id');
INSERT INTO SILUTEL.PEMBELIAN VALUES('N8Og3E','2016-04-05 18:32:52','hGl3EjFBsEEDcMO1VxUFH5CEXO','EnVicnH1HGvyC@lalala.com');
INSERT INTO SILUTEL.PEMBELIAN VALUES('oQ9vCV','2016-05-14 17:24:54','xmP4I4JO2KZyRUCYaso0SFM0B','wsrPQW@ui.ac.id');
INSERT INTO SILUTEL.PEMBELIAN VALUES('3N4jJY','2016-04-17 20:57:12','Kr5V4yTzbatSp2Exf84','3CCqUTMy9dli4ZChU9Wt@lalala.com');
INSERT INTO SILUTEL.PEMBELIAN VALUES('kdDHQX','2016-04-09 16:20:49','rWxIHyxk4WezeglSsgLeNn6KyleSkobccD','c9YG5Knjo95uqq@foo.bar');
INSERT INTO SILUTEL.PEMBELIAN VALUES('9f3YZV','2016-05-18 5:14:6','2r2EZuK5QO7cnQMbi','sMOIGbHTT3KjSgGB1@foo.bar');
INSERT INTO SILUTEL.PEMBELIAN VALUES('YSQMzm','2016-04-12 16:42:15','cg2x33lacqCA','3CCqUTMy9dli4ZChU9Wt@lalala.com');
INSERT INTO SILUTEL.PEMBELIAN VALUES('L8bBd7','2016-05-26 3:48:57','h6OiWSQsqLF8fXqpz','GPe1WoO2Q3@ui.ac.id');
INSERT INTO SILUTEL.PEMBELIAN VALUES('DFFqFn','2016-04-10 14:10:2','lC','D3w0ila4LexWLIjQALK@ui.ac.id');
INSERT INTO SILUTEL.PEMBELIAN VALUES('HzfF6z','2016-05-07 9:14:39','URFpQpYSQb5hgAYgPhXxYay22cjuc','QxLk@lalala.com');
INSERT INTO SILUTEL.PEMBELIAN VALUES('6JiUup','2016-04-26 5:35:28','KSsH7UttJ06iSIC2z65aAMteJJ','KylB368@foo.bar');
INSERT INTO SILUTEL.PEMBELIAN VALUES('hyRcjL','2016-04-26 8:37:6','x','oXDUW@ui.ac.id');
INSERT INTO SILUTEL.PEMBELIAN VALUES('igxrvP','2016-04-10 17:37:53','cg2x33lacqCA','nfSFpM@lalala.com');
INSERT INTO SILUTEL.PEMBELIAN VALUES('HDZmjL','2016-05-24 10:53:15','pTXI9ZKwvo8','yNiVCuFNLOu@lalala.com');
INSERT INTO SILUTEL.PEMBELIAN VALUES('G9ahzd','2016-05-24 1:16:9','UAf1kNJiS42UmnPv5ZMxPxhz6uvU','QxLk@lalala.com');
INSERT INTO SILUTEL.PEMBELIAN VALUES('YyUMsl','2016-04-16 15:31:30','S4PiO2zUSjn52oRj3iU','oXDUW@ui.ac.id');
INSERT INTO SILUTEL.PEMBELIAN VALUES('Ly9awf','2016-05-28 15:4:4','8sqfTrc4M2hCPRvGlc4KU9XSTWLtRmcs','nfSFpM@lalala.com');
INSERT INTO SILUTEL.PEMBELIAN VALUES('nDCYfB','2016-05-17 23:51:0','wkTuhqM56l','TnPCWHSExHnM@foo.bar');
INSERT INTO SILUTEL.PEMBELIAN VALUES('1oelFF','2016-04-11 14:38:14','FwDpznK2CmjMCo0tJ6','QxLk@lalala.com');
INSERT INTO SILUTEL.PEMBELIAN VALUES('KcDhVZ','2016-05-03 4:19:21','pTXI9ZKwvo8','QxLk@lalala.com');
INSERT INTO SILUTEL.PEMBELIAN VALUES('GVPVxV','2016-04-21 19:29:0','URFpQpYSQb5hgAYgPhXxYay22cjuc','z5VZt8xOCZsQSu@foo.bar');
INSERT INTO SILUTEL.PEMBELIAN VALUES('9cI7Bu','2016-04-20 4:21:29','boN9pf95iC4COY2CEe1AHC','c9YG5Knjo95uqq@foo.bar');
INSERT INTO SILUTEL.PEMBELIAN VALUES('0KZ5XY','2016-04-07 4:40:1','JXaomP5nXAFxyv3qbZRE','oXDUW@ui.ac.id');
INSERT INTO SILUTEL.PEMBELIAN VALUES('axTxcI','2016-05-26 22:40:16','KSsH7UttJ06iSIC2z65aAMteJJ','uW@foo.bar');
INSERT INTO SILUTEL.PEMBELIAN VALUES('7vcS9D','2016-04-12 19:10:30','TA2zyB2xPS3Nzs','c9YG5Knjo95uqq@foo.bar');
INSERT INTO SILUTEL.PEMBELIAN VALUES('47AUiy','2016-04-16 4:32:40','i2WISxrqOvBI','EnVicnH1HGvyC@lalala.com');
INSERT INTO SILUTEL.PEMBELIAN VALUES('RkO4Jf','2016-05-17 2:44:32','KSsH7UttJ06iSIC2z65aAMteJJ','nfSFpM@lalala.com');
INSERT INTO SILUTEL.PEMBELIAN VALUES('PTpnPT','2016-04-14 20:10:51','UIYIN','QxLk@lalala.com');
INSERT INTO SILUTEL.PEMBELIAN VALUES('BhtT8v','2016-05-29 18:51:35','nLvaX1X7W6VL7mydCPE','O9gaR0a9@ui.ac.id');
INSERT INTO SILUTEL.PEMBELIAN VALUES('cX6Ph2','2016-05-20 4:36:31','UIYIN','GPe1WoO2Q3@ui.ac.id');
INSERT INTO SILUTEL.PEMBELIAN VALUES('rJ1Oad','2016-05-09 1:59:49','i2WISxrqOvBI','z5VZt8xOCZsQSu@foo.bar');
INSERT INTO SILUTEL.PEMBELIAN VALUES('lqC4eK','2016-05-10 15:54:19','UAf1kNJiS42UmnPv5ZMxPxhz6uvU','uW@foo.bar');
INSERT INTO SILUTEL.PEMBELIAN VALUES('gEA2Ws','2016-04-15 18:35:31','boN9pf95iC4COY2CEe1AHC','CGYpZuW1CDSVOHvM@lalala.com');
INSERT INTO SILUTEL.PEMBELIAN VALUES('T8x6Mo','2016-05-07 19:29:45','wBHtYo5FLziuNlzCsERrXpfvlsqbz9M','sMOIGbHTT3KjSgGB1@foo.bar');
INSERT INTO SILUTEL.PEMBELIAN VALUES('mae6QG','2016-04-24 22:14:53','3AFIumi2kd','sMOIGbHTT3KjSgGB1@foo.bar');
INSERT INTO SILUTEL.PEMBELIAN VALUES('Ksyf3u','2016-04-12 4:55:22','VaUN5defY','KylB368@foo.bar');
INSERT INTO SILUTEL.PEMBELIAN VALUES('dL4RrY','2016-04-29 23:59:17','VaUN5defY','uW@foo.bar');
INSERT INTO SILUTEL.PEMBELIAN VALUES('ZvMosA','2016-05-01 14:14:45','f5Vn8XGdCmORxTNJKav17zjqoQ5RO','O9gaR0a9@ui.ac.id');
INSERT INTO SILUTEL.PEMBELIAN VALUES('T3LzYG','2016-05-08 19:22:44','Cv4xZE2tufm6p1M','c9YG5Knjo95uqq@foo.bar');
INSERT INTO SILUTEL.PEMBELIAN VALUES('Xtygyp','2016-05-23 0:15:37','h6OiWSQsqLF8fXqpz','2HgEM4kEaDY@foo.bar');
INSERT INTO SILUTEL.PEMBELIAN VALUES('B7lctE','2016-05-12 21:21:1','nLvaX1X7W6VL7mydCPE','V22TCK9oCA6ROxW@ui.ac.id');
INSERT INTO SILUTEL.PEMBELIAN VALUES('EIguuT','2016-04-22 13:21:59','pTXI9ZKwvo8','2HgEM4kEaDY@foo.bar');
INSERT INTO SILUTEL.PEMBELIAN VALUES('HJFr84','2016-05-16 19:49:24','boN9pf95iC4COY2CEe1AHC','sMOIGbHTT3KjSgGB1@foo.bar');
INSERT INTO SILUTEL.PEMBELIAN VALUES('J2UCsj','2016-05-05 18:43:47','M2','EnVicnH1HGvyC@lalala.com');
INSERT INTO SILUTEL.PEMBELIAN VALUES('Sd2KEN','2016-05-13 6:5:28','EcBchJuqhkjIilcXqGqo','w1Ppsgx2b03Gbx@ui.ac.id');
INSERT INTO SILUTEL.PEMBELIAN VALUES('bCTBTn','2016-05-18 11:38:35','Cv4xZE2tufm6p1M','c2UiduQ2@ui.ac.id');
INSERT INTO SILUTEL.PEMBELIAN VALUES('6LQ71K','2016-05-14 9:51:30','8sqfTrc4M2hCPRvGlc4KU9XSTWLtRmcs','oXDUW@ui.ac.id');
INSERT INTO SILUTEL.PEMBELIAN VALUES('3fBDOA','2016-05-02 3:19:11','KqQYXAHjIZu9Gq4Ao0sKXD89p8','V22TCK9oCA6ROxW@ui.ac.id');
INSERT INTO SILUTEL.PEMBELIAN VALUES('Y14F26','2016-05-09 5:19:59','ey','oXDUW@ui.ac.id');
INSERT INTO SILUTEL.PEMBELIAN VALUES('JZPDik','2016-04-12 20:59:3','EcBchJuqhkjIilcXqGqo','CGYpZuW1CDSVOHvM@lalala.com');
INSERT INTO SILUTEL.PEMBELIAN VALUES('Tlx17d','2016-05-08 17:28:26','UIYIN','sMOIGbHTT3KjSgGB1@foo.bar');
INSERT INTO SILUTEL.PEMBELIAN VALUES('o8cM4I','2016-04-06 11:34:2','S0','GPe1WoO2Q3@ui.ac.id');
INSERT INTO SILUTEL.PEMBELIAN VALUES('fSIdNJ','2016-05-10 6:3:56','FwDpznK2CmjMCo0tJ6','c2UiduQ2@ui.ac.id');
INSERT INTO SILUTEL.PEMBELIAN VALUES('k880R7','2016-05-15 22:51:6','KSsH7UttJ06iSIC2z65aAMteJJ','0MFJ5gbIC8FNs30T@lalala.com');
INSERT INTO SILUTEL.PEMBELIAN VALUES('50Ts7o','2016-05-09 11:24:45','UicwGKg9pwp1c4EvptE1VUhlVi','KylB368@foo.bar');
INSERT INTO SILUTEL.PEMBELIAN VALUES('9K7PFw','2016-04-01 23:24:19','pTXI9ZKwvo8','2HgEM4kEaDY@foo.bar');
INSERT INTO SILUTEL.PEMBELIAN VALUES('tHE62x','2016-04-01 8:53:5','KqQYXAHjIZu9Gq4Ao0sKXD89p8','TnPCWHSExHnM@foo.bar');
INSERT INTO SILUTEL.PEMBELIAN VALUES('KKR4dm','2016-04-03 18:8:44','wBHtYo5FLziuNlzCsERrXpfvlsqbz9M','oXDUW@ui.ac.id');
INSERT INTO SILUTEL.PEMBELIAN VALUES('4Y7mon','2016-05-11 9:27:20','TbenC5c59wKhJleeI','sMOIGbHTT3KjSgGB1@foo.bar');
INSERT INTO SILUTEL.PEMBELIAN VALUES('BtIehz','2016-05-23 0:44:4','UicwGKg9pwp1c4EvptE1VUhlVi','uW@foo.bar');
INSERT INTO SILUTEL.PEMBELIAN VALUES('r75HM4','2016-04-25 3:0:1','VaUN5defY','QxLk@lalala.com');
INSERT INTO SILUTEL.PEMBELIAN VALUES('OEui3g','2016-04-26 7:7:16','nLvaX1X7W6VL7mydCPE','FHccFZj@ui.ac.id');
INSERT INTO SILUTEL.PEMBELIAN VALUES('NeeFcx','2016-05-23 11:8:27','JXaomP5nXAFxyv3qbZRE','V22TCK9oCA6ROxW@ui.ac.id');
INSERT INTO SILUTEL.PEMBELIAN VALUES('miZQ3B','2016-05-05 20:19:59','GgEtiVPrvnYnh1xtUG9QZ7D','V22TCK9oCA6ROxW@ui.ac.id');
INSERT INTO SILUTEL.PEMBELIAN VALUES('eAygsU','2016-05-21 2:31:18','KqQYXAHjIZu9Gq4Ao0sKXD89p8','3ED9VltHG7QjSCbZUTM@lalala.com');
INSERT INTO SILUTEL.PEMBELIAN VALUES('sgxAdU','2016-05-17 3:28:4','TA2zyB2xPS3Nzs','CGYpZuW1CDSVOHvM@lalala.com');
INSERT INTO SILUTEL.PEMBELIAN VALUES('HErnOZ','2016-05-07 1:4:43','3AFIumi2kd','z5VZt8xOCZsQSu@foo.bar');
INSERT INTO SILUTEL.PEMBELIAN VALUES('svyQg5','2016-04-27 14:30:44','pLMaRkYdTB6sS2ssRvVh30g2JUsX6EJd','3CCqUTMy9dli4ZChU9Wt@lalala.com');
INSERT INTO SILUTEL.PEMBELIAN VALUES('WlH21v','2016-04-06 11:31:7','EIITGV7yQBSkOouATnPIkBl3r','z5VZt8xOCZsQSu@foo.bar');
INSERT INTO SILUTEL.PEMBELIAN VALUES('CNHVMJ','2016-04-29 7:54:54','KqQYXAHjIZu9Gq4Ao0sKXD89p8','z5VZt8xOCZsQSu@foo.bar');
INSERT INTO SILUTEL.PEMBELIAN VALUES('nzO5NN','2016-05-28 22:0:27','rWxIHyxk4WezeglSsgLeNn6KyleSkobccD','V22TCK9oCA6ROxW@ui.ac.id');
INSERT INTO SILUTEL.PEMBELIAN VALUES('lYitOh','2016-04-17 10:53:34','WL02Qy0n4A20oSQkYsl7sROM49m3d00Y','yNiVCuFNLOu@lalala.com');
INSERT INTO SILUTEL.PEMBELIAN VALUES('Gy67bx','2016-04-25 1:51:51','FwDpznK2CmjMCo0tJ6','EnVicnH1HGvyC@lalala.com');
INSERT INTO SILUTEL.PEMBELIAN_INVENTORI VALUES('Sd2KEN','OwYa7EDQyM','QcvtZxNG',39,2647);
INSERT INTO SILUTEL.PEMBELIAN_INVENTORI VALUES('OP0KIH','D','RWZV2WN9FxpGCTRG',32,14055);
INSERT INTO SILUTEL.PEMBELIAN_INVENTORI VALUES('sxY1Z7','dvXyOsLBCCJy02iie','mQO',58,9008);
INSERT INTO SILUTEL.PEMBELIAN_INVENTORI VALUES('m9VDAC','Tc2sR1NXJc6','jYVeLAlbFKn0wzi',94,6787);
INSERT INTO SILUTEL.PEMBELIAN_INVENTORI VALUES('UuH3V1','uK','LXqFCQlq6dF',81,16067);
INSERT INTO SILUTEL.PEMBELIAN_INVENTORI VALUES('tDtGwg','2os8M94bG6','BZLHY',1,7592);
INSERT INTO SILUTEL.PEMBELIAN_INVENTORI VALUES('NeeFcx','uALMLTL','d7Q20p',7,1714);
INSERT INTO SILUTEL.PEMBELIAN_INVENTORI VALUES('zUWYgR','fjSsFO1mzsi6JJc0fo','Br0W6JZjS2x83Z',58,24913);
INSERT INTO SILUTEL.PEMBELIAN_INVENTORI VALUES('kdDHQX','YAcsm2Fm','OoKqBhhV2U3ZM4vGfGgP',77,16163);
INSERT INTO SILUTEL.PEMBELIAN_INVENTORI VALUES('0JcyUH','fGCB5WSDIn88a','T3ywce42pM',78,7749);
INSERT INTO SILUTEL.PEMBELIAN_INVENTORI VALUES('Du3NwC','vOFrJHqhG','OqtbVvVwo',53,6172);
INSERT INTO SILUTEL.PEMBELIAN_INVENTORI VALUES('Spit4F','uALMLTL','d7Q20p',79,31437);
INSERT INTO SILUTEL.PEMBELIAN_INVENTORI VALUES('FkE3nf','UvKWAJOGvlV3r','YCMRTMBdYn',17,1842);
INSERT INTO SILUTEL.PEMBELIAN_INVENTORI VALUES('kdDHQX','AywhiL','yyZLiBGY1bTI3',83,18300);
INSERT INTO SILUTEL.PEMBELIAN_INVENTORI VALUES('XHclrh','ilDjup','iFw7AKqg',95,29162);
INSERT INTO SILUTEL.PEMBELIAN_INVENTORI VALUES('HzfF6z','uK','LXqFCQlq6dF',78,21597);
INSERT INTO SILUTEL.PEMBELIAN_INVENTORI VALUES('TMIdUU','ys','ZeggaCzlKq',45,21576);
INSERT INTO SILUTEL.PEMBELIAN_INVENTORI VALUES('t8RcuH','yrhPxy5d4Z6hdaq2','vhUNU3b',45,29087);
INSERT INTO SILUTEL.PEMBELIAN_INVENTORI VALUES('BtIehz','C1UcnunMkXztMkicI7','eZfoj74wM',33,27704);
INSERT INTO SILUTEL.PEMBELIAN_INVENTORI VALUES('j49yKB','36q2iWBUVsg','gbcBZkzE',32,14890);
INSERT INTO SILUTEL.PEMBELIAN_INVENTORI VALUES('zUWYgR','iZxt','yb4w0sjczO1',11,10221);
INSERT INTO SILUTEL.PEMBELIAN_INVENTORI VALUES('qD4I51','2yAo93GMOSbOcAk','ZN9OZWu6vRN4ms0rbP6F',44,24937);
INSERT INTO SILUTEL.PEMBELIAN_INVENTORI VALUES('dlvgRE','5sIV8dlG','RpWP8SLzcJ9',94,8147);
INSERT INTO SILUTEL.PEMBELIAN_INVENTORI VALUES('CthcnS','D','RWZV2WN9FxpGCTRG',96,17517);
INSERT INTO SILUTEL.PEMBELIAN_INVENTORI VALUES('Kux8ff','W5lcZ6p97fL','nA2',25,12566);
INSERT INTO SILUTEL.PEMBELIAN_INVENTORI VALUES('OHtO7A','W5lcZ6p97fL','nA2',68,29564);
INSERT INTO SILUTEL.PEMBELIAN_INVENTORI VALUES('9cI7Bu','ROd6TkvHi7nvT','rEPp61S0abg5h4',60,21469);
INSERT INTO SILUTEL.PEMBELIAN_INVENTORI VALUES('axTxcI','CvDK5','Z462dW9i8Oz',39,19464);
INSERT INTO SILUTEL.PEMBELIAN_INVENTORI VALUES('1oelFF','T6EqbsdgW8Nj4a','fRcdQNr1JwYGYJ6XIHW',44,29900);
INSERT INTO SILUTEL.PEMBELIAN_INVENTORI VALUES('Kvsnxn','wv7P96mTd','MIqVcrzFmARD0A',57,23691);
INSERT INTO SILUTEL.PEMBELIAN_INVENTORI VALUES('dHhLB6','D','RWZV2WN9FxpGCTRG',57,32449);
INSERT INTO SILUTEL.PEMBELIAN_INVENTORI VALUES('tkKR7i','dvXyOsLBCCJy02iie','mQO',72,16704);
INSERT INTO SILUTEL.PEMBELIAN_INVENTORI VALUES('ccWrEU','D','RWZV2WN9FxpGCTRG',76,28625);
INSERT INTO SILUTEL.PEMBELIAN_INVENTORI VALUES('aO5C3s','vOFrJHqhG','OqtbVvVwo',67,18553);
INSERT INTO SILUTEL.PEMBELIAN_INVENTORI VALUES('0cfUEJ','vOFrJHqhG','OqtbVvVwo',82,20134);
INSERT INTO SILUTEL.PEMBELIAN_INVENTORI VALUES('Xtygyp','C1UcnunMkXztMkicI7','eZfoj74wM',67,9732);
INSERT INTO SILUTEL.PEMBELIAN_INVENTORI VALUES('m9VDAC','CMvpMbzFMuiYEB','dMqYKWcb1CSXGyMxbs',67,18585);
INSERT INTO SILUTEL.PEMBELIAN_INVENTORI VALUES('kAqYJ6','5sIV8dlG','RpWP8SLzcJ9',84,5195);
INSERT INTO SILUTEL.PEMBELIAN_INVENTORI VALUES('yBV2Dl','2yAo93GMOSbOcAk','ZN9OZWu6vRN4ms0rbP6F',10,2013);
INSERT INTO SILUTEL.PEMBELIAN_INVENTORI VALUES('aSsdVn','fjSsFO1mzsi6JJc0fo','Br0W6JZjS2x83Z',51,2141);
INSERT INTO SILUTEL.PEMBELIAN_INVENTORI VALUES('U6SBsl','6s1gYXJ4Bt9MjQNbc','yixdsfJD',26,16875);
INSERT INTO SILUTEL.PEMBELIAN_INVENTORI VALUES('U6SBsl','I2ibx6wqWWXhwx','R03obt1ZhqY',19,20133);
INSERT INTO SILUTEL.PEMBELIAN_INVENTORI VALUES('FkE3nf','2yAo93GMOSbOcAk','ZN9OZWu6vRN4ms0rbP6F',16,549);
INSERT INTO SILUTEL.PEMBELIAN_INVENTORI VALUES('8engC2','aZQjvZrMhssQkpkWhopI','S8',38,1663);
INSERT INTO SILUTEL.PEMBELIAN_INVENTORI VALUES('TurSXP','5sIV8dlG','RpWP8SLzcJ9',11,5808);
INSERT INTO SILUTEL.PEMBELIAN_INVENTORI VALUES('PGDDnL','5sIV8dlG','RpWP8SLzcJ9',37,19798);
INSERT INTO SILUTEL.PEMBELIAN_INVENTORI VALUES('axTxcI','GJIQ','tN9wZTTQHQR2Tap8',66,23536);
INSERT INTO SILUTEL.PEMBELIAN_INVENTORI VALUES('4Y7mon','ROd6TkvHi7nvT','rEPp61S0abg5h4',39,7600);
INSERT INTO SILUTEL.PEMBELIAN_INVENTORI VALUES('yWAzyh','2TC4QNw1MMXXabh','MzUqDZ',52,6733);
INSERT INTO SILUTEL.PEMBELIAN_INVENTORI VALUES('slzNWt','2os8M94bG6','BZLHY',35,23493);
INSERT INTO SILUTEL.PEMBELIAN_INVENTORI VALUES('QRrITZ','ys','ZeggaCzlKq',60,19446);
INSERT INTO SILUTEL.PEMBELIAN_INVENTORI VALUES('dHhLB6','6s1gYXJ4Bt9MjQNbc','yixdsfJD',1,15229);
INSERT INTO SILUTEL.PEMBELIAN_INVENTORI VALUES('svyQg5','ROd6TkvHi7nvT','rEPp61S0abg5h4',49,21899);
INSERT INTO SILUTEL.PEMBELIAN_INVENTORI VALUES('WlH21v','5sIV8dlG','RpWP8SLzcJ9',22,23639);
INSERT INTO SILUTEL.PEMBELIAN_INVENTORI VALUES('VBAOqS','AywhiL','yyZLiBGY1bTI3',47,2710);
INSERT INTO SILUTEL.PEMBELIAN_INVENTORI VALUES('o8cM4I','5sIV8dlG','RpWP8SLzcJ9',29,1343);
INSERT INTO SILUTEL.PEMBELIAN_INVENTORI VALUES('N8Og3E','T6EqbsdgW8Nj4a','fRcdQNr1JwYGYJ6XIHW',4,17547);
INSERT INTO SILUTEL.PEMBELIAN_INVENTORI VALUES('QEx3Ap','mjWPZd','d65tgJSS267UzrQj',85,13607);
INSERT INTO SILUTEL.PEMBELIAN_INVENTORI VALUES('wwnZ1V','Tc2sR1NXJc6','jYVeLAlbFKn0wzi',57,18538);
INSERT INTO SILUTEL.PEMBELIAN_INVENTORI VALUES('fi9eee','ROd6TkvHi7nvT','rEPp61S0abg5h4',69,17777);
INSERT INTO SILUTEL.PEMBELIAN_INVENTORI VALUES('QwMOPQ','mjWPZd','d65tgJSS267UzrQj',56,31518);
INSERT INTO SILUTEL.PEMBELIAN_INVENTORI VALUES('47AUiy','CMvpMbzFMuiYEB','dMqYKWcb1CSXGyMxbs',4,10992);
INSERT INTO SILUTEL.PEMBELIAN_INVENTORI VALUES('3N4jJY','fGCB5WSDIn88a','T3ywce42pM',64,13521);
INSERT INTO SILUTEL.PEMBELIAN_INVENTORI VALUES('iqDygN','cO9BGEx','qYLSGDr0avCMfKeaJ0eA',55,24366);
INSERT INTO SILUTEL.PEMBELIAN_INVENTORI VALUES('Y14F26','2os8M94bG6','BZLHY',21,9727);
INSERT INTO SILUTEL.PEMBELIAN_INVENTORI VALUES('VBAOqS','cO9BGEx','qYLSGDr0avCMfKeaJ0eA',5,14162);
INSERT INTO SILUTEL.PEMBELIAN_INVENTORI VALUES('0cfUEJ','uK','LXqFCQlq6dF',87,5466);
INSERT INTO SILUTEL.PEMBELIAN_INVENTORI VALUES('lf2jAB','2os8M94bG6','BZLHY',50,24214);
INSERT INTO SILUTEL.PEMBELIAN_INVENTORI VALUES('3fBDOA','AywhiL','yyZLiBGY1bTI3',52,9305);
INSERT INTO SILUTEL.PEMBELIAN_INVENTORI VALUES('YPSb0w','UvKWAJOGvlV3r','YCMRTMBdYn',71,29734);
INSERT INTO SILUTEL.PEMBELIAN_INVENTORI VALUES('utv7ba','I2ibx6wqWWXhwx','R03obt1ZhqY',42,21320);
INSERT INTO SILUTEL.PEMBELIAN_INVENTORI VALUES('e89Vxs','UvKWAJOGvlV3r','YCMRTMBdYn',31,858);
INSERT INTO SILUTEL.PEMBELIAN_INVENTORI VALUES('akqHo5','mjWPZd','d65tgJSS267UzrQj',42,2925);
INSERT INTO SILUTEL.PEMBELIAN_INVENTORI VALUES('o58Btv','cO9BGEx','qYLSGDr0avCMfKeaJ0eA',71,14046);
INSERT INTO SILUTEL.PEMBELIAN_INVENTORI VALUES('31hoeX','2sWYqxO','VN',11,23596);
INSERT INTO SILUTEL.PEMBELIAN_INVENTORI VALUES('KKR4dm','2sWYqxO','VN',71,31346);
INSERT INTO SILUTEL.PEMBELIAN_INVENTORI VALUES('SAR9QU','NXKiBfqFkThNfb7fi','n9pHCXo23q61S1zkE',7,20284);
INSERT INTO SILUTEL.PEMBELIAN_INVENTORI VALUES('kAqYJ6','609nz2LDTauwit','rlZYM',16,2920);
INSERT INTO SILUTEL.PEMBELIAN_INVENTORI VALUES('qhgs4e','C1UcnunMkXztMkicI7','eZfoj74wM',97,17244);
INSERT INTO SILUTEL.PEMBELIAN_INVENTORI VALUES('u8Yexw','ys','ZeggaCzlKq',52,23064);
INSERT INTO SILUTEL.PEMBELIAN_INVENTORI VALUES('zUWYgR','uALMLTL','d7Q20p',18,1517);
INSERT INTO SILUTEL.PEMBELIAN_INVENTORI VALUES('cX6Ph2','aZQjvZrMhssQkpkWhopI','S8',95,32391);
INSERT INTO SILUTEL.PEMBELIAN_INVENTORI VALUES('caZGzj','bD0kIJbawWLCeVkN','VEtG1P',42,31068);
INSERT INTO SILUTEL.PEMBELIAN_INVENTORI VALUES('QwMOPQ','fGCB5WSDIn88a','T3ywce42pM',19,12835);
INSERT INTO SILUTEL.PEMBELIAN_INVENTORI VALUES('UY4x18','GJIQ','tN9wZTTQHQR2Tap8',45,23474);
INSERT INTO SILUTEL.PEMBELIAN_INVENTORI VALUES('lYitOh','fGCB5WSDIn88a','T3ywce42pM',79,11796);
INSERT INTO SILUTEL.PEMBELIAN_INVENTORI VALUES('j49yKB','ROd6TkvHi7nvT','rEPp61S0abg5h4',44,22901);
INSERT INTO SILUTEL.PEMBELIAN_INVENTORI VALUES('t8RcuH','C1UcnunMkXztMkicI7','eZfoj74wM',59,27480);
INSERT INTO SILUTEL.PEMBELIAN_INVENTORI VALUES('i4D5XL','fGCB5WSDIn88a','T3ywce42pM',8,22168);
INSERT INTO SILUTEL.PEMBELIAN_INVENTORI VALUES('X6MCoa','2yAo93GMOSbOcAk','ZN9OZWu6vRN4ms0rbP6F',76,30349);
INSERT INTO SILUTEL.PEMBELIAN_INVENTORI VALUES('2azPxz','36q2iWBUVsg','gbcBZkzE',96,30076);
INSERT INTO SILUTEL.PEMBELIAN_INVENTORI VALUES('gEA2Ws','xBB5cb00OjK','cFlJEFL0T',77,17210);
INSERT INTO SILUTEL.PEMBELIAN_INVENTORI VALUES('GnYPlx','2sWYqxO','VN',16,25728);
INSERT INTO SILUTEL.PEMBELIAN_INVENTORI VALUES('axTxcI','Tc2sR1NXJc6','jYVeLAlbFKn0wzi',85,31081);
INSERT INTO SILUTEL.PEMBELIAN_INVENTORI VALUES('wlcRyH','ROd6TkvHi7nvT','rEPp61S0abg5h4',8,30901);
INSERT INTO SILUTEL.PEMBELIAN_INVENTORI VALUES('bCTBTn','Tc2sR1NXJc6','jYVeLAlbFKn0wzi',47,11958);
INSERT INTO SILUTEL.PEMBELIAN_INVENTORI VALUES('gEA2Ws','C1UcnunMkXztMkicI7','eZfoj74wM',40,24798);
INSERT INTO SILUTEL.PEMBELIAN_INVENTORI VALUES('NAVFnZ','ilDjup','iFw7AKqg',28,32413);
INSERT INTO SILUTEL.PEMBELIAN_INVENTORI VALUES('1wipBt','Am','B36KVA1fz',72,5694);
INSERT INTO SILUTEL.PEMBELIAN_INVENTORI VALUES('CNHVMJ','pExOOzw6iIhVlOa','VRlf4SRcrnXRBgV',26,6554);
INSERT INTO SILUTEL.PEMBELIAN_INVENTORI VALUES('8engC2','609nz2LDTauwit','rlZYM',57,22360);
INSERT INTO SILUTEL.PEMBELIAN_INVENTORI VALUES('wlcRyH','mu3OeW5l','UEBRRc',21,23217);
INSERT INTO SILUTEL.PEMBELIAN_INVENTORI VALUES('p61UU0','T6EqbsdgW8Nj4a','fRcdQNr1JwYGYJ6XIHW',67,5394);
INSERT INTO SILUTEL.PEMBELIAN_INVENTORI VALUES('XHclrh','ys','ZeggaCzlKq',98,6814);
INSERT INTO SILUTEL.PEMBELIAN_INVENTORI VALUES('Ex3Lte','1pJQUODZ','MWXOnctug',46,6284);
INSERT INTO SILUTEL.PEMBELIAN_INVENTORI VALUES('3N4jJY','ilDjup','iFw7AKqg',27,24477);
INSERT INTO SILUTEL.PEMBELIAN_INVENTORI VALUES('CthcnS','dvXyOsLBCCJy02iie','mQO',62,155);
INSERT INTO SILUTEL.PEMBELIAN_INVENTORI VALUES('9YcDIo','mjWPZd','d65tgJSS267UzrQj',17,1277);
INSERT INTO SILUTEL.PEMBELIAN_INVENTORI VALUES('MULSRG','eepjdgHx','U7BBtIeBl5HdNF',79,6008);
INSERT INTO SILUTEL.PEMBELIAN_INVENTORI VALUES('Y7IJyj','cO9BGEx','qYLSGDr0avCMfKeaJ0eA',98,25490);
INSERT INTO SILUTEL.PEMBELIAN_INVENTORI VALUES('mz7yx8','Tc2sR1NXJc6','jYVeLAlbFKn0wzi',74,11048);
INSERT INTO SILUTEL.PEMBELIAN_INVENTORI VALUES('7lOOVQ','NXKiBfqFkThNfb7fi','n9pHCXo23q61S1zkE',60,16992);
INSERT INTO SILUTEL.PEMBELIAN_INVENTORI VALUES('X7pByu','Am','B36KVA1fz',92,27627);
INSERT INTO SILUTEL.PEMBELIAN_INVENTORI VALUES('Ksyf3u','mjWPZd','d65tgJSS267UzrQj',45,20786);
INSERT INTO SILUTEL.PEMBELIAN_INVENTORI VALUES('mae6QG','2yAo93GMOSbOcAk','ZN9OZWu6vRN4ms0rbP6F',46,16669);
INSERT INTO SILUTEL.PEMBELIAN_INVENTORI VALUES('1oelFF','W5lcZ6p97fL','nA2',98,9554);
INSERT INTO SILUTEL.PEMBELIAN_INVENTORI VALUES('TtEpll','ilDjup','iFw7AKqg',80,9086);
INSERT INTO SILUTEL.PEMBELIAN_INVENTORI VALUES('mJTixI','C1UcnunMkXztMkicI7','eZfoj74wM',51,17379);
INSERT INTO SILUTEL.PEMBELIAN_INVENTORI VALUES('X7pByu','2yAo93GMOSbOcAk','ZN9OZWu6vRN4ms0rbP6F',91,7298);
INSERT INTO SILUTEL.PEMBELIAN_INVENTORI VALUES('DAaGfw','iZxt','yb4w0sjczO1',80,21594);
INSERT INTO SILUTEL.PEMBELIAN_INVENTORI VALUES('wwnZ1V','5sIV8dlG','RpWP8SLzcJ9',91,27853);
INSERT INTO SILUTEL.PEMBELIAN_INVENTORI VALUES('inxZgP','2sWYqxO','VN',17,29098);
INSERT INTO SILUTEL.PEMBELIAN_INVENTORI VALUES('6JiUup','Am','B36KVA1fz',79,6470);
INSERT INTO SILUTEL.PEMBELIAN_INVENTORI VALUES('ccWrEU','fjSsFO1mzsi6JJc0fo','Br0W6JZjS2x83Z',46,6205);
INSERT INTO SILUTEL.PEMBELIAN_INVENTORI VALUES('ZvMosA','CvDK5','Z462dW9i8Oz',6,26058);
INSERT INTO SILUTEL.PEMBELIAN_INVENTORI VALUES('zJqvaf','vOFrJHqhG','OqtbVvVwo',67,30344);
INSERT INTO SILUTEL.PEMBELIAN_INVENTORI VALUES('X1CyQ5','5sIV8dlG','RpWP8SLzcJ9',89,6759);
INSERT INTO SILUTEL.PEMBELIAN_INVENTORI VALUES('jwTLLR','YAcsm2Fm','OoKqBhhV2U3ZM4vGfGgP',52,30724);
INSERT INTO SILUTEL.PEMBELIAN_INVENTORI VALUES('HzfF6z','5sIV8dlG','RpWP8SLzcJ9',7,23824);
INSERT INTO SILUTEL.PEMBELIAN_INVENTORI VALUES('BGg5Ao','AywhiL','yyZLiBGY1bTI3',25,1967);
INSERT INTO SILUTEL.PEMBELIAN_INVENTORI VALUES('zJqvaf','GJIQ','tN9wZTTQHQR2Tap8',28,15081);
INSERT INTO SILUTEL.PEMBELIAN_INVENTORI VALUES('yWAzyh','cO9BGEx','qYLSGDr0avCMfKeaJ0eA',28,2763);
INSERT INTO SILUTEL.PEMBELIAN_INVENTORI VALUES('uB2rCY','YAcsm2Fm','OoKqBhhV2U3ZM4vGfGgP',97,29346);
INSERT INTO SILUTEL.PEMBELIAN_INVENTORI VALUES('QEx3Ap','YAcsm2Fm','OoKqBhhV2U3ZM4vGfGgP',70,19144);
INSERT INTO SILUTEL.PEMBELIAN_INVENTORI VALUES('upBpAp','pExOOzw6iIhVlOa','VRlf4SRcrnXRBgV',49,15735);
INSERT INTO SILUTEL.PEMBELIAN_INVENTORI VALUES('GnYPlx','CvDK5','Z462dW9i8Oz',76,21916);
INSERT INTO SILUTEL.PEMBELIAN_INVENTORI VALUES('QRrITZ','Tc2sR1NXJc6','jYVeLAlbFKn0wzi',86,15367);
INSERT INTO SILUTEL.PEMBELIAN_INVENTORI VALUES('IMmxGw','W5lcZ6p97fL','nA2',28,27854);
INSERT INTO SILUTEL.PEMBELIAN_INVENTORI VALUES('E15I0l','CMvpMbzFMuiYEB','dMqYKWcb1CSXGyMxbs',89,16769);
INSERT INTO SILUTEL.PEMBELIAN_INVENTORI VALUES('QECgcC','iZxt','yb4w0sjczO1',12,5397);
INSERT INTO SILUTEL.PEMBELIAN_INVENTORI VALUES('QEx3Ap','ROd6TkvHi7nvT','rEPp61S0abg5h4',12,5439);
INSERT INTO SILUTEL.PEMBELIAN_INVENTORI VALUES('BhtT8v','pExOOzw6iIhVlOa','VRlf4SRcrnXRBgV',50,8819);
INSERT INTO SILUTEL.PEMBELIAN_INVENTORI VALUES('4Y7mon','2os8M94bG6','BZLHY',38,32051);
INSERT INTO SILUTEL.PEMBELIAN_INVENTORI VALUES('XIWEpd','mu3OeW5l','UEBRRc',52,9712);
INSERT INTO SILUTEL.PEMBELIAN_INVENTORI VALUES('Mugz5O','ys','ZeggaCzlKq',86,12450);
INSERT INTO SILUTEL.PEMBELIAN_INVENTORI VALUES('t8RcuH','AywhiL','yyZLiBGY1bTI3',28,6259);
INSERT INTO SILUTEL.PEMBELIAN_INVENTORI VALUES('Df5RuS','uALMLTL','d7Q20p',79,2150);
INSERT INTO SILUTEL.PEMBELIAN_INVENTORI VALUES('toIhry','uALMLTL','d7Q20p',11,2689);
INSERT INTO SILUTEL.PEMBELIAN_INVENTORI VALUES('ldq15l','wv7P96mTd','MIqVcrzFmARD0A',69,3148);
INSERT INTO SILUTEL.PEMBELIAN_INVENTORI VALUES('X7pByu','AywhiL','yyZLiBGY1bTI3',96,12189);
INSERT INTO SILUTEL.PEMBELIAN_INVENTORI VALUES('PKLA2v','ROd6TkvHi7nvT','rEPp61S0abg5h4',0,13233);
INSERT INTO SILUTEL.PEMBELIAN_INVENTORI VALUES('wlcRyH','wv7P96mTd','MIqVcrzFmARD0A',63,22843);
INSERT INTO SILUTEL.PEMBELIAN_INVENTORI VALUES('o8cM4I','UvKWAJOGvlV3r','YCMRTMBdYn',25,26159);
INSERT INTO SILUTEL.PEMBELIAN_INVENTORI VALUES('mBo4GR','mjWPZd','d65tgJSS267UzrQj',4,3554);
INSERT INTO SILUTEL.PEMBELIAN_INVENTORI VALUES('bDNgZY','6s1gYXJ4Bt9MjQNbc','yixdsfJD',2,5318);
INSERT INTO SILUTEL.PEMBELIAN_INVENTORI VALUES('UgWyLn','ys','ZeggaCzlKq',52,25883);
INSERT INTO SILUTEL.PEMBELIAN_INVENTORI VALUES('akqHo5','Am','B36KVA1fz',33,29458);
INSERT INTO SILUTEL.PEMBELIAN_INVENTORI VALUES('47AUiy','mjWPZd','d65tgJSS267UzrQj',58,25527);
INSERT INTO SILUTEL.PEMBELIAN_INVENTORI VALUES('G05YPt','2yAo93GMOSbOcAk','ZN9OZWu6vRN4ms0rbP6F',94,23322);
INSERT INTO SILUTEL.PEMBELIAN_INVENTORI VALUES('Gy67bx','wv7P96mTd','MIqVcrzFmARD0A',96,22339);
INSERT INTO SILUTEL.PEMBELIAN_INVENTORI VALUES('yBV2Dl','YAcsm2Fm','OoKqBhhV2U3ZM4vGfGgP',30,21397);
INSERT INTO SILUTEL.PEMBELIAN_INVENTORI VALUES('bDNgZY','mu3OeW5l','UEBRRc',33,9368);
INSERT INTO SILUTEL.PEMBELIAN_INVENTORI VALUES('lqC4eK','cO9BGEx','qYLSGDr0avCMfKeaJ0eA',79,23437);
INSERT INTO SILUTEL.PEMBELIAN_INVENTORI VALUES('1oelFF','iZxt','yb4w0sjczO1',85,9279);
INSERT INTO SILUTEL.PEMBELIAN_INVENTORI VALUES('XUoWwh','uALMLTL','d7Q20p',19,31571);
INSERT INTO SILUTEL.PEMBELIAN_INVENTORI VALUES('BtIehz','AywhiL','yyZLiBGY1bTI3',70,10424);
INSERT INTO SILUTEL.PEMBELIAN_INVENTORI VALUES('LSzbvg','bD0kIJbawWLCeVkN','VEtG1P',99,25418);
INSERT INTO SILUTEL.PEMBELIAN_INVENTORI VALUES('URVqCv','iZxt','yb4w0sjczO1',23,10051);
INSERT INTO SILUTEL.PEMBELIAN_INVENTORI VALUES('qKhYiS','6s1gYXJ4Bt9MjQNbc','yixdsfJD',20,8584);
INSERT INTO SILUTEL.PEMBELIAN_INVENTORI VALUES('Ksyf3u','cO9BGEx','qYLSGDr0avCMfKeaJ0eA',86,901);
INSERT INTO SILUTEL.PEMBELIAN_INVENTORI VALUES('PcjhPI','Tc2sR1NXJc6','jYVeLAlbFKn0wzi',19,16531);
INSERT INTO SILUTEL.PEMBELIAN_INVENTORI VALUES('XHclrh','w3J0uXjRvyd8','prn5l0nL',18,24354);
INSERT INTO SILUTEL.PEMBELIAN_INVENTORI VALUES('DFFqFn','bD0kIJbawWLCeVkN','VEtG1P',51,22424);
INSERT INTO SILUTEL.PEMBELIAN_INVENTORI VALUES('DzyhPf','CMvpMbzFMuiYEB','dMqYKWcb1CSXGyMxbs',77,14169);
INSERT INTO SILUTEL.PEMBELIAN_INVENTORI VALUES('Ly9awf','cO9BGEx','qYLSGDr0avCMfKeaJ0eA',77,1343);
INSERT INTO SILUTEL.PEMBELIAN_INVENTORI VALUES('XtQHO7','CMvpMbzFMuiYEB','dMqYKWcb1CSXGyMxbs',8,6338);
INSERT INTO SILUTEL.PEMBELIAN_INVENTORI VALUES('0VPIEM','36q2iWBUVsg','gbcBZkzE',60,34);
INSERT INTO SILUTEL.PEMBELIAN_INVENTORI VALUES('iqDygN','uK','LXqFCQlq6dF',33,5711);
INSERT INTO SILUTEL.PEMBELIAN_INVENTORI VALUES('ntuBMp','mjWPZd','d65tgJSS267UzrQj',3,14365);
INSERT INTO SILUTEL.PEMBELIAN_INVENTORI VALUES('gWgY7F','1pJQUODZ','MWXOnctug',74,3);
INSERT INTO SILUTEL.PEMBELIAN_INVENTORI VALUES('BtIehz','W5lcZ6p97fL','nA2',37,5434);
INSERT INTO SILUTEL.PEMBELIAN_INVENTORI VALUES('axTxcI','W5lcZ6p97fL','nA2',92,25686);
INSERT INTO SILUTEL.PEMBELIAN_INVENTORI VALUES('ZvMosA','eepjdgHx','U7BBtIeBl5HdNF',23,25583);
INSERT INTO SILUTEL.PEMBELIAN_INVENTORI VALUES('LSzbvg','CvDK5','Z462dW9i8Oz',37,1369);
INSERT INTO SILUTEL.PEMBELIAN_INVENTORI VALUES('PKLA2v','YAcsm2Fm','OoKqBhhV2U3ZM4vGfGgP',82,30937);
INSERT INTO SILUTEL.PEMBELIAN_INVENTORI VALUES('5GfNQZ','TV9tcdyS','Tce1Wqh1OmYdaKP',79,16033);
INSERT INTO SILUTEL.PEMBELIAN_INVENTORI VALUES('e89Vxs','YAcsm2Fm','OoKqBhhV2U3ZM4vGfGgP',69,9115);
INSERT INTO SILUTEL.PEMBELIAN_INVENTORI VALUES('MULSRG','dvXyOsLBCCJy02iie','mQO',83,112);
INSERT INTO SILUTEL.PEMBELIAN_INVENTORI VALUES('LSzbvg','m','zndJCmAe1QVB',53,10655);
INSERT INTO SILUTEL.PEMBELIAN_INVENTORI VALUES('3N4jJY','2TC4QNw1MMXXabh','MzUqDZ',5,1570);
INSERT INTO SILUTEL.PEMBELIAN_INVENTORI VALUES('yWAzyh','aZQjvZrMhssQkpkWhopI','S8',61,31284);
INSERT INTO SILUTEL.PEMBELIAN_INVENTORI VALUES('IMmxGw','AywhiL','yyZLiBGY1bTI3',91,7700);
INSERT INTO SILUTEL.PEMBELIAN_INVENTORI VALUES('oQ9vCV','dvXyOsLBCCJy02iie','mQO',48,30489);
INSERT INTO SILUTEL.PEMBELIAN_INVENTORI VALUES('pnmBpv','W5lcZ6p97fL','nA2',48,20832);
INSERT INTO SILUTEL.PEMBELIAN_INVENTORI VALUES('Df5RuS','xBB5cb00OjK','cFlJEFL0T',69,13892);
INSERT INTO SILUTEL.PEMBELIAN_INVENTORI VALUES('8xeCOc','xBB5cb00OjK','cFlJEFL0T',46,26657);
INSERT INTO SILUTEL.PEMBELIAN_INVENTORI VALUES('tkKR7i','ilDjup','iFw7AKqg',20,6502);
INSERT INTO SILUTEL.PEMBELIAN_INVENTORI VALUES('RkO4Jf','2TC4QNw1MMXXabh','MzUqDZ',15,1805);
INSERT INTO SILUTEL.PEMBELIAN_INVENTORI VALUES('YsFYeV','yrhPxy5d4Z6hdaq2','vhUNU3b',91,9708);
INSERT INTO SILUTEL.PEMBELIAN_INVENTORI VALUES('hxyPcs','iZxt','yb4w0sjczO1',59,1990);
INSERT INTO SILUTEL.PEMBELIAN_INVENTORI VALUES('QEx3Ap','bD0kIJbawWLCeVkN','VEtG1P',49,30924);
INSERT INTO SILUTEL.PEMBELIAN_INVENTORI VALUES('issa7J','ROd6TkvHi7nvT','rEPp61S0abg5h4',46,21794);
INSERT INTO SILUTEL.PEMBELIAN_INVENTORI VALUES('xEDPYO','ySm1KVezq','zr6cyuzBiqOF9q0WWh',16,18232);
INSERT INTO SILUTEL.PEMBELIAN_INVENTORI VALUES('fSIdNJ','W5lcZ6p97fL','nA2',41,24711);
INSERT INTO SILUTEL.PEMBELIAN_INVENTORI VALUES('8dhHji','dvXyOsLBCCJy02iie','mQO',43,7233);
INSERT INTO SILUTEL.PEMBELIAN_INVENTORI VALUES('GVPVxV','uK','LXqFCQlq6dF',59,4364);
INSERT INTO SILUTEL.PEMBELIAN_INVENTORI VALUES('C50e6s','Am','B36KVA1fz',85,23708);
INSERT INTO SILUTEL.PEMBELIAN_INVENTORI VALUES('XIWEpd','1pJQUODZ','MWXOnctug',85,14079);
INSERT INTO SILUTEL.PEMBELIAN_INVENTORI VALUES('eAygsU','nYg6xXCNjbG','UuEWx9maYFakbGW',64,23716);
INSERT INTO SILUTEL.PEMBELIAN_INVENTORI VALUES('TTWDVJ','2TC4QNw1MMXXabh','MzUqDZ',16,32372);
INSERT INTO SILUTEL.PEMBELIAN_INVENTORI VALUES('Y7IJyj','UvKWAJOGvlV3r','YCMRTMBdYn',82,3596);
INSERT INTO SILUTEL.PEMBELIAN_INVENTORI VALUES('lf2jAB','TV9tcdyS','Tce1Wqh1OmYdaKP',83,5429);
INSERT INTO SILUTEL.PEMBELIAN_INVENTORI VALUES('Ly9awf','w3J0uXjRvyd8','prn5l0nL',8,26754);
INSERT INTO SILUTEL.PEMBELIAN_INVENTORI VALUES('L8bBd7','nYg6xXCNjbG','UuEWx9maYFakbGW',46,14493);
INSERT INTO SILUTEL.PEMBELIAN_INVENTORI VALUES('L8QBRu','xBB5cb00OjK','cFlJEFL0T',60,4992);
INSERT INTO SILUTEL.PEMBELIAN_INVENTORI VALUES('SAR9QU','I2ibx6wqWWXhwx','R03obt1ZhqY',21,22312);
INSERT INTO SILUTEL.PEMBELIAN_INVENTORI VALUES('DzyhPf','GJIQ','tN9wZTTQHQR2Tap8',3,28111);
INSERT INTO SILUTEL.PEMBELIAN_INVENTORI VALUES('1mxLHt','bD0kIJbawWLCeVkN','VEtG1P',70,518);
INSERT INTO SILUTEL.PEMBELIAN_INVENTORI VALUES('DmwGtA','ySm1KVezq','zr6cyuzBiqOF9q0WWh',93,14298);
INSERT INTO SILUTEL.PEMBELIAN_INVENTORI VALUES('VBAOqS','CMvpMbzFMuiYEB','dMqYKWcb1CSXGyMxbs',84,3761);
INSERT INTO SILUTEL.PEMBELIAN_INVENTORI VALUES('oQ9vCV','UvKWAJOGvlV3r','YCMRTMBdYn',38,16153);
INSERT INTO SILUTEL.PEMBELIAN_INVENTORI VALUES('VBAOqS','Tc2sR1NXJc6','jYVeLAlbFKn0wzi',89,24423);
INSERT INTO SILUTEL.PEMBELIAN_INVENTORI VALUES('47AUiy','36q2iWBUVsg','gbcBZkzE',3,21640);
INSERT INTO SILUTEL.PEMBELIAN_INVENTORI VALUES('Df5RuS','5sIV8dlG','RpWP8SLzcJ9',34,12587);
INSERT INTO SILUTEL.PEMBELIAN_INVENTORI VALUES('0KZ5XY','D','RWZV2WN9FxpGCTRG',62,13337);
INSERT INTO SILUTEL.PEMBELIAN_INVENTORI VALUES('gq1qC2','mu3OeW5l','UEBRRc',19,32241);
INSERT INTO SILUTEL.PEMBELIAN_INVENTORI VALUES('NeeFcx','GJIQ','tN9wZTTQHQR2Tap8',69,26247);
INSERT INTO SILUTEL.PEMBELIAN_INVENTORI VALUES('wlcRyH','5sIV8dlG','RpWP8SLzcJ9',39,23613);
INSERT INTO SILUTEL.PEMBELIAN_INVENTORI VALUES('wUSYJg','2yAo93GMOSbOcAk','ZN9OZWu6vRN4ms0rbP6F',61,21181);
INSERT INTO SILUTEL.PEMBELIAN_INVENTORI VALUES('pnmBpv','vOFrJHqhG','OqtbVvVwo',31,9799);
INSERT INTO SILUTEL.PEMBELIAN_INVENTORI VALUES('caZGzj','uALMLTL','d7Q20p',13,12930);
INSERT INTO SILUTEL.PEMBELIAN_INVENTORI VALUES('0r0uXu','I2ibx6wqWWXhwx','R03obt1ZhqY',0,24239);
INSERT INTO SILUTEL.PEMBELIAN_INVENTORI VALUES('SAR9QU','2sWYqxO','VN',61,19378);
INSERT INTO SILUTEL.PEMBELIAN_INVENTORI VALUES('iPvmnV','dvXyOsLBCCJy02iie','mQO',64,8995);
INSERT INTO SILUTEL.PEMBELIAN_INVENTORI VALUES('2H9z6O','1pJQUODZ','MWXOnctug',88,29521);
INSERT INTO SILUTEL.PEMBELIAN_INVENTORI VALUES('G05YPt','dvXyOsLBCCJy02iie','mQO',31,21475);
INSERT INTO SILUTEL.PEMBELIAN_INVENTORI VALUES('zUWYgR','T6EqbsdgW8Nj4a','fRcdQNr1JwYGYJ6XIHW',65,21346);
INSERT INTO SILUTEL.PEMBELIAN_INVENTORI VALUES('0cfUEJ','pExOOzw6iIhVlOa','VRlf4SRcrnXRBgV',68,4319);
INSERT INTO SILUTEL.PEMBELIAN_INVENTORI VALUES('75DXQG','tznXwQXl','oH',91,1874);
INSERT INTO SILUTEL.PEMBELIAN_INVENTORI VALUES('T3LzYG','ys','ZeggaCzlKq',79,14520);
INSERT INTO SILUTEL.PEMBELIAN_INVENTORI VALUES('o58Btv','eepjdgHx','U7BBtIeBl5HdNF',16,14676);
INSERT INTO SILUTEL.PEMBELIAN_INVENTORI VALUES('Tlx17d','iZxt','yb4w0sjczO1',86,9509);
INSERT INTO SILUTEL.PEMBELIAN_INVENTORI VALUES('uB2rCY','fjSsFO1mzsi6JJc0fo','Br0W6JZjS2x83Z',23,21062);
INSERT INTO SILUTEL.PEMBELIAN_INVENTORI VALUES('ZqISjP','D','RWZV2WN9FxpGCTRG',2,1888);
INSERT INTO SILUTEL.PEMBELIAN_INVENTORI VALUES('PTpnPT','Tc2sR1NXJc6','jYVeLAlbFKn0wzi',35,31605);
INSERT INTO SILUTEL.PEMBELIAN_INVENTORI VALUES('o8cM4I','tznXwQXl','oH',46,5139);
INSERT INTO SILUTEL.PEMBELIAN_INVENTORI VALUES('DAaGfw','nYg6xXCNjbG','UuEWx9maYFakbGW',66,31923);
INSERT INTO SILUTEL.PEMBELIAN_INVENTORI VALUES('8dhHji','C1UcnunMkXztMkicI7','eZfoj74wM',7,5938);
INSERT INTO SILUTEL.PEMBELIAN_INVENTORI VALUES('dL4RrY','1pJQUODZ','MWXOnctug',47,19598);
INSERT INTO SILUTEL.PEMBELIAN_INVENTORI VALUES('p7VeT6','aZQjvZrMhssQkpkWhopI','S8',19,30944);
INSERT INTO SILUTEL.PEMBELIAN_INVENTORI VALUES('HJFr84','fGCB5WSDIn88a','T3ywce42pM',57,23943);
INSERT INTO SILUTEL.PEMBELIAN_INVENTORI VALUES('eE3hYh','wv7P96mTd','MIqVcrzFmARD0A',33,31648);
INSERT INTO SILUTEL.PEMBELIAN_INVENTORI VALUES('slzNWt','CvDK5','Z462dW9i8Oz',33,7338);
INSERT INTO SILUTEL.PEMBELIAN_INVENTORI VALUES('wjje6Z','UvKWAJOGvlV3r','YCMRTMBdYn',66,16062);
INSERT INTO SILUTEL.PEMBELIAN_INVENTORI VALUES('zTDtCN','2TC4QNw1MMXXabh','MzUqDZ',83,27589);
INSERT INTO SILUTEL.PEMBELIAN_INVENTORI VALUES('BZQp79','YAcsm2Fm','OoKqBhhV2U3ZM4vGfGgP',16,31624);
INSERT INTO SILUTEL.PEMBELIAN_INVENTORI VALUES('ZvMosA','fjSsFO1mzsi6JJc0fo','Br0W6JZjS2x83Z',40,9188);
INSERT INTO SILUTEL.PEMBELIAN_INVENTORI VALUES('Xtygyp','tznXwQXl','oH',55,2046);
INSERT INTO SILUTEL.PEMBELIAN_INVENTORI VALUES('HjvjII','TV9tcdyS','Tce1Wqh1OmYdaKP',16,13588);
INSERT INTO SILUTEL.PEMBELIAN_INVENTORI VALUES('dL4RrY','dvXyOsLBCCJy02iie','mQO',29,19928);
INSERT INTO SILUTEL.PEMBELIAN_INVENTORI VALUES('vbU7Qo','2sWYqxO','VN',2,31542);
INSERT INTO SILUTEL.PEMBELIAN_INVENTORI VALUES('ldq15l','eepjdgHx','U7BBtIeBl5HdNF',30,13822);
INSERT INTO SILUTEL.PEMBELIAN_INVENTORI VALUES('4lUA5A','tznXwQXl','oH',32,19321);
INSERT INTO SILUTEL.PEMBELIAN_INVENTORI VALUES('Ly9awf','uALMLTL','d7Q20p',62,30747);
INSERT INTO SILUTEL.PEMBELIAN_INVENTORI VALUES('toIhry','mjWPZd','d65tgJSS267UzrQj',60,260);
INSERT INTO SILUTEL.PEMBELIAN_INVENTORI VALUES('mvcRAf','m','zndJCmAe1QVB',77,979);
INSERT INTO SILUTEL.PEMBELIAN_INVENTORI VALUES('sxY1Z7','D','RWZV2WN9FxpGCTRG',12,25738);
INSERT INTO SILUTEL.PEMBELIAN_INVENTORI VALUES('TTWDVJ','D','RWZV2WN9FxpGCTRG',21,30563);
INSERT INTO SILUTEL.PEMBELIAN_INVENTORI VALUES('Kvsnxn','5sIV8dlG','RpWP8SLzcJ9',48,1696);
INSERT INTO SILUTEL.PEMBELIAN_INVENTORI VALUES('wwnZ1V','CMvpMbzFMuiYEB','dMqYKWcb1CSXGyMxbs',29,5578);
INSERT INTO SILUTEL.PEMBELIAN_INVENTORI VALUES('p544XL','fGCB5WSDIn88a','T3ywce42pM',98,13673);
INSERT INTO SILUTEL.PEMBELIAN_INVENTORI VALUES('p61UU0','Am','B36KVA1fz',40,10774);
INSERT INTO SILUTEL.PEMBELIAN_INVENTORI VALUES('k880R7','I2ibx6wqWWXhwx','R03obt1ZhqY',46,21210);
INSERT INTO SILUTEL.PEMBELIAN_INVENTORI VALUES('lf2jAB','aZQjvZrMhssQkpkWhopI','S8',59,22490);
INSERT INTO SILUTEL.PEMBELIAN_INVENTORI VALUES('URVqCv','fGCB5WSDIn88a','T3ywce42pM',79,1319);
INSERT INTO SILUTEL.PEMBELIAN_INVENTORI VALUES('Mugz5O','fjSsFO1mzsi6JJc0fo','Br0W6JZjS2x83Z',29,2246);
INSERT INTO SILUTEL.PEMBELIAN_INVENTORI VALUES('GVPVxV','36q2iWBUVsg','gbcBZkzE',59,21486);
INSERT INTO SILUTEL.PEMBELIAN_INVENTORI VALUES('DzyhPf','xBB5cb00OjK','cFlJEFL0T',17,20858);
INSERT INTO SILUTEL.PEMBELIAN_INVENTORI VALUES('fi9eee','uK','LXqFCQlq6dF',99,18999);
INSERT INTO SILUTEL.PEMBELIAN_INVENTORI VALUES('Qyty3i','2TC4QNw1MMXXabh','MzUqDZ',94,11061);
INSERT INTO SILUTEL.PEMBELIAN_INVENTORI VALUES('gq1qC2','eepjdgHx','U7BBtIeBl5HdNF',78,9564);
INSERT INTO SILUTEL.PEMBELIAN_INVENTORI VALUES('NVtM0D','bD0kIJbawWLCeVkN','VEtG1P',36,7057);
INSERT INTO SILUTEL.PEMBELIAN_INVENTORI VALUES('Kux8ff','CvDK5','Z462dW9i8Oz',55,19834);
INSERT INTO SILUTEL.PEMBELIAN_INVENTORI VALUES('aSsdVn','T6EqbsdgW8Nj4a','fRcdQNr1JwYGYJ6XIHW',94,10029);
INSERT INTO SILUTEL.PEMBELIAN_INVENTORI VALUES('vH6aIy','2TC4QNw1MMXXabh','MzUqDZ',27,23584);
INSERT INTO SILUTEL.PEMBELIAN_INVENTORI VALUES('sgxAdU','2sWYqxO','VN',64,1698);
INSERT INTO SILUTEL.PEMBELIAN_INVENTORI VALUES('T8x6Mo','D','RWZV2WN9FxpGCTRG',43,15479);
INSERT INTO SILUTEL.PEMBELIAN_INVENTORI VALUES('xEDPYO','m','zndJCmAe1QVB',42,31747);
INSERT INTO SILUTEL.PEMBELIAN_INVENTORI VALUES('zUWYgR','609nz2LDTauwit','rlZYM',72,10005);
INSERT INTO SILUTEL.PEMBELIAN_INVENTORI VALUES('HjvjII','36q2iWBUVsg','gbcBZkzE',54,20986);
INSERT INTO SILUTEL.PEMBELIAN_INVENTORI VALUES('L8QBRu','OwYa7EDQyM','QcvtZxNG',37,29563);
INSERT INTO SILUTEL.PEMBELIAN_INVENTORI VALUES('Df5RuS','TV9tcdyS','Tce1Wqh1OmYdaKP',44,25662);
INSERT INTO SILUTEL.PEMBELIAN_INVENTORI VALUES('wlcRyH','I2ibx6wqWWXhwx','R03obt1ZhqY',57,23955);
INSERT INTO SILUTEL.PEMBELIAN_INVENTORI VALUES('yCgrHa','OwYa7EDQyM','QcvtZxNG',33,5428);
INSERT INTO SILUTEL.PEMBELIAN_INVENTORI VALUES('Y7IJyj','TV9tcdyS','Tce1Wqh1OmYdaKP',73,3917);
INSERT INTO SILUTEL.PEMBELIAN_INVENTORI VALUES('T2VPDH','1pJQUODZ','MWXOnctug',18,8389);
INSERT INTO SILUTEL.PEMBELIAN_INVENTORI VALUES('sgxAdU','I2ibx6wqWWXhwx','R03obt1ZhqY',42,1198);
INSERT INTO SILUTEL.PEMBELIAN_INVENTORI VALUES('BhtT8v','m','zndJCmAe1QVB',29,14356);
INSERT INTO SILUTEL.PEMBELIAN_INVENTORI VALUES('PaNQnO','bD0kIJbawWLCeVkN','VEtG1P',61,3637);
INSERT INTO SILUTEL.PEMBELIAN_INVENTORI VALUES('9K7PFw','GJIQ','tN9wZTTQHQR2Tap8',50,20318);
INSERT INTO SILUTEL.PEMBELIAN_INVENTORI VALUES('vbU7Qo','CvDK5','Z462dW9i8Oz',38,15097);
INSERT INTO SILUTEL.PEMBELIAN_INVENTORI VALUES('fSIdNJ','Tc2sR1NXJc6','jYVeLAlbFKn0wzi',68,7306);
INSERT INTO SILUTEL.PEMBELIAN_INVENTORI VALUES('JZPDik','YAcsm2Fm','OoKqBhhV2U3ZM4vGfGgP',65,4389);
INSERT INTO SILUTEL.PEMBELIAN_INVENTORI VALUES('nBl5l7','TV9tcdyS','Tce1Wqh1OmYdaKP',75,19167);
INSERT INTO SILUTEL.PEMBELIAN_INVENTORI VALUES('n8t9lk','1pJQUODZ','MWXOnctug',69,21363);
INSERT INTO SILUTEL.PEMBELIAN_INVENTORI VALUES('YSQMzm','AywhiL','yyZLiBGY1bTI3',71,9606);
INSERT INTO SILUTEL.PEMBELIAN_INVENTORI VALUES('GKsD2X','vOFrJHqhG','OqtbVvVwo',3,24996);
INSERT INTO SILUTEL.PEMBELIAN_INVENTORI VALUES('YyUMsl','nYg6xXCNjbG','UuEWx9maYFakbGW',11,269);
INSERT INTO SILUTEL.PEMBELIAN_INVENTORI VALUES('B7lctE','fjSsFO1mzsi6JJc0fo','Br0W6JZjS2x83Z',88,27821);
INSERT INTO SILUTEL.PEMBELIAN_INVENTORI VALUES('aO5C3s','bD0kIJbawWLCeVkN','VEtG1P',68,9126);
INSERT INTO SILUTEL.PEMBELIAN_INVENTORI VALUES('KcDhVZ','yrhPxy5d4Z6hdaq2','vhUNU3b',12,13730);
INSERT INTO SILUTEL.PEMBELIAN_INVENTORI VALUES('cX6Ph2','Tc2sR1NXJc6','jYVeLAlbFKn0wzi',3,4888);
INSERT INTO SILUTEL.PEMBELIAN_INVENTORI VALUES('DmwGtA','wv7P96mTd','MIqVcrzFmARD0A',67,13282);
INSERT INTO SILUTEL.PEMBELIAN_INVENTORI VALUES('hIedeO','mjWPZd','d65tgJSS267UzrQj',29,27776);
INSERT INTO SILUTEL.PEMBELIAN_INVENTORI VALUES('DKjOFc','fGCB5WSDIn88a','T3ywce42pM',50,31239);
INSERT INTO SILUTEL.PEMBELIAN_INVENTORI VALUES('Bzb2n7','dvXyOsLBCCJy02iie','mQO',63,10652);
INSERT INTO SILUTEL.PEMBELIAN_INVENTORI VALUES('e89Vxs','609nz2LDTauwit','rlZYM',70,6265);
INSERT INTO SILUTEL.PEMBELIAN_INVENTORI VALUES('hIedeO','w3J0uXjRvyd8','prn5l0nL',17,27760);
INSERT INTO SILUTEL.PEMBELIAN_INVENTORI VALUES('PaNQnO','2TC4QNw1MMXXabh','MzUqDZ',21,7773);
INSERT INTO SILUTEL.PEMBELIAN_INVENTORI VALUES('DKjOFc','uK','LXqFCQlq6dF',73,23154);
INSERT INTO SILUTEL.PEMBELIAN_INVENTORI VALUES('sLLwsq','609nz2LDTauwit','rlZYM',89,12080);
INSERT INTO SILUTEL.PEMBELIAN_INVENTORI VALUES('LGp5PW','YAcsm2Fm','OoKqBhhV2U3ZM4vGfGgP',99,31932);
INSERT INTO SILUTEL.PEMBELIAN_INVENTORI VALUES('mBo4GR','NXKiBfqFkThNfb7fi','n9pHCXo23q61S1zkE',74,6796);
INSERT INTO SILUTEL.PEMBELIAN_INVENTORI VALUES('Q10895','aZQjvZrMhssQkpkWhopI','S8',74,9647);
INSERT INTO SILUTEL.PEMBELIAN_INVENTORI VALUES('G7RXmg','1pJQUODZ','MWXOnctug',55,25605);
INSERT INTO SILUTEL.PEMBELIAN_INVENTORI VALUES('Ly9awf','2os8M94bG6','BZLHY',94,19711);
INSERT INTO SILUTEL.PEMBELIAN_INVENTORI VALUES('toIhry','36q2iWBUVsg','gbcBZkzE',76,1270);
INSERT INTO SILUTEL.PEMBELIAN_INVENTORI VALUES('8dhHji','YAcsm2Fm','OoKqBhhV2U3ZM4vGfGgP',2,21247);
INSERT INTO SILUTEL.PEMBELIAN_INVENTORI VALUES('pnmBpv','D','RWZV2WN9FxpGCTRG',44,1218);
INSERT INTO SILUTEL.PEMBELIAN_INVENTORI VALUES('ImdHUq','nYg6xXCNjbG','UuEWx9maYFakbGW',51,29027);
INSERT INTO SILUTEL.PEMBELIAN_INVENTORI VALUES('zTDtCN','fjSsFO1mzsi6JJc0fo','Br0W6JZjS2x83Z',85,25210);
INSERT INTO SILUTEL.PEMBELIAN_INVENTORI VALUES('hDiR0a','mjWPZd','d65tgJSS267UzrQj',9,25600);
INSERT INTO SILUTEL.PEMBELIAN_INVENTORI VALUES('Xtygyp','CMvpMbzFMuiYEB','dMqYKWcb1CSXGyMxbs',48,18266);
INSERT INTO SILUTEL.PEMBELIAN_INVENTORI VALUES('issa7J','iZxt','yb4w0sjczO1',56,23190);
INSERT INTO SILUTEL.PEMBELIAN_INVENTORI VALUES('4vA0CW','T6EqbsdgW8Nj4a','fRcdQNr1JwYGYJ6XIHW',33,21357);
INSERT INTO SILUTEL.PEMBELIAN_INVENTORI VALUES('iPvmnV','YAcsm2Fm','OoKqBhhV2U3ZM4vGfGgP',49,15552);
INSERT INTO SILUTEL.PEMBELIAN_INVENTORI VALUES('Du3NwC','OwYa7EDQyM','QcvtZxNG',7,28841);
INSERT INTO SILUTEL.PEMBELIAN_INVENTORI VALUES('o8cM4I','2sWYqxO','VN',67,9036);
INSERT INTO SILUTEL.PEMBELIAN_INVENTORI VALUES('caZGzj','2yAo93GMOSbOcAk','ZN9OZWu6vRN4ms0rbP6F',55,14820);
INSERT INTO SILUTEL.PEMBELIAN_INVENTORI VALUES('tHE62x','uALMLTL','d7Q20p',51,27011);
INSERT INTO SILUTEL.PEMBELIAN_INVENTORI VALUES('lYitOh','2yAo93GMOSbOcAk','ZN9OZWu6vRN4ms0rbP6F',64,13473);
INSERT INTO SILUTEL.PEMBELIAN_INVENTORI VALUES('Kux8ff','yrhPxy5d4Z6hdaq2','vhUNU3b',2,11506);
INSERT INTO SILUTEL.PEMBELIAN_INVENTORI VALUES('ZCDKAv','aZQjvZrMhssQkpkWhopI','S8',51,27369);
INSERT INTO SILUTEL.PEMBELIAN_INVENTORI VALUES('mJTixI','OwYa7EDQyM','QcvtZxNG',33,31008);
INSERT INTO SILUTEL.PEMBELIAN_INVENTORI VALUES('DU4b2f','UvKWAJOGvlV3r','YCMRTMBdYn',14,13383);
INSERT INTO SILUTEL.PEMBELIAN_INVENTORI VALUES('G9ahzd','ROd6TkvHi7nvT','rEPp61S0abg5h4',61,12790);
INSERT INTO SILUTEL.PEMBELIAN_INVENTORI VALUES('igxrvP','CMvpMbzFMuiYEB','dMqYKWcb1CSXGyMxbs',86,2008);
INSERT INTO SILUTEL.PEMBELIAN_INVENTORI VALUES('n8t9lk','CMvpMbzFMuiYEB','dMqYKWcb1CSXGyMxbs',3,25097);
INSERT INTO SILUTEL.PEMBELIAN_INVENTORI VALUES('YyUMsl','pExOOzw6iIhVlOa','VRlf4SRcrnXRBgV',6,569);
INSERT INTO SILUTEL.PEMBELIAN_INVENTORI VALUES('L8QBRu','T6EqbsdgW8Nj4a','fRcdQNr1JwYGYJ6XIHW',37,16425);
INSERT INTO SILUTEL.PEMBELIAN_INVENTORI VALUES('0JcyUH','eepjdgHx','U7BBtIeBl5HdNF',13,12105);
INSERT INTO SILUTEL.PEMBELIAN_INVENTORI VALUES('ZCDKAv','NXKiBfqFkThNfb7fi','n9pHCXo23q61S1zkE',24,7235);
INSERT INTO SILUTEL.PEMBELIAN_INVENTORI VALUES('1mxLHt','6s1gYXJ4Bt9MjQNbc','yixdsfJD',83,8597);
INSERT INTO SILUTEL.PEMBELIAN_INVENTORI VALUES('7vcS9D','tznXwQXl','oH',73,25207);
INSERT INTO SILUTEL.PEMBELIAN_INVENTORI VALUES('OEui3g','fjSsFO1mzsi6JJc0fo','Br0W6JZjS2x83Z',18,8897);
INSERT INTO SILUTEL.PEMBELIAN_INVENTORI VALUES('3N4jJY','mu3OeW5l','UEBRRc',87,24800);
INSERT INTO SILUTEL.PEMBELIAN_INVENTORI VALUES('GKsD2X','CvDK5','Z462dW9i8Oz',80,18286);
INSERT INTO SILUTEL.PEMBELIAN_INVENTORI VALUES('X1CyQ5','dvXyOsLBCCJy02iie','mQO',99,16702);
INSERT INTO SILUTEL.PEMBELIAN_INVENTORI VALUES('p38gyr','ilDjup','iFw7AKqg',69,6999);
INSERT INTO SILUTEL.PEMBELIAN_INVENTORI VALUES('5GfNQZ','Am','B36KVA1fz',13,17116);
INSERT INTO SILUTEL.PEMBELIAN_INVENTORI VALUES('XHclrh','Tc2sR1NXJc6','jYVeLAlbFKn0wzi',42,19504);
INSERT INTO SILUTEL.PEMBELIAN_INVENTORI VALUES('mz7yx8','m','zndJCmAe1QVB',46,23997);
INSERT INTO SILUTEL.PEMBELIAN_INVENTORI VALUES('r75HM4','2os8M94bG6','BZLHY',41,10421);
INSERT INTO SILUTEL.PEMBELIAN_INVENTORI VALUES('OEui3g','1pJQUODZ','MWXOnctug',97,25898);
INSERT INTO SILUTEL.PEMBELIAN_INVENTORI VALUES('YPSb0w','2os8M94bG6','BZLHY',29,13211);
INSERT INTO SILUTEL.PEMBELIAN_INVENTORI VALUES('CNHVMJ','CvDK5','Z462dW9i8Oz',26,20679);
INSERT INTO SILUTEL.PEMBELIAN_INVENTORI VALUES('CthcnS','fGCB5WSDIn88a','T3ywce42pM',59,21072);
INSERT INTO SILUTEL.PEMBELIAN_INVENTORI VALUES('sgxAdU','nYg6xXCNjbG','UuEWx9maYFakbGW',21,30603);
INSERT INTO SILUTEL.PEMBELIAN_INVENTORI VALUES('QEx3Ap','iZxt','yb4w0sjczO1',90,6598);
INSERT INTO SILUTEL.PEMBELIAN_INVENTORI VALUES('stDKYr','Tc2sR1NXJc6','jYVeLAlbFKn0wzi',49,15483);
INSERT INTO SILUTEL.PEMBELIAN_INVENTORI VALUES('50Ts7o','6s1gYXJ4Bt9MjQNbc','yixdsfJD',15,11342);
INSERT INTO SILUTEL.PEMBELIAN_INVENTORI VALUES('8xeCOc','2TC4QNw1MMXXabh','MzUqDZ',12,2404);
INSERT INTO SILUTEL.PEMBELIAN_INVENTORI VALUES('Bzb2n7','AywhiL','yyZLiBGY1bTI3',22,19390);
INSERT INTO SILUTEL.PEMBELIAN_INVENTORI VALUES('upBpAp','AywhiL','yyZLiBGY1bTI3',68,17503);
INSERT INTO SILUTEL.PEMBELIAN_INVENTORI VALUES('RkO4Jf','ROd6TkvHi7nvT','rEPp61S0abg5h4',3,19381);
INSERT INTO SILUTEL.PEMBELIAN_INVENTORI VALUES('47AUiy','2os8M94bG6','BZLHY',31,22703);
INSERT INTO SILUTEL.PEMBELIAN_INVENTORI VALUES('DmwGtA','5sIV8dlG','RpWP8SLzcJ9',70,2954);
INSERT INTO SILUTEL.PEMBELIAN_INVENTORI VALUES('vH6aIy','uALMLTL','d7Q20p',45,11902);
INSERT INTO SILUTEL.PEMBELIAN_INVENTORI VALUES('SAR9QU','GJIQ','tN9wZTTQHQR2Tap8',14,15952);
INSERT INTO SILUTEL.PEMBELIAN_INVENTORI VALUES('mAijlb','W5lcZ6p97fL','nA2',51,4675);
INSERT INTO SILUTEL.PEMBELIAN_INVENTORI VALUES('H5YliA','TV9tcdyS','Tce1Wqh1OmYdaKP',23,11161);
INSERT INTO SILUTEL.PEMBELIAN_INVENTORI VALUES('ZqISjP','36q2iWBUVsg','gbcBZkzE',71,18888);
INSERT INTO SILUTEL.PEMBELIAN_INVENTORI VALUES('aSsdVn','ys','ZeggaCzlKq',39,24676);
INSERT INTO SILUTEL.PEMBELIAN_INVENTORI VALUES('BhtT8v','OwYa7EDQyM','QcvtZxNG',66,27588);
INSERT INTO SILUTEL.PEMBELIAN_INVENTORI VALUES('7vcS9D','ilDjup','iFw7AKqg',18,5256);
INSERT INTO SILUTEL.PEMBELIAN_INVENTORI VALUES('9YcDIo','cO9BGEx','qYLSGDr0avCMfKeaJ0eA',43,27888);
INSERT INTO SILUTEL.PEMBELIAN_INVENTORI VALUES('rJ1Oad','2yAo93GMOSbOcAk','ZN9OZWu6vRN4ms0rbP6F',24,17435);
INSERT INTO SILUTEL.PEMBELIAN_INVENTORI VALUES('UY4x18','uALMLTL','d7Q20p',80,21121);
INSERT INTO SILUTEL.PEMBELIAN_INVENTORI VALUES('wwnZ1V','36q2iWBUVsg','gbcBZkzE',79,15509);
INSERT INTO SILUTEL.PEMBELIAN_INVENTORI VALUES('V6k3in','609nz2LDTauwit','rlZYM',65,768);
INSERT INTO SILUTEL.PEMBELIAN_INVENTORI VALUES('TfhWot','GJIQ','tN9wZTTQHQR2Tap8',25,16367);
INSERT INTO SILUTEL.PEMBELIAN_INVENTORI VALUES('QPEL7M','W5lcZ6p97fL','nA2',79,7554);
INSERT INTO SILUTEL.PEMBELIAN_INVENTORI VALUES('7lOOVQ','nYg6xXCNjbG','UuEWx9maYFakbGW',41,7687);
INSERT INTO SILUTEL.PEMBELIAN_INVENTORI VALUES('L8QBRu','CMvpMbzFMuiYEB','dMqYKWcb1CSXGyMxbs',9,11397);
INSERT INTO SILUTEL.PEMBELIAN_INVENTORI VALUES('PKLA2v','mjWPZd','d65tgJSS267UzrQj',47,25271);
INSERT INTO SILUTEL.PEMBELIAN_INVENTORI VALUES('qhgs4e','36q2iWBUVsg','gbcBZkzE',9,26900);
INSERT INTO SILUTEL.PEMBELIAN_INVENTORI VALUES('0JcyUH','pExOOzw6iIhVlOa','VRlf4SRcrnXRBgV',98,32035);
INSERT INTO SILUTEL.PEMBELIAN_INVENTORI VALUES('FkE3nf','2sWYqxO','VN',30,23396);
INSERT INTO SILUTEL.PEMBELIAN_INVENTORI VALUES('J2UCsj','2TC4QNw1MMXXabh','MzUqDZ',1,30440);
INSERT INTO SILUTEL.PEMBELIAN_INVENTORI VALUES('X7iPgK','GJIQ','tN9wZTTQHQR2Tap8',43,25600);
INSERT INTO SILUTEL.PEMBELIAN_INVENTORI VALUES('Xtygyp','609nz2LDTauwit','rlZYM',86,19533);
INSERT INTO SILUTEL.PEMBELIAN_INVENTORI VALUES('8xeCOc','pExOOzw6iIhVlOa','VRlf4SRcrnXRBgV',96,29606);
INSERT INTO SILUTEL.PEMBELIAN_INVENTORI VALUES('HErnOZ','ROd6TkvHi7nvT','rEPp61S0abg5h4',87,10804);
INSERT INTO SILUTEL.PEMBELIAN_INVENTORI VALUES('cpumpe','ROd6TkvHi7nvT','rEPp61S0abg5h4',54,25414);
INSERT INTO SILUTEL.PEMBELIAN_INVENTORI VALUES('hDKxbG','AywhiL','yyZLiBGY1bTI3',34,20082);
INSERT INTO SILUTEL.PEMBELIAN_INVENTORI VALUES('xcPKw1','m','zndJCmAe1QVB',93,15823);
INSERT INTO SILUTEL.PEMBELIAN_INVENTORI VALUES('Mugz5O','wv7P96mTd','MIqVcrzFmARD0A',7,16276);
INSERT INTO SILUTEL.PEMBELIAN_INVENTORI VALUES('ImdHUq','1pJQUODZ','MWXOnctug',0,7123);
INSERT INTO SILUTEL.PEMBELIAN_INVENTORI VALUES('4G0OoP','fjSsFO1mzsi6JJc0fo','Br0W6JZjS2x83Z',48,12891);
INSERT INTO SILUTEL.PEMBELIAN_INVENTORI VALUES('XIWEpd','Am','B36KVA1fz',18,1129);
INSERT INTO SILUTEL.PEMBELIAN_INVENTORI VALUES('eE3hYh','GJIQ','tN9wZTTQHQR2Tap8',10,12381);
INSERT INTO SILUTEL.PEMBELIAN_INVENTORI VALUES('0VPIEM','m','zndJCmAe1QVB',97,22360);
INSERT INTO SILUTEL.PEMBELIAN_INVENTORI VALUES('tHE62x','fGCB5WSDIn88a','T3ywce42pM',42,22666);
INSERT INTO SILUTEL.PEMBELIAN_INVENTORI VALUES('4vKNzM','wv7P96mTd','MIqVcrzFmARD0A',26,27201);
INSERT INTO SILUTEL.PEMBELIAN_INVENTORI VALUES('hyRcjL','2TC4QNw1MMXXabh','MzUqDZ',12,20596);
INSERT INTO SILUTEL.PEMBELIAN_INVENTORI VALUES('t8RcuH','ROd6TkvHi7nvT','rEPp61S0abg5h4',96,4243);
INSERT INTO SILUTEL.PEMBELIAN_INVENTORI VALUES('lf2jAB','uK','LXqFCQlq6dF',91,30174);
INSERT INTO SILUTEL.PEMBELIAN_INVENTORI VALUES('NVtM0D','wv7P96mTd','MIqVcrzFmARD0A',55,27314);
INSERT INTO SILUTEL.PEMBELIAN_INVENTORI VALUES('hxyPcs','uK','LXqFCQlq6dF',5,9465);
INSERT INTO SILUTEL.PEMBELIAN_INVENTORI VALUES('PaNQnO','ySm1KVezq','zr6cyuzBiqOF9q0WWh',33,9363);
INSERT INTO SILUTEL.PEMBELIAN_INVENTORI VALUES('vH6aIy','ilDjup','iFw7AKqg',13,6871);
INSERT INTO SILUTEL.PEMBELIAN_INVENTORI VALUES('mae6QG','6s1gYXJ4Bt9MjQNbc','yixdsfJD',37,8316);
INSERT INTO SILUTEL.PEMBELIAN_INVENTORI VALUES('QPEL7M','nYg6xXCNjbG','UuEWx9maYFakbGW',93,21799);
INSERT INTO SILUTEL.PEMBELIAN_INVENTORI VALUES('miZQ3B','I2ibx6wqWWXhwx','R03obt1ZhqY',24,8529);
INSERT INTO SILUTEL.PEMBELIAN_INVENTORI VALUES('LGp5PW','nYg6xXCNjbG','UuEWx9maYFakbGW',63,18206);
INSERT INTO SILUTEL.PEMBELIAN_INVENTORI VALUES('lYitOh','pExOOzw6iIhVlOa','VRlf4SRcrnXRBgV',21,25183);
INSERT INTO SILUTEL.PEMBELIAN_INVENTORI VALUES('M0e9MH','xBB5cb00OjK','cFlJEFL0T',1,8491);
INSERT INTO SILUTEL.PEMBELIAN_INVENTORI VALUES('ZqISjP','mjWPZd','d65tgJSS267UzrQj',4,23770);
INSERT INTO SILUTEL.PEMBELIAN_INVENTORI VALUES('nzO5NN','36q2iWBUVsg','gbcBZkzE',53,8721);
INSERT INTO SILUTEL.PEMBELIAN_INVENTORI VALUES('stDKYr','2yAo93GMOSbOcAk','ZN9OZWu6vRN4ms0rbP6F',71,6855);
INSERT INTO SILUTEL.PEMBELIAN_INVENTORI VALUES('DzyhPf','Am','B36KVA1fz',43,31688);
INSERT INTO SILUTEL.PEMBELIAN_INVENTORI VALUES('eE3hYh','W5lcZ6p97fL','nA2',41,29447);
INSERT INTO SILUTEL.PEMBELIAN_INVENTORI VALUES('BGg5Ao','nYg6xXCNjbG','UuEWx9maYFakbGW',88,19711);
INSERT INTO SILUTEL.PEMBELIAN_INVENTORI VALUES('DFFqFn','dvXyOsLBCCJy02iie','mQO',35,29053);
INSERT INTO SILUTEL.PEMBELIAN_INVENTORI VALUES('keHJ9D','wv7P96mTd','MIqVcrzFmARD0A',54,23666);
INSERT INTO SILUTEL.PEMBELIAN_INVENTORI VALUES('QRrITZ','2os8M94bG6','BZLHY',13,10073);
INSERT INTO SILUTEL.PEMBELIAN_INVENTORI VALUES('9UU5an','eepjdgHx','U7BBtIeBl5HdNF',31,20534);
INSERT INTO SILUTEL.PEMBELIAN_INVENTORI VALUES('2P5xH5','UvKWAJOGvlV3r','YCMRTMBdYn',77,19075);
INSERT INTO SILUTEL.PEMBELIAN_INVENTORI VALUES('wlcRyH','w3J0uXjRvyd8','prn5l0nL',13,16039);
INSERT INTO SILUTEL.PEMBELIAN_INVENTORI VALUES('YSQMzm','bD0kIJbawWLCeVkN','VEtG1P',37,20356);
INSERT INTO SILUTEL.PEMBELIAN_INVENTORI VALUES('Y14F26','609nz2LDTauwit','rlZYM',69,11729);
INSERT INTO SILUTEL.PEMBELIAN_INVENTORI VALUES('GnYPlx','2TC4QNw1MMXXabh','MzUqDZ',5,18139);
INSERT INTO SILUTEL.PEMBELIAN_INVENTORI VALUES('iPvmnV','tznXwQXl','oH',57,5858);
INSERT INTO SILUTEL.PEMBELIAN_INVENTORI VALUES('9cI7Bu','W5lcZ6p97fL','nA2',90,27694);
INSERT INTO SILUTEL.PEMBELIAN_INVENTORI VALUES('svyQg5','Am','B36KVA1fz',90,8487);
INSERT INTO SILUTEL.PEMBELIAN_INVENTORI VALUES('2azPxz','ilDjup','iFw7AKqg',45,9296);
INSERT INTO SILUTEL.PEMBELIAN_INVENTORI VALUES('DAaGfw','fjSsFO1mzsi6JJc0fo','Br0W6JZjS2x83Z',70,7108);
INSERT INTO SILUTEL.PEMBELIAN_INVENTORI VALUES('VBAOqS','fGCB5WSDIn88a','T3ywce42pM',80,9337);
INSERT INTO SILUTEL.PEMBELIAN_INVENTORI VALUES('qhgs4e','m','zndJCmAe1QVB',92,19490);
INSERT INTO SILUTEL.PEMBELIAN_INVENTORI VALUES('KcDhVZ','UvKWAJOGvlV3r','YCMRTMBdYn',64,2915);
INSERT INTO SILUTEL.PEMBELIAN_INVENTORI VALUES('G7RXmg','D','RWZV2WN9FxpGCTRG',83,26272);
INSERT INTO SILUTEL.PEMBELIAN_INVENTORI VALUES('0cfUEJ','1pJQUODZ','MWXOnctug',62,10162);
INSERT INTO SILUTEL.PEMBELIAN_INVENTORI VALUES('0r0uXu','CMvpMbzFMuiYEB','dMqYKWcb1CSXGyMxbs',16,5460);
INSERT INTO SILUTEL.PEMBELIAN_INVENTORI VALUES('JU3jU5','W5lcZ6p97fL','nA2',65,419);
INSERT INTO SILUTEL.PEMBELIAN_INVENTORI VALUES('hDiR0a','Am','B36KVA1fz',44,65);
INSERT INTO SILUTEL.PEMBELIAN_INVENTORI VALUES('7W5CYe','ROd6TkvHi7nvT','rEPp61S0abg5h4',66,5246);
INSERT INTO SILUTEL.PEMBELIAN_INVENTORI VALUES('EIguuT','yrhPxy5d4Z6hdaq2','vhUNU3b',33,3106);
INSERT INTO SILUTEL.PEMBELIAN_INVENTORI VALUES('GVPVxV','C1UcnunMkXztMkicI7','eZfoj74wM',84,13894);
INSERT INTO SILUTEL.PEMBELIAN_INVENTORI VALUES('caZGzj','D','RWZV2WN9FxpGCTRG',77,13625);
INSERT INTO SILUTEL.PEMBELIAN_INVENTORI VALUES('6LQ71K','bD0kIJbawWLCeVkN','VEtG1P',8,14522);
INSERT INTO SILUTEL.PEMBELIAN_INVENTORI VALUES('CBaFGT','CMvpMbzFMuiYEB','dMqYKWcb1CSXGyMxbs',63,29165);
INSERT INTO SILUTEL.PEMBELIAN_INVENTORI VALUES('Dm2ijb','6s1gYXJ4Bt9MjQNbc','yixdsfJD',58,15224);
INSERT INTO SILUTEL.PEMBELIAN_INVENTORI VALUES('fSIdNJ','2os8M94bG6','BZLHY',40,10347);
INSERT INTO SILUTEL.PEMBELIAN_INVENTORI VALUES('0JcyUH','W5lcZ6p97fL','nA2',81,20253);
INSERT INTO SILUTEL.PEMBELIAN_INVENTORI VALUES('j49yKB','eepjdgHx','U7BBtIeBl5HdNF',51,7389);
INSERT INTO SILUTEL.PEMBELIAN_INVENTORI VALUES('hDKxbG','36q2iWBUVsg','gbcBZkzE',48,11448);
INSERT INTO SILUTEL.PEMBELIAN_INVENTORI VALUES('3N4jJY','yrhPxy5d4Z6hdaq2','vhUNU3b',48,24524);
INSERT INTO SILUTEL.PEMBELIAN_INVENTORI VALUES('48FTgW','OwYa7EDQyM','QcvtZxNG',8,17313);
INSERT INTO SILUTEL.PEMBELIAN_INVENTORI VALUES('BGg5Ao','vOFrJHqhG','OqtbVvVwo',74,32346);
INSERT INTO SILUTEL.PEMBELIAN_INVENTORI VALUES('r8pjny','ilDjup','iFw7AKqg',47,31946);
INSERT INTO SILUTEL.PEMBELIAN_INVENTORI VALUES('p544XL','TV9tcdyS','Tce1Wqh1OmYdaKP',45,19447);
INSERT INTO SILUTEL.PEMBELIAN_INVENTORI VALUES('TTWDVJ','CMvpMbzFMuiYEB','dMqYKWcb1CSXGyMxbs',70,9529);
INSERT INTO SILUTEL.PEMBELIAN_INVENTORI VALUES('Kux8ff','ySm1KVezq','zr6cyuzBiqOF9q0WWh',18,12556);
INSERT INTO SILUTEL.PEMBELIAN_INVENTORI VALUES('gEA2Ws','m','zndJCmAe1QVB',10,21973);
INSERT INTO SILUTEL.PEMBELIAN_INVENTORI VALUES('9f3YZV','xBB5cb00OjK','cFlJEFL0T',10,29595);
INSERT INTO SILUTEL.PEMBELIAN_INVENTORI VALUES('DAaGfw','w3J0uXjRvyd8','prn5l0nL',22,21492);
INSERT INTO SILUTEL.PEMBELIAN_INVENTORI VALUES('Df5RuS','ilDjup','iFw7AKqg',41,7243);
INSERT INTO SILUTEL.PEMBELIAN_INVENTORI VALUES('X6MCoa','CMvpMbzFMuiYEB','dMqYKWcb1CSXGyMxbs',25,12312);
INSERT INTO SILUTEL.PEMBELIAN_INVENTORI VALUES('UuH3V1','2TC4QNw1MMXXabh','MzUqDZ',20,2392);
INSERT INTO SILUTEL.PEMBELIAN_INVENTORI VALUES('75DXQG','2yAo93GMOSbOcAk','ZN9OZWu6vRN4ms0rbP6F',69,4979);
INSERT INTO SILUTEL.PEMBELIAN_INVENTORI VALUES('4lUA5A','pExOOzw6iIhVlOa','VRlf4SRcrnXRBgV',93,4595);
INSERT INTO SILUTEL.PEMBELIAN_INVENTORI VALUES('HDZmjL','AywhiL','yyZLiBGY1bTI3',88,7892);
INSERT INTO SILUTEL.PEMBELIAN_INVENTORI VALUES('EJJPyS','w3J0uXjRvyd8','prn5l0nL',84,17579);
INSERT INTO SILUTEL.PEMBELIAN_INVENTORI VALUES('HJFr84','2os8M94bG6','BZLHY',48,11152);
INSERT INTO SILUTEL.PEMBELIAN_INVENTORI VALUES('p61UU0','uK','LXqFCQlq6dF',45,31412);
INSERT INTO SILUTEL.PEMBELIAN_INVENTORI VALUES('nDCYfB','AywhiL','yyZLiBGY1bTI3',12,2389);
INSERT INTO SILUTEL.PEMBELIAN_INVENTORI VALUES('tDtGwg','W5lcZ6p97fL','nA2',44,27044);
INSERT INTO SILUTEL.PEMBELIAN_INVENTORI VALUES('G9ahzd','YAcsm2Fm','OoKqBhhV2U3ZM4vGfGgP',44,29819);
INSERT INTO SILUTEL.PEMBELIAN_INVENTORI VALUES('5GfNQZ','m','zndJCmAe1QVB',71,28240);
INSERT INTO SILUTEL.PEMBELIAN_INVENTORI VALUES('OEui3g','CMvpMbzFMuiYEB','dMqYKWcb1CSXGyMxbs',89,18634);
INSERT INTO SILUTEL.PEMBELIAN_INVENTORI VALUES('gqkZDj','w3J0uXjRvyd8','prn5l0nL',12,1443);
INSERT INTO SILUTEL.PEMBELIAN_INVENTORI VALUES('keHJ9D','ySm1KVezq','zr6cyuzBiqOF9q0WWh',3,18124);
INSERT INTO SILUTEL.PEMBELIAN_INVENTORI VALUES('iqDygN','CvDK5','Z462dW9i8Oz',5,15577);
INSERT INTO SILUTEL.PEMBELIAN_INVENTORI VALUES('DU4b2f','T6EqbsdgW8Nj4a','fRcdQNr1JwYGYJ6XIHW',81,26187);
INSERT INTO SILUTEL.PEMBELIAN_INVENTORI VALUES('N8Og3E','iZxt','yb4w0sjczO1',57,6283);
INSERT INTO SILUTEL.PEMBELIAN_INVENTORI VALUES('6WTdDx','ilDjup','iFw7AKqg',75,31891);
INSERT INTO SILUTEL.PEMBELIAN_INVENTORI VALUES('PTpnPT','2yAo93GMOSbOcAk','ZN9OZWu6vRN4ms0rbP6F',89,12846);
INSERT INTO SILUTEL.PEMBELIAN_INVENTORI VALUES('0r0uXu','aZQjvZrMhssQkpkWhopI','S8',4,28190);
INSERT INTO SILUTEL.PEMBELIAN_INVENTORI VALUES('jwTLLR','AywhiL','yyZLiBGY1bTI3',20,8836);
INSERT INTO SILUTEL.PEMBELIAN_INVENTORI VALUES('YsFYeV','dvXyOsLBCCJy02iie','mQO',52,3830);
INSERT INTO SILUTEL.STAF_MENGGANTI_INVENTORI VALUES('xBB5cb00OjK','cFlJEFL0T','wsrPQW@ui.ac.id','2016-05-19 17:32:57',85,'3Fjpi9YAJC1wB4w8HD8uGRQyL18asT6Uhc92gPRRFZLpSv9EYZyIo9HkEFT');
INSERT INTO SILUTEL.STAF_MENGGANTI_INVENTORI VALUES('UvKWAJOGvlV3r','YCMRTMBdYn','O9gaR0a9@ui.ac.id','2016-04-01 22:27:19',37,'aWBuAWGPpDAk8kONMPnA9zIznBoSkD9B9UYuBnPJcjIJ4');
INSERT INTO SILUTEL.STAF_MENGGANTI_INVENTORI VALUES('5sIV8dlG','RpWP8SLzcJ9','z5VZt8xOCZsQSu@foo.bar','2016-05-23 22:11:25',0,'R96LwYsGrwguInA8Sx6U6xKkQI9RrHijpDcps11BvDcnMwLIn7sRdv6XMgyKo6MH1nXxdeqntEBMM0nXaUMHcli0S9nvwcKMbt94JmQMENy9nVUa');
INSERT INTO SILUTEL.STAF_MENGGANTI_INVENTORI VALUES('wv7P96mTd','MIqVcrzFmARD0A','TnPCWHSExHnM@foo.bar','2016-05-25 20:28:23',71,'ZrL7jstzuFuS8E1eWQSzJlr9VNPgFPzIkwGYOUSTZQ758jkvfMWQmfNgroSrxm7iZfVcr59gl8OSFuwE5dfBFXQILOZJ1ebTM4A8ibMbUtNgnzbc6JLEOVHlnRSVcfcE1nulkqlJJnqci3aiX7SrcY4QRNvh');
INSERT INTO SILUTEL.STAF_MENGGANTI_INVENTORI VALUES('m','zndJCmAe1QVB','GPe1WoO2Q3@ui.ac.id','2016-04-22 0:25:7',76,'ivG4sQuAnDfmLYL7MrxDC8hxDbnvzQeB8d6EqFP4xm1WznsnVAEScIyxq53zW29EmnQ3yzGdmUdM9Ualch');
INSERT INTO SILUTEL.STAF_MENGGANTI_INVENTORI VALUES('nYg6xXCNjbG','UuEWx9maYFakbGW','O9gaR0a9@ui.ac.id','2016-05-14 11:37:53',99,'Ubwc7imalXu3h9i0gVoZm6lgXEbgX99KQpqVto6V35ZPaimTNCA9');
INSERT INTO SILUTEL.STAF_MENGGANTI_INVENTORI VALUES('ys','ZeggaCzlKq','GPe1WoO2Q3@ui.ac.id','2016-04-18 14:36:10',0,'spFuzaWQRw4aaPP5c7B25WtPXyPgAtoWAzA0zxy0oJj1WIPQ');
INSERT INTO SILUTEL.STAF_MENGGANTI_INVENTORI VALUES('2yAo93GMOSbOcAk','ZN9OZWu6vRN4ms0rbP6F','EnVicnH1HGvyC@lalala.com','2016-04-18 16:47:3',21,'3d45YqumHjujJXfsjkWo0a5ovtbgm8HnNSNBsBG0yCA89pLkNsKuEbA1AocedGCkMYFx3kPVzyke6cxktDlbkexK0p3f8uFoYEp4hPI0dBx44r92SmLOrwQu5xIW88rlJi6FpiT4yKueOCA');
INSERT INTO SILUTEL.STAF_MENGGANTI_INVENTORI VALUES('mu3OeW5l','UEBRRc','FHccFZj@ui.ac.id','2016-05-09 19:18:5',75,'pchGC2g11KxA3qEWBSN6IQ19TkWZj0B5WoZ1tDFweVH2q4lhM1I66rdu8FRN7WOLC2UZr7WuDfcts1vmrnMTUOzQ6XZRvzzUJx75mrLwIMyRhhDPuMwbwcIcposyFG7olZ8eQcNGj');
INSERT INTO SILUTEL.STAF_MENGGANTI_INVENTORI VALUES('5sIV8dlG','RpWP8SLzcJ9','TnPCWHSExHnM@foo.bar','2016-05-21 1:46:28',2,'vYT4IEPywe4Es6TOnbHkIP2L2U3dzp9KGBPM7pI1clpRaJVs4Rqmz9jdi7EIiOj16pbKaMf4C');
INSERT INTO SILUTEL.STAF_MENGGANTI_INVENTORI VALUES('TV9tcdyS','Tce1Wqh1OmYdaKP','w1Ppsgx2b03Gbx@ui.ac.id','2016-05-13 21:32:16',64,'4gm5h4A2TwTBVj3AA87jwBqGjT3otKOiS8Hoy3WUVBANyak9c6OYeeubpvDuAV9eRCZJZAinCt12JyM1PzPqu9NfwvUAdtjvju8DeV1DUO8Pxduru');
INSERT INTO SILUTEL.STAF_MENGGANTI_INVENTORI VALUES('CMvpMbzFMuiYEB','dMqYKWcb1CSXGyMxbs','yNiVCuFNLOu@lalala.com','2016-04-16 14:35:56',5,'cFHP3mIxqmozqVuFIDMDXwpyUQPgQGiy7d9P040aIDAL6XcTh7gQYSWzw9zHN3bdRB');
INSERT INTO SILUTEL.STAF_MENGGANTI_INVENTORI VALUES('Tc2sR1NXJc6','jYVeLAlbFKn0wzi','z5VZt8xOCZsQSu@foo.bar','2016-05-14 23:36:51',13,'X9u5IoUKUbNiD22wKdHnv8o3c4w2q5qQdSGzZED6HkJrIwu6GkG22T2SB13Gg7L1JM0WSIZgDK7ZtqxorxmKcArYEjgTKDOsU3ieki54rNxWFncMM9C7qIl2og3ea26jCCbr1vfdkoAumYjO1i5UD3aw0mWJXx1dwMTGcU93zWe3D5Wp5T33uS66Ou7WYX3Pkb');
INSERT INTO SILUTEL.STAF_MENGGANTI_INVENTORI VALUES('GJIQ','tN9wZTTQHQR2Tap8','wsrPQW@ui.ac.id','2016-04-11 18:48:3',94,'F5zW985oo13zpXJ1OoB9BUvLsv39mhMSxcrjFpL7J5FcSvzaRO2LKQskqqFEfeFW5ULjZ6nC0Z6CQxr03FomyRQQzdHkNbvXM6G9sgMOwYRc5ZmSeh4mgMOdF08dMFJrRmUVeNEozwElVJlOYQx8k1LmV3CCiQaYo2Os');
INSERT INTO SILUTEL.STAF_MENGGANTI_INVENTORI VALUES('iZxt','yb4w0sjczO1','c2UiduQ2@ui.ac.id','2016-04-01 14:42:54',68,'knyOSJYkNmZDdixPrUybGHwZYFkjX9hR5GzteE4Gy4KhrrEOUX4Q8wlzyNNmf8ulmqTG8CMGjtYkzk3l9w0MDm3606yhEY8oVhGlLehXwdxwp3LDNMT0rtbBy0MCEV635UNqaNNK1cwa4sdukXufHjDvOIaC4SYKSS8ATTiH0rDiJXOSZl0Kd3CVrE1KWjFVBUfY');
INSERT INTO SILUTEL.STAF_MENGGANTI_INVENTORI VALUES('ilDjup','iFw7AKqg','oXDUW@ui.ac.id','2016-04-27 12:28:39',80,'zCVhzuKGcMpOe5FdCIPhngbcTzj8B3XOirAVOtYiUjGCdnpwD08bUZ2sGjDvJWIb5PPIZQCNriTfwmq3');
INSERT INTO SILUTEL.STAF_MENGGANTI_INVENTORI VALUES('Am','B36KVA1fz','oXDUW@ui.ac.id','2016-05-09 11:15:18',46,'vyTZ6Cw4ErIsOh3CswYMXiHPPbEd2jgDyde5QOGE7zFC6L64K47kgaquw8O6VIYgnf0ervG5EwfGJXrxwZBl4aUS43fxmwQUeVsOgfy5tw7xuikvC0DhptWm4v');
INSERT INTO SILUTEL.STAF_MENGGANTI_INVENTORI VALUES('Tc2sR1NXJc6','jYVeLAlbFKn0wzi','D3w0ila4LexWLIjQALK@ui.ac.id','2016-04-26 20:31:10',68,'IyzxnysN5dJ3cDCKmy4emx5P5xEQCDd1m9nexT1wK2H2shlraLod0gepkTF8iH7yAxyVtPoSG1ZReqWM94F28qRH3YdsLZnJ5xRr7v0LrGAR2X8ZJe4');
INSERT INTO SILUTEL.STAF_MENGGANTI_INVENTORI VALUES('uALMLTL','d7Q20p','w1Ppsgx2b03Gbx@ui.ac.id','2016-05-19 14:16:12',21,'fBspNHqmEoAF7pckQAvyMJ5zqVFp8bZjlD6ALvAsliSMUfEFxvUl0dlbL6HwXRX8gQk8sQdXP5wiPdgXYMYkeqVGytKVojR');
INSERT INTO SILUTEL.STAF_MENGGANTI_INVENTORI VALUES('6s1gYXJ4Bt9MjQNbc','yixdsfJD','V22TCK9oCA6ROxW@ui.ac.id','2016-05-24 10:17:15',79,'HJYPtZTGF7YrLLMGDTU21PVtnJO5uLJk6mGkpZf7oGUnZ0hksrFXsXYVoeYOfiXqUhL1gxLhyufYtKKQ4qELFNQr8zrDa3VvtniSf8QppbEiBGzGXlzSk6k7MgNeFKt0rX1JO1k1x35j8JNJclGGsqdbBMJa');
INSERT INTO SILUTEL.STAF_MENGGANTI_INVENTORI VALUES('uK','LXqFCQlq6dF','CGYpZuW1CDSVOHvM@lalala.com','2016-04-11 15:39:0',94,'yQzRSUYotOQ0e0UzTToFrYDCMLkvfYRj1H');
INSERT INTO SILUTEL.STAF_MENGGANTI_INVENTORI VALUES('GJIQ','tN9wZTTQHQR2Tap8','2HgEM4kEaDY@foo.bar','2016-04-07 9:47:33',60,'d5mMIcyF0tZ7n8sJs9J3937UgNESdkhhk22i5PE7I6POubA9unSMDzVqGFnupKGWk0DUCKGPhIrz3simHVS5j3FkECD96GPYQG9F8aTzHwz5Dy4kMdpCOAYZx34ZV6E7pF4NLNvmpkOhxssFsk4TTmIJCtqK3HRAm8e3KMpKv7TCKXxxl5x3DDW0rRty');
INSERT INTO SILUTEL.STAF_MENGGANTI_INVENTORI VALUES('T6EqbsdgW8Nj4a','fRcdQNr1JwYGYJ6XIHW','EnVicnH1HGvyC@lalala.com','2016-05-29 1:11:14',18,'oEP2XvmI9ppejKmwwJZuRm1cG7PYZR4NpYDSwVb1LgYWDCxrFJJGu6oraaol9gMHOiCzkkddiOZsYgLQcNWaFRDao0QQhR1YJq1Ax6Zi9NQ3iznaBCHGQTwNRzwWPP');
INSERT INTO SILUTEL.STAF_MENGGANTI_INVENTORI VALUES('YAcsm2Fm','OoKqBhhV2U3ZM4vGfGgP','TnPCWHSExHnM@foo.bar','2016-04-12 22:57:28',26,'c1irCisVeYNy2qXD5ZfjXylwwN0m3HcwZsPqtMIaKQ3rzBYHsmCy0tV8PNLm6sIc6TIqgEwkUbzCHpdvZHYvPXEFj5vEdMhU10SlxFB1');
INSERT INTO SILUTEL.STAF_MENGGANTI_INVENTORI VALUES('uALMLTL','d7Q20p','KylB368@foo.bar','2016-04-28 22:28:59',95,'e0BNDqL9xjz3NAuHlUn7Hp');
INSERT INTO SILUTEL.STAF_MENGGANTI_INVENTORI VALUES('vOFrJHqhG','OqtbVvVwo','D3w0ila4LexWLIjQALK@ui.ac.id','2016-04-14 9:22:33',67,'3wiW4FCLyeuETDOVpxQlvwWw6OkJNHEq3KtGcMzsoBSAKdK9u1w6GU4U7zPstS5XaUN0rSmaiHEVebrqXlCyhayvgfo7efBiMXWq8YdtvRutd4A7YBoEQIA2uc89Q9I1PsCmTGp12U9vfeCIFcN6EGNrNl4');
INSERT INTO SILUTEL.STAF_MENGGANTI_INVENTORI VALUES('6s1gYXJ4Bt9MjQNbc','yixdsfJD','TnPCWHSExHnM@foo.bar','2016-05-01 10:10:25',96,'kBwHPlhPxOXd8itGOyuZynaxMBr9sKuV3ztsxugVNA77RauKuUjRwfXqU0b4zt3bpOl6wvOC2MlO9k5h38EIR8K0Csq21DlPDRVGUbeg4Nw4KbOBviXqBN9Yii2lLLWzGEzMHUzXK66WdJwZR5GMKoM2dO6fPa8GoL4');
INSERT INTO SILUTEL.STAF_MENGGANTI_INVENTORI VALUES('ys','ZeggaCzlKq','uW@foo.bar','2016-04-24 22:17:35',4,'WNLc86RIZ3e9w43zZD5toJQRA9bNWl4NiZIsIZ0vxU3ckH7lsT3Lxay3vcVU2ZpXO1iOLj0hyE59DI5Q8whMfkOoo9RnruIUxDFWS9NyGRQ');
INSERT INTO SILUTEL.STAF_MENGGANTI_INVENTORI VALUES('GJIQ','tN9wZTTQHQR2Tap8','QxLk@lalala.com','2016-04-19 9:28:38',72,'FG');
INSERT INTO SILUTEL.STAF_MENGGANTI_INVENTORI VALUES('UvKWAJOGvlV3r','YCMRTMBdYn','c9YG5Knjo95uqq@foo.bar','2016-04-04 9:31:10',54,'1GDDb8U7r0PYxPJgjMEs927JOZ5fQKkaxhhK5adCls0r2Fr2bJOKA8ZOeEdGP6WBNxJCJakBY3TGllBwKwwG8kO9pEjM7NRirw4UWYAehQ');
INSERT INTO SILUTEL.STAF_MENGGANTI_INVENTORI VALUES('uK','LXqFCQlq6dF','TnPCWHSExHnM@foo.bar','2016-05-19 12:13:39',0,'putYFcsJr9QvuIwCjAkkz6wW6MCGsJQLMU7LCUEmAzBpgu0Xjw2OEcHNsti1h0UqzQ');
INSERT INTO SILUTEL.STAF_MENGGANTI_INVENTORI VALUES('vOFrJHqhG','OqtbVvVwo','2HgEM4kEaDY@foo.bar','2016-04-08 11:52:13',82,'JFVRh3CinGYxPLAgD9Frkn4YZnxr6KFRqCnm5JE0RlFeGGI93fa');
INSERT INTO SILUTEL.STAF_MENGGANTI_INVENTORI VALUES('6s1gYXJ4Bt9MjQNbc','yixdsfJD','c2UiduQ2@ui.ac.id','2016-04-03 15:35:52',5,'ab4z6UJyhrNBRCQhJshG0AwjxnxKavmh6JqTNedTUIuTfcruzB1zjuVSgSdE8YI2M0LsmLjK8oFnrelg7t88xEXWeA09Bna1dQvvyQpWqN1s7eGIvq6WsAAgGjF6hRyweTwWDXR2J8TdkLlX9U8iQ5qew6bQIBWa6itN3Iys7OQlEL4GTSyZCFsBVu');
INSERT INTO SILUTEL.STAF_MENGGANTI_INVENTORI VALUES('iZxt','yb4w0sjczO1','EnVicnH1HGvyC@lalala.com','2016-04-04 13:48:3',27,'3VxkgZdQZMWO4O5Y');
INSERT INTO SILUTEL.STAF_MENGGANTI_INVENTORI VALUES('iZxt','yb4w0sjczO1','oXDUW@ui.ac.id','2016-05-16 4:22:27',44,'5y9NIyyeTcKkhSGs5O5ZVh6aoRpxcoGRwiBRz1K9JZzl5ng7ZzX5jU1pydgnXj12IveNw3NFc2mMKx9ExF0IanQvkRAmuEH6zZbewOc3oQjcHSgCtY51BMyv5J37fZ2wsMCxuqx9mfQOzEA4tMSPIRgSkpHIzK2KCYdpXXWcLS0');
INSERT INTO SILUTEL.STAF_MENGGANTI_INVENTORI VALUES('fGCB5WSDIn88a','T3ywce42pM','FHccFZj@ui.ac.id','2016-05-06 11:22:7',63,'p9gSwc66cdsgQM2yFH5dLtMm6ZtXNEKhplnIoE2CCTH6RbAHOJiLgMZN6J7LAsc2OW5KzQsYS6llEQeJa9w649owUFWenVqsV2JLaLs30K7vfwKfeJBD9TdUytKxrWuAsJ4DHDsmenyL4LcC8HhXX87j13YoL0GBPlpHbTHcR5kMd1W1LO3uH5YeCX4km8StFBlP6');
INSERT INTO SILUTEL.STAF_MENGGANTI_INVENTORI VALUES('TV9tcdyS','Tce1Wqh1OmYdaKP','0MFJ5gbIC8FNs30T@lalala.com','2016-04-15 0:53:21',83,'UGzKXY98DRAqEi2I7i37VynmuWgOeI9xVJxsqdd0uBXybzwWivPkcpYsMKuKuNj2wlJTBVp');
INSERT INTO SILUTEL.STAF_MENGGANTI_INVENTORI VALUES('Am','B36KVA1fz','wsrPQW@ui.ac.id','2016-04-02 19:24:22',72,'avK0qrLZST0KAph4XEVURCLNS2q5C6kvW80kCo04062cslIFLKvnG8nH7DSO0sfdmhA8MwFqI3DXxbYy48YYJ6b5ZE04GgcoTQuSAuL5zcLJkg1fwUXdCrEcJd1dyH0M2go6V2ML0YhoKdRE4CqTcslfFvx');
INSERT INTO SILUTEL.STAF_MENGGANTI_INVENTORI VALUES('YAcsm2Fm','OoKqBhhV2U3ZM4vGfGgP','2HgEM4kEaDY@foo.bar','2016-04-23 1:24:11',35,'kfSxP45Yq8zxAvkDWjotJMBUEOW2gtNQ6azzzap8Kp7HXmVEVTbwqHscQu1oShMiZN26rdWAam9UGFCHPnZhD6oMH5WFXnWIW9MixNFUnArTfny2LSYDoC');
INSERT INTO SILUTEL.STAF_MENGGANTI_INVENTORI VALUES('I2ibx6wqWWXhwx','R03obt1ZhqY','O9gaR0a9@ui.ac.id','2016-05-02 6:42:0',54,'uW9pILLGDcn5vGijJr0cIvraPF4R2hb9Ujs10CJ3m1TvUzRrHBkJmT1hDN1q0ow3tUYHKrQZhMARQk0RWgoYpX8kzGRgRhFZMfcs1c0U50X');
INSERT INTO SILUTEL.STAF_MENGGANTI_INVENTORI VALUES('aZQjvZrMhssQkpkWhopI','S8','0MFJ5gbIC8FNs30T@lalala.com','2016-05-21 10:40:21',14,'Hv1sXFda87q182ZRBNZmKnpbDrcbyOCFa9mm');
INSERT INTO SILUTEL.STAF_MENGGANTI_INVENTORI VALUES('ilDjup','iFw7AKqg','nfSFpM@lalala.com','2016-04-05 4:45:28',45,'0vvYSu3NbyWwiso6p5BOG55ouC5s9zy6r2BQJiGIUHSASRx2cR8wcdtY79WXC62Dlaqu8ciwyVGQZL0t9jnJj0b2BjvZYNG2rMfRIeTDQ2uVp0qElYwGI9xhyQVLWxRPAIShM');
INSERT INTO SILUTEL.STAF_MENGGANTI_INVENTORI VALUES('iZxt','yb4w0sjczO1','O9gaR0a9@ui.ac.id','2016-04-11 13:58:37',77,'xCd8XrVEGKeFnU0UAXMOalpfIPVERr8q0YyR5YZMrtClTGYZsRxI8TnnMDQjqJeD1H2E3AGL23kKfrdFq8UN8KHOEGz6P0RfHeSiV');
INSERT INTO SILUTEL.STAF_MENGGANTI_INVENTORI VALUES('mu3OeW5l','UEBRRc','oXDUW@ui.ac.id','2016-04-04 9:52:45',66,'L2b5SMBw2ScTBZtVSj11m9wKOydTpL8QiUvSvd4BF5vDDAzQtwv7miIBCFRQCDapE79WcELrzowJ0IRsbMtQiX5qNM3PvMw9zA43KybCmwPVjcwNXPKQo9gpNycELyK6gidi9iw560L4MH6B8knWYgOJl3v2cCORY3YdzJu0aLNbjyY60K6wlHx');
INSERT INTO SILUTEL.STAF_MENGGANTI_INVENTORI VALUES('mu3OeW5l','UEBRRc','nfSFpM@lalala.com','2016-04-06 4:43:19',67,'AIgHOmkEHDrKqm2OUBsQy32J6U48UBSiMXl3VCYTCym1eie1t9uJEl3Nah9N1eYgZ8hnXVxKJDQdu1PIQZQQPMqAt6ZiHsUAXsph2CUxxeno');
INSERT INTO SILUTEL.STAF_MENGGANTI_INVENTORI VALUES('6s1gYXJ4Bt9MjQNbc','yixdsfJD','GPe1WoO2Q3@ui.ac.id','2016-05-01 4:15:27',38,'uqJNZZ45YerB4WxRI208vtagrJrfT3ouQ3WHMPL1wW0GyJi7XGCWFSgen8Ebd5IkshBubt');
INSERT INTO SILUTEL.STAF_MENGGANTI_INVENTORI VALUES('TV9tcdyS','Tce1Wqh1OmYdaKP','3CCqUTMy9dli4ZChU9Wt@lalala.com','2016-04-27 11:30:50',47,'X2qPAfKS6dWrAkBLw7DlniGMmbBQaVuI97dKXqUmkUAOt7NfYTLAhwmaNoIblItz0rsuDAPJxKzU5tB9m0iQ6Ks1nANTLnOAjRHD7ZSWMkqDlFi2rM1hDrbJgW3Qr4OXqyUzigDH0qYEz5JWWErmnOaYujpxvPYE7B3Ya0UpkjNtPeU');
INSERT INTO SILUTEL.STAF_MENGGANTI_INVENTORI VALUES('T6EqbsdgW8Nj4a','fRcdQNr1JwYGYJ6XIHW','3ED9VltHG7QjSCbZUTM@lalala.com','2016-04-11 2:8:22',91,'6glCRulQVxLqcaAtAhEy7dabmPhInCAmKsq2E2EZAE5F6FFXInz6cyy0dh6VLDiCIwk8nH4iAVQUT3eDcaO2yfDULv9VkQsWh35eDTmP0G47jV36h1oIqzA3eZYtrQLaVr0u');
INSERT INTO SILUTEL.STAF_MENGGANTI_INVENTORI VALUES('36q2iWBUVsg','gbcBZkzE','KylB368@foo.bar','2016-04-19 22:26:17',62,'lghCDukhFkYQrCGNg3VejuxnijJ7s0ebml8xyQ5MAMSiHHEQqyf7EYfqhIRCo36zst1eY2KTfGkEaSmtY');
INSERT INTO SILUTEL.STAF_MENGGANTI_INVENTORI VALUES('ys','ZeggaCzlKq','3ED9VltHG7QjSCbZUTM@lalala.com','2016-05-17 15:24:30',82,'1ocm7Xh6tZLEBiKgioIc0LudE8vMySmBVPIeCVRJ');

INSERT INTO SILUTEL.USER VALUES('laundry@lalala.com','saya staf laundry','jalan laundry no x','laundry','LA');
INSERT INTO SILUTEL.USER_TELEPON VALUES('laundry@lalala.com','08123123123');
INSERT INTO SILUTEL.STAF_LAUNDRY VALUES('laundry@lalala.com',100);

INSERT INTO SILUTEL.USER VALUES('inventori@lalala.com','nama = inventori','jalan inventori no x','inventori','IN');
INSERT INTO SILUTEL.USER_TELEPON VALUES('inventori@lalala.com','08123123456');
INSERT INTO SILUTEL.STAF_INVENTORI_KAMAR VALUES('inventori@lalala.com',100);

INSERT INTO SILUTEL.USER VALUES('manager@lalala.com','the manager','jalan manager no x','manager','MG');
INSERT INTO SILUTEL.USER_TELEPON VALUES('manager@lalala.com','0808080808');

INSERT INTO SILUTEL.PEMBELIAN VALUES('nota1','2016-05-27 00:00:00','x','oXDUW@ui.ac.id');
INSERT INTO SILUTEL.PEMBELIAN VALUES('nota2','2016-05-27 01:00:00','x','c9YG5Knjo95uqq@foo.bar');
INSERT INTO SILUTEL.PEMBELIAN VALUES('nota3','2016-05-27 02:00:00','x','c9YG5Knjo95uqq@foo.bar');
INSERT INTO SILUTEL.PEMBELIAN VALUES('nota4','2016-05-27 03:00:00','x','oXDUW@ui.ac.id');
INSERT INTO SILUTEL.PEMBELIAN VALUES('nota5','2016-05-27 04:00:00','x','oXDUW@ui.ac.id');
INSERT INTO SILUTEL.PEMBELIAN VALUES('nota6','2016-05-27 05:00:00','x','V22TCK9oCA6ROxW@ui.ac.id');
INSERT INTO SILUTEL.PEMBELIAN VALUES('nota7','2016-05-27 06:00:00','x','oXDUW@ui.ac.id');
INSERT INTO SILUTEL.PEMBELIAN VALUES('nota8','2016-05-27 07:00:00','x','2HgEM4kEaDY@foo.bar');
INSERT INTO SILUTEL.PEMBELIAN VALUES('nota9','2016-05-27 08:00:00','x','2HgEM4kEaDY@foo.bar');
INSERT INTO SILUTEL.PEMBELIAN VALUES('nota10','2016-05-27 09:00:00','x','oXDUW@ui.ac.id');
INSERT INTO SILUTEL.PEMBELIAN VALUES('nota11','2016-05-27 10:00:00','x','oXDUW@ui.ac.id');
INSERT INTO SILUTEL.PEMBELIAN VALUES('nota12','2016-05-27 11:00:00','x','oXDUW@ui.ac.id');
INSERT INTO SILUTEL.PEMBELIAN VALUES('nota13','2016-05-27 12:00:00','x','c9YG5Knjo95uqq@foo.bar');
INSERT INTO SILUTEL.PEMBELIAN VALUES('nota14','2016-05-27 13:00:00','x','oXDUW@ui.ac.id');
INSERT INTO SILUTEL.PEMBELIAN VALUES('nota15','2016-05-27 14:00:00','x','oXDUW@ui.ac.id');
INSERT INTO SILUTEL.PEMBELIAN VALUES('nota16','2016-05-27 15:00:00','x','oXDUW@ui.ac.id');
INSERT INTO SILUTEL.PEMBELIAN VALUES('nota17','2016-05-27 16:00:00','x','V22TCK9oCA6ROxW@ui.ac.id');
INSERT INTO SILUTEL.PEMBELIAN VALUES('nota18','2016-05-27 17:00:00','x','V22TCK9oCA6ROxW@ui.ac.id');
INSERT INTO SILUTEL.PEMBELIAN_INVENTORI VALUES ('nota1','36q2iWBUVsg','gbcBZkzE',5,5);
INSERT INTO SILUTEL.PEMBELIAN_INVENTORI VALUES ('nota2','xBB5cb00OjK','cFlJEFL0T',5,5);
INSERT INTO SILUTEL.PEMBELIAN_INVENTORI VALUES ('nota3','36q2iWBUVsg','gbcBZkzE',5,5);
INSERT INTO SILUTEL.PEMBELIAN_INVENTORI VALUES ('nota4','ROd6TkvHi7nvT','rEPp61S0abg5h4',5,5);
INSERT INTO SILUTEL.PEMBELIAN_INVENTORI VALUES ('nota5','xBB5cb00OjK','cFlJEFL0T',,5,5);
INSERT INTO SILUTEL.PEMBELIAN_INVENTORI VALUES ('nota6','36q2iWBUVsg','gbcBZkzE',5,5);
INSERT INTO SILUTEL.PEMBELIAN_INVENTORI VALUES ('nota7','36q2iWBUVsg','gbcBZkzE',5,5);
INSERT INTO SILUTEL.PEMBELIAN_INVENTORI VALUES ('nota8','xBB5cb00OjK','cFlJEFL0T',,5,5);
INSERT INTO SILUTEL.PEMBELIAN_INVENTORI VALUES ('nota9','36q2iWBUVsg','gbcBZkzE',5,5);
INSERT INTO SILUTEL.PEMBELIAN_INVENTORI VALUES ('nota10','36q2iWBUVsg','gbcBZkzE',5,5);
INSERT INTO SILUTEL.PEMBELIAN_INVENTORI VALUES ('nota11','ROd6TkvHi7nvT','rEPp61S0abg5h4',5,5);
INSERT INTO SILUTEL.PEMBELIAN_INVENTORI VALUES ('nota12','36q2iWBUVsg','gbcBZkzE',5,5);
INSERT INTO SILUTEL.PEMBELIAN_INVENTORI VALUES ('nota13','36q2iWBUVsg','gbcBZkzE',5,5);
INSERT INTO SILUTEL.PEMBELIAN_INVENTORI VALUES ('nota14','36q2iWBUVsg','gbcBZkzE',5,5);
INSERT INTO SILUTEL.PEMBELIAN_INVENTORI VALUES ('nota15','36q2iWBUVsg','gbcBZkzE',5,5);
INSERT INTO SILUTEL.PEMBELIAN_INVENTORI VALUES ('nota16','36q2iWBUVsg','gbcBZkzE',5,5);
INSERT INTO SILUTEL.PEMBELIAN_INVENTORI VALUES ('nota17','36q2iWBUVsg','gbcBZkzE',5,5);
INSERT INTO SILUTEL.PEMBELIAN_INVENTORI VALUES ('nota18','xBB5cb00OjK','cFlJEFL0T',5,5);

UPDATE SILUTEL.PEMBELIAN_INVENTORI SET hargasatuan = 500, jumlah = 5 WHERE nomornota = 'nota1';
UPDATE SILUTEL.PEMBELIAN_INVENTORI SET hargasatuan = 1000, jumlah = 5 WHERE nomornota = 'nota2';
UPDATE SILUTEL.PEMBELIAN_INVENTORI SET hargasatuan = 200, jumlah = 5 WHERE nomornota = 'nota3';
UPDATE SILUTEL.PEMBELIAN_INVENTORI SET hargasatuan = 50000, jumlah = 5 WHERE nomornota = 'nota4';
UPDATE SILUTEL.PEMBELIAN_INVENTORI SET hargasatuan = 1200, jumlah = 5 WHERE nomornota = 'nota5';
UPDATE SILUTEL.PEMBELIAN_INVENTORI SET hargasatuan = 12500, jumlah = 5 WHERE nomornota = 'nota6';
UPDATE SILUTEL.PEMBELIAN_INVENTORI SET hargasatuan = 11500, jumlah = 5 WHERE nomornota = 'nota7';
UPDATE SILUTEL.PEMBELIAN_INVENTORI SET hargasatuan = 13500, jumlah = 5 WHERE nomornota = 'nota8';
UPDATE SILUTEL.PEMBELIAN_INVENTORI SET hargasatuan = 13500, jumlah = 6 WHERE nomornota = 'nota9';
UPDATE SILUTEL.PEMBELIAN_INVENTORI SET hargasatuan = 13750, jumlah = 7 WHERE nomornota = 'nota10';
UPDATE SILUTEL.PEMBELIAN_INVENTORI SET hargasatuan = 13750, jumlah = 8 WHERE nomornota = 'nota11';
UPDATE SILUTEL.PEMBELIAN_INVENTORI SET hargasatuan = 13750, jumlah = 1 WHERE nomornota = 'nota12';
UPDATE SILUTEL.PEMBELIAN_INVENTORI SET hargasatuan = 13750, jumlah = 2 WHERE nomornota = 'nota13';
UPDATE SILUTEL.PEMBELIAN_INVENTORI SET hargasatuan = 13750, jumlah = 3 WHERE nomornota = 'nota14';
UPDATE SILUTEL.PEMBELIAN_INVENTORI SET hargasatuan = 13750, jumlah = 1 WHERE nomornota = 'nota15';
UPDATE SILUTEL.PEMBELIAN_INVENTORI SET hargasatuan = 13750, jumlah = 1 WHERE nomornota = 'nota16';
UPDATE SILUTEL.PEMBELIAN_INVENTORI SET hargasatuan = 13750, jumlah = 4 WHERE nomornota = 'nota17';
UPDATE SILUTEL.PEMBELIAN_INVENTORI SET hargasatuan = 13750, jumlah = 4 WHERE nomornota = 'nota18';

UPDATE SILUTEL.PEMBELIAN SET namasupplier = 'ey' WHERE nomornota='nota2';
UPDATE SILUTEL.PEMBELIAN SET namasupplier = 'ey' WHERE nomornota='nota3';
UPDATE SILUTEL.PEMBELIAN SET namasupplier = 'M2' WHERE nomornota='nota5';
UPDATE SILUTEL.PEMBELIAN SET namasupplier = 'ey' WHERE nomornota='nota6';
UPDATE SILUTEL.PEMBELIAN SET namasupplier = 'M2' WHERE nomornota='nota10';
UPDATE SILUTEL.PEMBELIAN SET namasupplier = 'M2' WHERE nomornota='nota13';
UPDATE SILUTEL.PEMBELIAN SET namasupplier = 'ey' WHERE nomornota='nota14';

insert into silutel.invoice values ( 'invoi1' , '2016-05-27 15:04:56' , '2016-05-29 19:42:49' ,  11132 ,  'KsvL'        ,        0 , 31417 );
insert into silutel.invoice values ( 'invoi2' , '2016-05-27 04:38:03' , '2016-05-28 12:39:40' ,   4857 ,  'KsvL'          ,        0 , 20656 );
insert into silutel.invoice values ( 'invoi3' , '2016-05-27 22:30:09' , '2016-05-27 03:59:21' ,  22524 ,  'KsvL'              ,        0 ,  5118 );
insert into silutel.invoice values ( 'invoi4' , '2016-05-27 01:15:03' , '2016-05-29 15:19:16' ,   19869 ,  'KsvL' ,        0 , 38337 );
insert into silutel.invoice values ( 'invoi5' , '2016-05-27 16:04:56' , '2016-05-29 19:42:49' ,  11132 ,  'KsvL'        ,        0 , 31417 );
insert into silutel.invoice values ( 'invoi6' , '2016-05-27 08:38:03' , '2016-05-28 12:39:40' ,   4857 ,  'KsvL'          ,        0 , 20656 );
insert into silutel.invoice values ( 'invoi7' , '2016-05-27 23:30:09' , '2016-05-27 03:59:21' ,  22524 ,  'KsvL'              ,        0 ,  5118 );
insert into silutel.invoice values ( 'invoi8' , '2016-05-27 02:15:03' , '2016-05-29 15:19:16' ,   19869 , 'KsvL' ,        0 , 38337 );
insert into silutel.invoice values ( 'invoi9' , '2016-05-27 15:04:56' , '2016-05-29 19:42:49' ,  11132 ,  'KsvL'        ,        0 , 31417 );
insert into silutel.invoice values ( 'invo10' , '2016-05-27 04:38:03' , '2016-05-28 12:39:40' ,   4857 ,  'KsvL'          ,        0 , 20656 );
insert into silutel.invoice values ( 'invo11' , '2016-05-27 22:30:09' , '2016-05-27 03:59:21' ,  22524 ,  'KsvL'              ,        0 ,  5118 );
insert into silutel.invoice values ( 'invo12' , '2016-05-27 01:15:03' , '2016-05-29 15:19:16' ,   19869 , 'KsvL' ,        0 , 38337 );
insert into silutel.invoice values ( 'invo13' , '2016-05-27 16:04:56' , '2016-05-29 19:42:49' ,  11132 ,  'KsvL'        ,        0 , 31417 );
insert into silutel.invoice values ( 'invo14' , '2016-05-27 08:38:03' , '2016-05-28 12:39:40' ,   4857 ,  'KsvL'          ,        0 , 20656 );
insert into silutel.invoice values ( 'invo15' , '2016-05-27 21:30:09' , '2016-05-27 03:59:21' ,  22524 ,  'KsvL'              ,        0 ,  5118 );
insert into silutel.invoice values ( 'invo16' , '2016-05-27 02:15:03' , '2016-05-29 15:19:16' ,   19869 , 'KsvL' ,        0 , 38337 );

insert into silutel.invoice values ( 'Minvo1' , '2016-05-27 15:04:56' , '2016-05-29 19:42:49' ,  11132 , 'tjYwCn'        ,        0 , 31417 );
insert into silutel.invoice values ( 'Minvo2' , '2016-05-27 04:38:03' , '2016-05-28 12:39:40' ,   4857 , 'tjYwCn'          ,        0 , 20656 );
insert into silutel.invoice values ( 'Minvo3' , '2016-05-27 22:30:09' , '2016-05-27 03:59:21' ,  22524 , 'tjYwCn'              ,        0 ,  5118 );
insert into silutel.invoice values ( 'Minvo4' , '2016-05-27 01:15:03' , '2016-05-29 15:19:16' ,   19869 , 'tjYwCn' ,        0 , 38337 );
insert into silutel.invoice values ( 'Minvo5' , '2016-05-27 16:04:56' , '2016-05-29 19:42:49' ,  11132 , 'tjYwCn'        ,        0 , 31417 );
insert into silutel.invoice values ( 'Minvo6' , '2016-05-27 08:38:03' , '2016-05-28 12:39:40' ,   4857 , 'tjYwCn'          ,        0 , 20656 );
insert into silutel.invoice values ( 'Minvo7' , '2016-05-27 21:30:09' , '2016-05-27 03:59:21' ,  22524 , 'tjYwCn'              ,        0 ,  5118 );
insert into silutel.invoice values ( 'Minvo8' , '2016-05-27 02:15:03' , '2016-05-29 15:19:16' ,   19869 , 'tjYwCn' ,        0 , 38337 );
insert into silutel.invoice values ( 'Minvo9' , '2016-05-27 15:04:56' , '2016-05-29 19:42:49' ,  11132 , 'tjYwCn'        ,        0 , 31417 );
insert into silutel.invoice values ( 'Minv10' , '2016-05-27 04:38:03' , '2016-05-28 12:39:40' ,   4857 , 'tjYwCn'          ,        0 , 20656 );
insert into silutel.invoice values ( 'Minv11' , '2016-05-27 22:30:09' , '2016-05-27 03:59:21' ,  22524 , 'tjYwCn'              ,        0 ,  5118 );
insert into silutel.invoice values ( 'Minv12' , '2016-05-27 01:15:03' , '2016-05-29 15:19:16' ,   19869 , 'tjYwCn' ,        0 , 38337 );
insert into silutel.invoice values ( 'Minv13' , '2016-05-27 16:04:56' , '2016-05-29 19:42:49' ,  11132 , 'tjYwCn'        ,        0 , 31417 );
insert into silutel.invoice values ( 'Minv14' , '2016-05-27 08:38:03' , '2016-05-28 12:39:40' ,   4857 , 'tjYwCn'          ,        0 , 20656 );
insert into silutel.invoice values ( 'Minv15' , '2016-05-27 25:30:09' , '2016-05-27 03:59:21' ,  22524 , 'tjYwCn'              ,        0 ,  5118 );
insert into silutel.invoice values ( 'Minv16' , '2016-05-27 02:15:03' , '2016-05-29 15:19:16' ,   19869 , 'tjYwCn' ,        0 , 38337 );

insert into silutel.invoice values ( 'invo1M' , '2016-05-27 15:04:56' , '2016-05-29 19:42:49' ,  11132 , 'Y3IQ7pW5C'        ,        0 , 31417 );
insert into silutel.invoice values ( 'invo2M' , '2016-05-27 04:38:03' , '2016-05-28 12:39:40' ,   4857 , 'Y3IQ7pW5C'          ,        0 , 20656 );
insert into silutel.invoice values ( 'invo3M' , '2016-05-27 22:30:09' , '2016-05-27 03:59:21' ,  22524 , 'Y3IQ7pW5C'              ,        0 ,  5118 );
insert into silutel.invoice values ( 'invo4M' , '2016-05-27 01:15:03' , '2016-05-29 15:19:16' ,   19869 , 'Y3IQ7pW5C' ,        0 , 38337 );
insert into silutel.invoice values ( 'invo5M' , '2016-05-27 16:04:56' , '2016-05-29 19:42:49' ,  11132 , 'Y3IQ7pW5C'        ,        0 , 31417 );
insert into silutel.invoice values ( 'invo6M' , '2016-05-27 08:38:03' , '2016-05-28 12:39:40' ,   4857 , 'Y3IQ7pW5C'          ,        0 , 20656 );
insert into silutel.invoice values ( 'invo7M' , '2016-05-27 21:30:09' , '2016-05-27 03:59:21' ,  22524 , 'Y3IQ7pW5C'              ,        0 ,  5118 );
insert into silutel.invoice values ( 'invo8m' , '2016-05-27 02:15:03' , '2016-05-29 15:19:16' ,   19869 , 'Y3IQ7pW5C' ,        0 , 38337 );
insert into silutel.invoice values ( 'invo9m' , '2016-05-27 15:04:56' , '2016-05-29 19:42:49' ,  11132 , 'Y3IQ7pW5C'        ,        0 , 31417 );
insert into silutel.invoice values ( 'inv10m' , '2016-05-27 04:38:03' , '2016-05-28 12:39:40' ,   4857 , 'Y3IQ7pW5C'          ,        0 , 20656 );
insert into silutel.invoice values ( 'inv11m' , '2016-05-27 22:30:09' , '2016-05-27 03:59:21' ,  22524 , 'Y3IQ7pW5C'              ,        0 ,  5118 );
insert into silutel.invoice values ( 'inv12m' , '2016-05-27 01:15:03' , '2016-05-29 15:19:16' ,   19869 , 'Y3IQ7pW5C' ,        0 , 38337 );
insert into silutel.invoice values ( 'inv13m' , '2016-05-27 16:04:56' , '2016-05-29 19:42:49' ,  11132 , 'Y3IQ7pW5C'        ,        0 , 31417 );
insert into silutel.invoice values ( 'inv14m' , '2016-05-27 08:38:03' , '2016-05-28 12:39:40' ,   4857 , 'Y3IQ7pW5C'          ,        0 , 20656 );
insert into silutel.invoice values ( 'inv15m' , '2016-05-27 21:30:09' , '2016-05-27 03:59:21' ,  22524 , 'Y3IQ7pW5C'              ,        0 ,  5118 );
insert into silutel.invoice values ( 'inv16m' , '2016-05-27 02:15:03' , '2016-05-29 15:19:16' ,   19869 , 'Y3IQ7pW5C' ,        0 , 38337 );


INSERT INTO SILUTEL.USER VALUES('laundry@silutel.com','vrIAlIqvjxPh','pZWF29vYnK0xO7','laundry','LA');
INSERT INTO SILUTEL.STAF_LAUNDRY VALUES('laundry@silutel.com',82);

INSERT INTO SILUTEL.USER VALUES('inventori@silutel.com','vrIAjxPh','pZWF29K0xO7','inventori','IN');
INSERT INTO SILUTEL.STAF_INVENTORI_KAMAR VALUES('inventori@silutel.com',201);

INSERT INTO SILUTEL.USER VALUES('manager@silutel.com','vrIAjxPh','pZWF29K0xO7','manager','MG');
INSERT INTO SILUTEL.STAF_INVENTORI_KAMAR VALUES('manager@silutel.com',201);

INSERT INTO SILUTEL.USER VALUES('dadu@silutel.com','vrIAjxPh','pZWF29K0xO7','dadu','DA');
INSERT INTO SILUTEL.STAF_INVENTORI_KAMAR VALUES('dadu@silutel.com',201);

INSERT INTO SILUTEL.STAF_MENGGANTI_INVENTORI VALUES('1pJQUODZ','MWXOnctug','manager@silutel.com','2016-05-19 17:32:57',20,'testing lagi');